listing_id,amenity_name,amenity_category
1411811,Bathtub,Bathroom
1411811,Hair dryer,Bathroom
1411811,Hot water,Bathroom
1411811,Dryer,Bedroom and laundry
1411811,Hangers,Bedroom and laundry
1411811,Bed linens,Bedroom and laundry
1411811,Extra pillows and blankets,Bedroom and laundry
1411811,Iron,Bedroom and laundry
1411811,TV,Entertainment
1411811,Babysitter recommendations,Family
1411811,Air conditioning,Heating and cooling
1411811,Heating,Heating and cooling
1411811,Smoke alarm,Home safety
1411811,Wifi,Internet and office
1411811,Dedicated workspace,Internet and office
1411811,Kitchen,Kitchen and dining
1411811,Refrigerator,Kitchen and dining
1411811,Cooking basics,Kitchen and dining
1411811,Dishes and silverware,Kitchen and dining
1411811,Stove,Kitchen and dining
1411811,Oven,Kitchen and dining
1411811,Coffee maker,Kitchen and dining
1411811,Free street parking,Parking and facilities
1411811,Self check-in,Services
1411811,Keypad,Services
1411811,Washer,Not included
1411811,Essentials,Not included
1411811,Carbon monoxide alarm,Not included
1177473168936527770,Bathtub,Bathroom
1177473168936527770,Hair dryer,Bathroom
1177473168936527770,Shampoo,Bathroom
1177473168936527770,Conditioner,Bathroom
1177473168936527770,Body soap,Bathroom
1177473168936527770,Hot water,Bathroom
1177473168936527770,Shower gel,Bathroom
1177473168936527770,Essentials,Bedroom and laundry
1177473168936527770,Hangers,Bedroom and laundry
1177473168936527770,Bed linens,Bedroom and laundry
1177473168936527770,Room-darkening shades,Bedroom and laundry
1177473168936527770,Iron,Bedroom and laundry
1177473168936527770,TV,Entertainment
1177473168936527770,Pack ’n play/Travel crib - available upon request,Family
1177473168936527770,Air conditioning,Heating and cooling
1177473168936527770,Heating,Heating and cooling
1177473168936527770,Smoke alarm,Home safety
1177473168936527770,Carbon monoxide alarm,Home safety
1177473168936527770,Fast wifi – 150 Mbps,Internet and office
1177473168936527770,Dedicated workspace,Internet and office
1177473168936527770,Microwave,Kitchen and dining
1177473168936527770,Mini fridge,Kitchen and dining
1177473168936527770,Coffee maker,Kitchen and dining
1177473168936527770,Wine glasses,Kitchen and dining
1177473168936527770,Coffee,Kitchen and dining
1177473168936527770,Laundromat nearby,Location features
1177473168936527770,Elevator,Parking and facilities
1177473168936527770,Shared gym in building,Parking and facilities
1177473168936527770,Paid parking off premises,Parking and facilities
1177473168936527770,Pets allowed,Services
1177473168936527770,Self check-in,Services
1177473168936527770,Smart lock,Services
1177473168936527770,Housekeeping - available at extra cost,Services
1177473168936527770,Kitchen,Not included
1177473168936527770,Washer,Not included
1177473168936527770,Private entrance,Not included
1102123641767898783,Hair dryer,Bathroom
1102123641767898783,Shampoo,Bathroom
1102123641767898783,Body soap,Bathroom
1102123641767898783,Essentials,Bedroom and laundry
1102123641767898783,Hangers,Bedroom and laundry
1102123641767898783,Bed linens,Bedroom and laundry
1102123641767898783,Iron,Bedroom and laundry
1102123641767898783,Safe,Bedroom and laundry
1102123641767898783,TV,Entertainment
1102123641767898783,Ping pong table,Entertainment
1102123641767898783,Air conditioning,Heating and cooling
1102123641767898783,Smoke alarm,Home safety
1102123641767898783,Carbon monoxide alarm,Home safety
1102123641767898783,Wifi,Internet and office
1102123641767898783,Dedicated workspace,Internet and office
1102123641767898783,Elevator,Parking and facilities
1102123641767898783,Long term stays allowed,Services
1102123641767898783,Host greets you,Services
1102123641767898783,Kitchen,Not included
1102123641767898783,Washer,Not included
1102123641767898783,Private entrance,Not included
1102123641767898783,Heating,Not included
1491324701840057798,Hair dryer,Bathroom
1491324701840057798,Shampoo,Bathroom
1491324701840057798,Conditioner,Bathroom
1491324701840057798,Hot water,Bathroom
1491324701840057798,Shower gel,Bathroom
1491324701840057798,Essentials,Bedroom and laundry
1491324701840057798,Bed linens,Bedroom and laundry
1491324701840057798,Room-darkening shades,Bedroom and laundry
1491324701840057798,Iron,Bedroom and laundry
1491324701840057798,TV,Entertainment
1491324701840057798,Crib,Family
1491324701840057798,Air conditioning,Heating and cooling
1491324701840057798,Heating,Heating and cooling
1491324701840057798,Smoke alarm,Home safety
1491324701840057798,Carbon monoxide alarm,Home safety
44476913,Cleaning products,Bathroom
1491324701840057798,Wifi,Internet and office
1491324701840057798,Elevator,Parking and facilities
1491324701840057798,Gym,Parking and facilities
1491324701840057798,Paid parking on premises,Parking and facilities
1491324701840057798,Luggage dropoff allowed,Services
1491324701840057798,Self check-in,Services
1491324701840057798,Building staff,Services
1491324701840057798,Kitchen,Not included
1491324701840057798,Washer,Not included
1491324701840057798,Private entrance,Not included
50287920,City skyline view,Scenic views
50287920,Bathtub,Bathroom
50287920,Hair dryer,Bathroom
50287920,Cleaning products,Bathroom
50287920,Shampoo,Bathroom
50287920,Conditioner,Bathroom
50287920,Body soap,Bathroom
50287920,Hot water,Bathroom
50287920,Shower gel,Bathroom
50287920,Essentials,Bedroom and laundry
50287920,Hangers,Bedroom and laundry
50287920,Bed linens,Bedroom and laundry
50287920,Extra pillows and blankets,Bedroom and laundry
50287920,Room-darkening shades,Bedroom and laundry
50287920,Iron,Bedroom and laundry
50287920,Clothing storage: closet,Bedroom and laundry
50287920,Ethernet connection,Entertainment
50287920,"43 inch TV with Amazon Prime Video, Disney+, Hulu, Netflix, Roku",Entertainment
50287920,"Exercise equipment: free weights, stationary bike, yoga mat",Entertainment
50287920,Books and reading material,Entertainment
50287920,Central air conditioning,Heating and cooling
50287920,Window AC unit,Heating and cooling
50287920,Central heating,Heating and cooling
50287920,Portable heater,Heating and cooling
50287920,Smoke alarm,Home safety
50287920,Carbon monoxide alarm,Home safety
50287920,Fire extinguisher,Home safety
50287920,First aid kit,Home safety
50287920,Fast wifi – 602 Mbps,Internet and office
50287920,Dedicated workspace,Internet and office
50287920,Kitchen,Kitchen and dining
50287920,Refrigerator,Kitchen and dining
50287920,Microwave,Kitchen and dining
50287920,Cooking basics,Kitchen and dining
50287920,Dishes and silverware,Kitchen and dining
50287920,Freezer,Kitchen and dining
50287920,Dishwasher,Kitchen and dining
50287920,Stove,Kitchen and dining
50287920,Oven,Kitchen and dining
50287920,Hot water kettle,Kitchen and dining
50287920,Coffee maker: Keurig coffee machine,Kitchen and dining
50287920,Wine glasses,Kitchen and dining
50287920,Toaster,Kitchen and dining
50287920,Baking sheet,Kitchen and dining
50287920,Blender,Kitchen and dining
50287920,Rice maker,Kitchen and dining
50287920,Barbecue utensils,Kitchen and dining
50287920,Dining table,Kitchen and dining
50287920,Coffee,Kitchen and dining
50287920,Laundromat nearby,Location features
50287920,Private patio or balcony,Outdoor
50287920,Private backyard – Fully fenced,Outdoor
50287920,Outdoor furniture,Outdoor
50287920,Private BBQ grill: charcoal,Outdoor
50287920,Sun loungers,Outdoor
50287920,Free parking on premises,Parking and facilities
50287920,Free street parking,Parking and facilities
50287920,Luggage dropoff allowed,Services
50287920,Smoking allowed,Services
50287920,Self check-in,Services
50287920,Lockbox,Services
50287920,Lock on bedroom door,Privacy and safety
50287920,Exterior security cameras on property,Privacy and safety
50287920,Washer,Privacy and safety
50287920,Dryer,Privacy and safety
8054651,Bathtub,Bathroom
8054651,Hair dryer,Bathroom
8054651,Cleaning products,Bathroom
8054651,Shampoo,Bathroom
8054651,Conditioner,Bathroom
8054651,Body soap,Bathroom
8054651,Hot water,Bathroom
8054651,Shower gel,Bathroom
8054651,Essentials,Bedroom and laundry
8054651,Hangers,Bedroom and laundry
8054651,Bed linens,Bedroom and laundry
8054651,Extra pillows and blankets,Bedroom and laundry
8054651,Room-darkening shades,Bedroom and laundry
8054651,Iron,Bedroom and laundry
8054651,Clothing storage,Bedroom and laundry
8054651,Books and reading material,Entertainment
8054651,Air conditioning,Heating and cooling
8054651,Portable fans,Heating and cooling
8054651,Heating,Heating and cooling
8054651,Lock on bedroom door,Privacy and safety
8054651,Exterior security cameras on property,Privacy and safety
8054651,Smoke alarm,Privacy and safety
8054651,Carbon monoxide alarm,Privacy and safety
8054651,Fire extinguisher,Privacy and safety
8054651,First aid kit,Privacy and safety
8054651,Wifi,Internet and office
8054651,Dedicated workspace,Internet and office
8054651,Kitchen,Kitchen and dining
8054651,Refrigerator,Kitchen and dining
8054651,Microwave,Kitchen and dining
8054651,Cooking basics,Kitchen and dining
8054651,Dishes and silverware,Kitchen and dining
8054651,Freezer,Kitchen and dining
8054651,Stove,Kitchen and dining
8054651,Oven,Kitchen and dining
8054651,Hot water kettle,Kitchen and dining
8054651,Coffee maker,Kitchen and dining
8054651,Wine glasses,Kitchen and dining
8054651,Toaster,Kitchen and dining
8054651,Baking sheet,Kitchen and dining
8054651,Blender,Kitchen and dining
8054651,Dining table,Kitchen and dining
8054651,Coffee,Kitchen and dining
8054651,Laundromat nearby,Location features
8054651,Patio or balcony,Outdoor
8054651,Outdoor furniture,Outdoor
8054651,Outdoor dining area,Outdoor
8054651,Free street parking,Parking and facilities
8054651,Luggage dropoff allowed,Services
8054651,Self check-in,Services
8054651,Keypad,Services
8054651,TV,Not included
8054651,Washer,Not included
8054651,Dryer,Not included
1213312688643568568,Hair dryer,Bathroom
1213312688643568568,Shampoo,Bathroom
1213312688643568568,Conditioner,Bathroom
1213312688643568568,Hot water,Bathroom
1213312688643568568,Shower gel,Bathroom
1213312688643568568,Essentials,Bedroom and laundry
1213312688643568568,Bed linens,Bedroom and laundry
1213312688643568568,Room-darkening shades,Bedroom and laundry
1213312688643568568,Iron,Bedroom and laundry
1213312688643568568,TV,Entertainment
1213312688643568568,Air conditioning,Heating and cooling
1213312688643568568,Heating,Heating and cooling
1213312688643568568,Smoke alarm,Home safety
1213312688643568568,Wifi,Internet and office
1213312688643568568,Dedicated workspace,Internet and office
1213312688643568568,Elevator,Parking and facilities
1213312688643568568,Gym,Parking and facilities
1213312688643568568,Luggage dropoff allowed,Services
1213312688643568568,Self check-in,Services
1213312688643568568,Building staff,Services
1213312688643568568,Kitchen,Not included
1213312688643568568,Washer,Not included
1213312688643568568,Carbon monoxide alarm,Not included
1213312688643568568,Private entrance,Not included
658772827164292906,Hair dryer,Bathroom
658772827164292906,Cleaning products,Bathroom
658772827164292906,Shampoo,Bathroom
658772827164292906,Conditioner,Bathroom
658772827164292906,Body soap,Bathroom
658772827164292906,Hot water,Bathroom
658772827164292906,Shower gel,Bathroom
658772827164292906,Washer,Bedroom and laundry
658772827164292906,Dryer,Bedroom and laundry
658772827164292906,Essentials,Bedroom and laundry
658772827164292906,Hangers,Bedroom and laundry
658772827164292906,Bed linens,Bedroom and laundry
658772827164292906,Extra pillows and blankets,Bedroom and laundry
658772827164292906,Room-darkening shades,Bedroom and laundry
658772827164292906,Iron,Bedroom and laundry
658772827164292906,Safe,Bedroom and laundry
658772827164292906,Clothing storage: dresser,Bedroom and laundry
658772827164292906,TV,Entertainment
658772827164292906,Sound system,Entertainment
658772827164292906,Books and reading material,Entertainment
658772827164292906,Window AC unit,Heating and cooling
658772827164292906,Central heating,Heating and cooling
658772827164292906,Lock on bedroom door,Privacy and safety
658772827164292906,Smoke alarm,Privacy and safety
658772827164292906,First aid kit,Privacy and safety
658772827164292906,Wifi,Internet and office
658772827164292906,Kitchen,Kitchen and dining
658772827164292906,Refrigerator,Kitchen and dining
658772827164292906,Microwave,Kitchen and dining
658772827164292906,Cooking basics,Kitchen and dining
658772827164292906,Dishes and silverware,Kitchen and dining
658772827164292906,Freezer,Kitchen and dining
658772827164292906,Dishwasher,Kitchen and dining
658772827164292906,Stove,Kitchen and dining
658772827164292906,Oven,Kitchen and dining
658772827164292906,Coffee maker,Kitchen and dining
658772827164292906,Wine glasses,Kitchen and dining
658772827164292906,Toaster,Kitchen and dining
658772827164292906,Baking sheet,Kitchen and dining
658772827164292906,Blender,Kitchen and dining
658772827164292906,Trash compactor,Kitchen and dining
658772827164292906,Coffee,Kitchen and dining
658772827164292906,Self check-in,Services
658772827164292906,Keypad,Services
658772827164292906,Exterior security cameras on property,Not included
658772827164292906,Carbon monoxide alarm,Not included
1393719303728971026,Hair dryer,Bathroom
1393719303728971026,Cleaning products,Bathroom
1393719303728971026,Shampoo,Bathroom
1393719303728971026,Body soap,Bathroom
1393719303728971026,Hot water,Bathroom
1393719303728971026,Shower gel,Bathroom
1393719303728971026,Essentials,Bedroom and laundry
1393719303728971026,Hangers,Bedroom and laundry
44476913,Shampoo,Bathroom
1393719303728971026,Bed linens,Bedroom and laundry
1393719303728971026,Extra pillows and blankets,Bedroom and laundry
1393719303728971026,Room-darkening shades,Bedroom and laundry
1393719303728971026,Iron,Bedroom and laundry
1393719303728971026,TV,Entertainment
1393719303728971026,Air conditioning,Heating and cooling
1393719303728971026,Ceiling fan,Heating and cooling
1393719303728971026,Central heating,Heating and cooling
1393719303728971026,Lock on bedroom door,Privacy and safety
1393719303728971026,Exterior security cameras on property,Privacy and safety
1393719303728971026,Smoke alarm,Privacy and safety
1393719303728971026,Carbon monoxide alarm,Privacy and safety
1393719303728971026,Fire extinguisher,Privacy and safety
1393719303728971026,First aid kit,Privacy and safety
1393719303728971026,Wifi,Internet and office
1393719303728971026,Dedicated workspace,Internet and office
1393719303728971026,Kitchen,Kitchen and dining
1393719303728971026,Refrigerator,Kitchen and dining
1393719303728971026,Microwave,Kitchen and dining
1393719303728971026,Cooking basics,Kitchen and dining
1393719303728971026,Dishes and silverware,Kitchen and dining
1393719303728971026,Freezer,Kitchen and dining
1393719303728971026,Dishwasher,Kitchen and dining
1393719303728971026,Stove,Kitchen and dining
1393719303728971026,Oven,Kitchen and dining
1393719303728971026,Hot water kettle,Kitchen and dining
1393719303728971026,Coffee maker: Keurig coffee machine,Kitchen and dining
1393719303728971026,Wine glasses,Kitchen and dining
1393719303728971026,Toaster,Kitchen and dining
1393719303728971026,Baking sheet,Kitchen and dining
1393719303728971026,Trash compactor,Kitchen and dining
1393719303728971026,Dining table,Kitchen and dining
1393719303728971026,Coffee,Kitchen and dining
1393719303728971026,Laundromat nearby,Location features
1393719303728971026,Paid street parking off premises,Parking and facilities
1393719303728971026,Luggage dropoff allowed,Services
1393719303728971026,Self check-in,Services
1393719303728971026,Keypad,Services
1393719303728971026,Housekeeping available from 11:30 AM to 4:00 AM,Services
1393719303728971026,Washer,Not included
1393719303728971026,Dryer,Not included
1226899584080273038,Bathtub,Bathroom
1226899584080273038,Hair dryer,Bathroom
1226899584080273038,Cleaning products,Bathroom
1226899584080273038,Hot water,Bathroom
1226899584080273038,Hangers,Bedroom and laundry
1226899584080273038,Bed linens,Bedroom and laundry
1226899584080273038,Extra pillows and blankets,Bedroom and laundry
1226899584080273038,Room-darkening shades,Bedroom and laundry
1226899584080273038,Iron,Bedroom and laundry
1226899584080273038,Clothing storage,Bedroom and laundry
1226899584080273038,Books and reading material,Entertainment
1226899584080273038,Air conditioning,Heating and cooling
1226899584080273038,Portable fans,Heating and cooling
1226899584080273038,Radiant heating,Heating and cooling
1226899584080273038,Lock on bedroom door,Privacy and safety
1226899584080273038,Exterior security cameras on property,Privacy and safety
1226899584080273038,Smoke alarm,Privacy and safety
1226899584080273038,Carbon monoxide alarm,Privacy and safety
1226899584080273038,Fire extinguisher,Privacy and safety
1226899584080273038,First aid kit,Privacy and safety
1226899584080273038,Wifi,Internet and office
1226899584080273038,Dedicated workspace,Internet and office
1226899584080273038,Kitchen,Kitchen and dining
1226899584080273038,Refrigerator,Kitchen and dining
1226899584080273038,Microwave,Kitchen and dining
1226899584080273038,Cooking basics,Kitchen and dining
1226899584080273038,Dishes and silverware,Kitchen and dining
1226899584080273038,Freezer,Kitchen and dining
1226899584080273038,Stove,Kitchen and dining
1226899584080273038,Oven,Kitchen and dining
1226899584080273038,Hot water kettle,Kitchen and dining
1226899584080273038,Wine glasses,Kitchen and dining
1226899584080273038,Toaster,Kitchen and dining
1226899584080273038,Dining table,Kitchen and dining
1226899584080273038,Laundromat nearby,Location features
1226899584080273038,Private backyard,Outdoor
1226899584080273038,Outdoor furniture,Outdoor
1226899584080273038,Outdoor dining area,Outdoor
1226899584080273038,Free street parking,Parking and facilities
1226899584080273038,Luggage dropoff allowed,Services
1226899584080273038,Long term stays allowed,Services
1226899584080273038,Self check-in,Services
1226899584080273038,Smart lock,Services
1226899584080273038,Cleaning available during stay,Services
1226899584080273038,TV,Not included
1226899584080273038,Washer,Not included
1226899584080273038,Dryer,Not included
1226899584080273038,Essentials,Not included
752124417745502491,Hair dryer,Bathroom
752124417745502491,Shampoo,Bathroom
752124417745502491,Hot water,Bathroom
752124417745502491,Essentials,Bedroom and laundry
752124417745502491,Hangers,Bedroom and laundry
752124417745502491,Bed linens,Bedroom and laundry
752124417745502491,Room-darkening shades,Bedroom and laundry
752124417745502491,Iron,Bedroom and laundry
752124417745502491,TV,Entertainment
752124417745502491,Air conditioning,Heating and cooling
752124417745502491,Heating,Heating and cooling
752124417745502491,Noise decibel monitors on property,Home safety
752124417745502491,Smoke alarm,Home safety
752124417745502491,Carbon monoxide alarm,Home safety
752124417745502491,Fire extinguisher,Home safety
752124417745502491,First aid kit,Home safety
752124417745502491,Wifi,Internet and office
752124417745502491,Dedicated workspace,Internet and office
752124417745502491,Refrigerator,Kitchen and dining
752124417745502491,Microwave,Kitchen and dining
752124417745502491,Dishes and silverware,Kitchen and dining
752124417745502491,Coffee maker,Kitchen and dining
752124417745502491,Elevator,Parking and facilities
752124417745502491,Paid parking off premises,Parking and facilities
752124417745502491,Pets allowed,Services
752124417745502491,Long term stays allowed,Services
752124417745502491,Self check-in,Services
752124417745502491,Smart lock,Services
752124417745502491,Housekeeping available every day,Services
752124417745502491,Kitchen,Not included
752124417745502491,Washer,Not included
752124417745502491,Private entrance,Not included
1359703325354680777,Bathtub,Bathroom
1359703325354680777,Hair dryer,Bathroom
1359703325354680777,Cleaning products,Bathroom
1359703325354680777,Shampoo,Bathroom
1359703325354680777,Conditioner,Bathroom
1359703325354680777,Body soap,Bathroom
1359703325354680777,Hot water,Bathroom
1359703325354680777,Shower gel,Bathroom
1359703325354680777,Paid washer – In building,Bedroom and laundry
1359703325354680777,Paid dryer – In building,Bedroom and laundry
1359703325354680777,Hangers,Bedroom and laundry
1359703325354680777,Bed linens,Bedroom and laundry
1359703325354680777,Extra pillows and blankets,Bedroom and laundry
1359703325354680777,Iron,Bedroom and laundry
1359703325354680777,Drying rack for clothing,Bedroom and laundry
1359703325354680777,Clothing storage,Bedroom and laundry
1359703325354680777,TV,Entertainment
1359703325354680777,Heating,Heating and cooling
1359703325354680777,Lock on bedroom door,Privacy and safety
1359703325354680777,Exterior security cameras on property,Privacy and safety
1359703325354680777,Smoke alarm,Privacy and safety
1359703325354680777,Carbon monoxide alarm,Privacy and safety
1359703325354680777,Fire extinguisher,Privacy and safety
1359703325354680777,First aid kit,Privacy and safety
1359703325354680777,Wifi,Internet and office
1359703325354680777,Dedicated workspace,Internet and office
1359703325354680777,Hot water kettle,Kitchen and dining
1359703325354680777,Coffee maker,Kitchen and dining
1359703325354680777,Coffee,Kitchen and dining
1359703325354680777,Laundromat nearby,Location features
1359703325354680777,Paid street parking off premises,Parking and facilities
1359703325354680777,Luggage dropoff allowed,Services
1359703325354680777,Long term stays allowed,Services
1359703325354680777,Self check-in,Services
1359703325354680777,Smart lock,Services
1359703325354680777,Housekeeping available every day - available at extra cost,Services
1359703325354680777,Kitchen,Not included
1359703325354680777,Air conditioning,Not included
1359703325354680777,Essentials,Not included
1359703325354680777,Private entrance,Not included
1401563439385046117,Hair dryer,Bathroom
1401563439385046117,Cleaning products,Bathroom
1401563439385046117,Shampoo,Bathroom
1401563439385046117,Body soap,Bathroom
1401563439385046117,Hot water,Bathroom
1401563439385046117,Shower gel,Bathroom
1401563439385046117,Paid washer – In unit,Bedroom and laundry
1401563439385046117,Paid dryer – In unit,Bedroom and laundry
1401563439385046117,Essentials,Bedroom and laundry
1401563439385046117,Hangers,Bedroom and laundry
1401563439385046117,Bed linens,Bedroom and laundry
1401563439385046117,Iron,Bedroom and laundry
1401563439385046117,Heating,Heating and cooling
1401563439385046117,Lock on bedroom door,Privacy and safety
1401563439385046117,Exterior security cameras on property,Privacy and safety
1401563439385046117,Smoke alarm,Privacy and safety
1401563439385046117,Carbon monoxide alarm,Privacy and safety
1401563439385046117,Fire extinguisher,Privacy and safety
1401563439385046117,First aid kit,Privacy and safety
1401563439385046117,Wifi,Internet and office
1401563439385046117,Dedicated workspace,Internet and office
1401563439385046117,Kitchen,Kitchen and dining
1401563439385046117,Refrigerator,Kitchen and dining
1401563439385046117,Microwave,Kitchen and dining
1401563439385046117,Cooking basics,Kitchen and dining
1401563439385046117,Dishes and silverware,Kitchen and dining
1401563439385046117,Freezer,Kitchen and dining
1401563439385046117,Stove,Kitchen and dining
1401563439385046117,Oven,Kitchen and dining
1401563439385046117,Hot water kettle,Kitchen and dining
1401563439385046117,Coffee maker,Kitchen and dining
1401563439385046117,Wine glasses,Kitchen and dining
1401563439385046117,Toaster,Kitchen and dining
1401563439385046117,Dining table,Kitchen and dining
1401563439385046117,Patio or balcony,Outdoor
1401563439385046117,Backyard,Outdoor
1401563439385046117,Outdoor dining area,Outdoor
1401563439385046117,Pets allowed,Services
1401563439385046117,Long term stays allowed,Services
1401563439385046117,TV,Not included
1401563439385046117,Air conditioning,Not included
19710742,Bathtub,Bathroom
19710742,Hair dryer,Bathroom
19710742,365 shampoo,Bathroom
19710742,Hot water,Bathroom
19710742,Shower gel,Bathroom
19710742,Essentials,Bedroom and laundry
19710742,Hangers,Bedroom and laundry
19710742,Bed linens,Bedroom and laundry
19710742,Room-darkening shades,Bedroom and laundry
19710742,Iron,Bedroom and laundry
19710742,Clothing storage: closet and dresser,Bedroom and laundry
19710742,Air conditioning,Heating and cooling
19710742,Heating,Heating and cooling
19710742,Lock on bedroom door,Privacy and safety
19710742,Smoke alarm,Privacy and safety
19710742,First aid kit,Privacy and safety
19710742,Wifi,Internet and office
19710742,Kitchen,Kitchen and dining
19710742,Refrigerator,Kitchen and dining
19710742,Microwave,Kitchen and dining
19710742,Cooking basics,Kitchen and dining
19710742,Dishes and silverware,Kitchen and dining
19710742,Freezer,Kitchen and dining
19710742,Stove,Kitchen and dining
19710742,Oven,Kitchen and dining
19710742,Hot water kettle,Kitchen and dining
19710742,Dining table,Kitchen and dining
19710742,Free parking on premises,Parking and facilities
19710742,Free street parking,Parking and facilities
19710742,Long term stays allowed,Services
19710742,Self check-in,Services
19710742,Keypad,Services
19710742,Exterior security cameras on property,Not included
19710742,TV,Not included
19710742,Washer,Not included
19710742,Dryer,Not included
19710742,Carbon monoxide alarm,Not included
1545780467549214924,Hair dryer,Bathroom
1545780467549214924,Cleaning products,Bathroom
1545780467549214924,Shampoo,Bathroom
1545780467549214924,Conditioner,Bathroom
1545780467549214924,Body soap,Bathroom
1545780467549214924,Hot water,Bathroom
1545780467549214924,Shower gel,Bathroom
1545780467549214924,Washer,Bedroom and laundry
1545780467549214924,Essentials,Bedroom and laundry
1545780467549214924,Hangers,Bedroom and laundry
1545780467549214924,Bed linens,Bedroom and laundry
1545780467549214924,Extra pillows and blankets,Bedroom and laundry
1545780467549214924,Room-darkening shades,Bedroom and laundry
1545780467549214924,Iron,Bedroom and laundry
1545780467549214924,Clothing storage,Bedroom and laundry
1545780467549214924,TV,Entertainment
1545780467549214924,Air conditioning,Heating and cooling
1545780467549214924,Heating,Heating and cooling
1545780467549214924,Exterior security cameras on property,Home safety
1545780467549214924,Smoke alarm,Home safety
1545780467549214924,Carbon monoxide alarm,Home safety
1545780467549214924,Fire extinguisher,Home safety
1545780467549214924,First aid kit,Home safety
1545780467549214924,Wifi,Internet and office
1545780467549214924,Dedicated workspace,Internet and office
1545780467549214924,Kitchen,Kitchen and dining
1545780467549214924,Refrigerator,Kitchen and dining
1545780467549214924,Microwave,Kitchen and dining
1545780467549214924,Cooking basics,Kitchen and dining
1545780467549214924,Dishes and silverware,Kitchen and dining
1545780467549214924,Freezer,Kitchen and dining
1545780467549214924,Dishwasher,Kitchen and dining
1545780467549214924,Stove,Kitchen and dining
1545780467549214924,Oven,Kitchen and dining
1545780467549214924,Hot water kettle,Kitchen and dining
1545780467549214924,Coffee maker,Kitchen and dining
1545780467549214924,Toaster,Kitchen and dining
1545780467549214924,Baking sheet,Kitchen and dining
1545780467549214924,Blender,Kitchen and dining
1545780467549214924,Dining table,Kitchen and dining
1545780467549214924,Coffee,Kitchen and dining
1545780467549214924,Laundromat nearby,Location features
1545780467549214924,Self check-in,Services
1545780467549214924,Keypad,Services
1545780467549214924,Dryer,Not included
617499038697675576,Hair dryer,Bathroom
617499038697675576,Cleaning products,Bathroom
617499038697675576,Shampoo,Bathroom
617499038697675576,Conditioner,Bathroom
617499038697675576,Body soap,Bathroom
617499038697675576,Hot water,Bathroom
617499038697675576,Shower gel,Bathroom
617499038697675576,Essentials,Bedroom and laundry
617499038697675576,Hangers,Bedroom and laundry
617499038697675576,Bed linens,Bedroom and laundry
617499038697675576,Room-darkening shades,Bedroom and laundry
617499038697675576,Iron,Bedroom and laundry
617499038697675576,Mosquito net,Bedroom and laundry
617499038697675576,Clothing storage: closet and dresser,Bedroom and laundry
617499038697675576,"32 inch HDTV with Amazon Prime Video, Disney+, HBO Max, Hulu, Netflix",Entertainment
617499038697675576,Books and reading material,Entertainment
617499038697675576,Board games,Family
617499038697675576,Window AC unit,Heating and cooling
617499038697675576,Central heating,Heating and cooling
617499038697675576,Lock on bedroom door,Privacy and safety
617499038697675576,Exterior security cameras on property,Privacy and safety
617499038697675576,Smoke alarm,Privacy and safety
617499038697675576,Carbon monoxide alarm,Privacy and safety
617499038697675576,Fire extinguisher,Privacy and safety
617499038697675576,First aid kit,Privacy and safety
617499038697675576,Wifi,Internet and office
617499038697675576,Dedicated workspace,Internet and office
617499038697675576,Kitchen,Kitchen and dining
617499038697675576,Refrigerator,Kitchen and dining
617499038697675576,Microwave,Kitchen and dining
617499038697675576,Cooking basics,Kitchen and dining
617499038697675576,Dishes and silverware,Kitchen and dining
617499038697675576,Mini fridge,Kitchen and dining
617499038697675576,Freezer,Kitchen and dining
617499038697675576,Stove,Kitchen and dining
617499038697675576,Oven,Kitchen and dining
617499038697675576,Hot water kettle,Kitchen and dining
617499038697675576,Coffee maker: drip coffee maker,Kitchen and dining
617499038697675576,Wine glasses,Kitchen and dining
617499038697675576,Toaster,Kitchen and dining
617499038697675576,Baking sheet,Kitchen and dining
617499038697675576,Blender,Kitchen and dining
617499038697675576,Dining table,Kitchen and dining
617499038697675576,Coffee,Kitchen and dining
617499038697675576,Laundromat nearby,Location features
617499038697675576,Shared patio or balcony,Outdoor
617499038697675576,Outdoor furniture,Outdoor
617499038697675576,Outdoor dining area,Outdoor
617499038697675576,Free street parking,Parking and facilities
617499038697675576,Paid street parking off premises,Parking and facilities
617499038697675576,Luggage dropoff allowed,Services
617499038697675576,Long term stays allowed,Services
617499038697675576,Self check-in,Services
617499038697675576,Lockbox,Services
617499038697675576,Cleaning available during stay,Services
617499038697675576,Washer,Not included
617499038697675576,Dryer,Not included
7915305,Bathtub,Bathroom
7915305,Hair dryer,Bathroom
7915305,Cleaning products,Bathroom
7915305,Hot water,Bathroom
7915305,Washer,Bedroom and laundry
7915305,Dryer,Bedroom and laundry
7915305,Essentials,Bedroom and laundry
7915305,Hangers,Bedroom and laundry
7915305,Bed linens,Bedroom and laundry
7915305,TV,Entertainment
7915305,Indoor fireplace,Heating and cooling
7915305,Heating,Heating and cooling
7915305,Smoke alarm,Home safety
7915305,First aid kit,Home safety
7915305,Wifi,Internet and office
7915305,Kitchen,Kitchen and dining
7915305,Refrigerator,Kitchen and dining
7915305,Microwave,Kitchen and dining
7915305,Stove,Kitchen and dining
7915305,Oven,Kitchen and dining
7915305,Patio or balcony,Outdoor
7915305,Free street parking,Parking and facilities
7915305,Lock on bedroom door,Privacy and safety
7915305,Air conditioning,Privacy and safety
7915305,Carbon monoxide alarm,Privacy and safety
1393729124879349876,Essentials,Bedroom and laundry
1393729124879349876,Hangers,Bedroom and laundry
1393729124879349876,Bed linens,Bedroom and laundry
1393729124879349876,Extra pillows and blankets,Bedroom and laundry
1393729124879349876,Room-darkening shades,Bedroom and laundry
1393729124879349876,Iron,Bedroom and laundry
1393729124879349876,Clothing storage,Bedroom and laundry
1393729124879349876,TV,Entertainment
1393729124879349876,Air conditioning,Heating and cooling
1393729124879349876,Heating,Heating and cooling
1393729124879349876,Lock on bedroom door,Privacy and safety
1393729124879349876,Exterior security cameras on property,Privacy and safety
1393729124879349876,Smoke alarm,Privacy and safety
1393729124879349876,Carbon monoxide alarm,Privacy and safety
1393729124879349876,Wifi,Internet and office
1393729124879349876,Dedicated workspace,Internet and office
1393729124879349876,Kitchen,Kitchen and dining
1393729124879349876,Self check-in,Services
1393729124879349876,Keypad,Services
1393729124879349876,Washer,Not included
1393729124879349876,Dryer,Not included
1393729124879349876,Hot water,Not included
13561970,Garden view,Scenic views
13561970,Hair dryer,Bathroom
13561970,Cleaning products,Bathroom
13561970,Shampoo,Bathroom
13561970,Conditioner,Bathroom
13561970,Neutrogena rainbath body soap,Bathroom
13561970,Hot water,Bathroom
13561970,Shower gel,Bathroom
13561970,Essentials,Bedroom and laundry
13561970,Hangers,Bedroom and laundry
13561970,Bed linens,Bedroom and laundry
13561970,Extra pillows and blankets,Bedroom and laundry
13561970,Room-darkening shades,Bedroom and laundry
13561970,Iron,Bedroom and laundry
13561970,Drying rack for clothing,Bedroom and laundry
13561970,Clothing storage: wardrobe and dresser,Bedroom and laundry
13561970,Ethernet connection,Entertainment
13561970,"42 inch HDTV with standard cable, Amazon Prime Video, Netflix, premium cable, Roku",Entertainment
13561970,Books and reading material,Entertainment
13561970,Central air conditioning,Heating and cooling
13561970,AC - split type ductless system,Heating and cooling
13561970,Portable fans,Heating and cooling
13561970,Heating - split type ductless system,Heating and cooling
13561970,Smoke alarm,Home safety
13561970,Carbon monoxide alarm,Home safety
13561970,Fire extinguisher,Home safety
13561970,Fast wifi – 229 Mbps,Internet and office
13561970,Kitchen,Kitchen and dining
13561970,Refrigerator,Kitchen and dining
13561970,Microwave,Kitchen and dining
13561970,Cooking basics,Kitchen and dining
13561970,Dishes and silverware,Kitchen and dining
13561970,Freezer,Kitchen and dining
13561970,Stove,Kitchen and dining
13561970,Stainless steel oven,Kitchen and dining
13561970,Hot water kettle,Kitchen and dining
13561970,Coffee maker: Keurig coffee machine,Kitchen and dining
13561970,Wine glasses,Kitchen and dining
13561970,Toaster,Kitchen and dining
13561970,Baking sheet,Kitchen and dining
13561970,Dining table,Kitchen and dining
13561970,Coffee,Kitchen and dining
13561970,Private entrance,Location features
13561970,Private patio or balcony,Outdoor
13561970,Backyard,Outdoor
13561970,Outdoor furniture,Outdoor
13561970,Outdoor dining area,Outdoor
13561970,Free parking on premises,Parking and facilities
13561970,Free street parking,Parking and facilities
13561970,Private living room,Parking and facilities
13561970,Single level home,Parking and facilities
13561970,Luggage dropoff allowed,Services
13561970,Long term stays allowed,Services
13561970,Host greets you,Services
13561970,Washer,Not included
13561970,Dryer,Not included
1149533863702762999,Bathtub,Bathroom
1149533863702762999,Hair dryer,Bathroom
1149533863702762999,Cleaning products,Bathroom
1149533863702762999,Shampoo,Bathroom
1149533863702762999,Conditioner,Bathroom
1149533863702762999,Hot water,Bathroom
1149533863702762999,Essentials,Bedroom and laundry
1149533863702762999,Hangers,Bedroom and laundry
1149533863702762999,Bed linens,Bedroom and laundry
1149533863702762999,Extra pillows and blankets,Bedroom and laundry
1149533863702762999,Room-darkening shades,Bedroom and laundry
1149533863702762999,Iron,Bedroom and laundry
1149533863702762999,Clothing storage,Bedroom and laundry
1149533863702762999,TV,Entertainment
1149533863702762999,Air conditioning,Heating and cooling
1149533863702762999,Heating,Heating and cooling
1149533863702762999,Smoke alarm,Home safety
1149533863702762999,Carbon monoxide alarm,Home safety
1149533863702762999,Fire extinguisher,Home safety
1149533863702762999,First aid kit,Home safety
1149533863702762999,Wifi,Internet and office
1149533863702762999,Kitchen,Kitchen and dining
1149533863702762999,Wine glasses,Kitchen and dining
1149533863702762999,Dining table,Kitchen and dining
1149533863702762999,Free parking on premises,Parking and facilities
1149533863702762999,Self check-in,Services
1149533863702762999,Keypad,Services
1149533863702762999,Exterior security cameras on property,Not included
1149533863702762999,Washer,Not included
1149533863702762999,Dryer,Not included
1471843879867954435,Bathtub,Bathroom
1471843879867954435,Hair dryer,Bathroom
1471843879867954435,Cleaning products,Bathroom
1471843879867954435,Shampoo,Bathroom
1471843879867954435,Conditioner,Bathroom
1471843879867954435,Body soap,Bathroom
1471843879867954435,Hot water,Bathroom
1471843879867954435,Shower gel,Bathroom
1471843879867954435,Washer,Bedroom and laundry
1471843879867954435,Free dryer – In unit,Bedroom and laundry
1471843879867954435,Hangers,Bedroom and laundry
1471843879867954435,Bed linens,Bedroom and laundry
1471843879867954435,Extra pillows and blankets,Bedroom and laundry
1471843879867954435,Iron,Bedroom and laundry
1471843879867954435,Clothing storage: walk-in closet,Bedroom and laundry
1471843879867954435,TV,Entertainment
1471843879867954435,Exercise equipment,Entertainment
1471843879867954435,Air conditioning,Heating and cooling
1471843879867954435,Central heating,Heating and cooling
1471843879867954435,Smoke alarm,Home safety
1471843879867954435,Carbon monoxide alarm,Home safety
1471843879867954435,Wifi,Internet and office
1471843879867954435,Kitchen,Kitchen and dining
1471843879867954435,Refrigerator,Kitchen and dining
1471843879867954435,Microwave,Kitchen and dining
1471843879867954435,Cooking basics,Kitchen and dining
1471843879867954435,Dishes and silverware,Kitchen and dining
1471843879867954435,Freezer,Kitchen and dining
1471843879867954435,Dishwasher,Kitchen and dining
1471843879867954435,Stove,Kitchen and dining
1471843879867954435,Oven,Kitchen and dining
1471843879867954435,Hot water kettle,Kitchen and dining
1471843879867954435,Coffee maker: drip coffee maker,Kitchen and dining
1471843879867954435,Wine glasses,Kitchen and dining
1471843879867954435,Toaster,Kitchen and dining
1471843879867954435,Baking sheet,Kitchen and dining
1471843879867954435,Dining table,Kitchen and dining
1471843879867954435,Coffee,Kitchen and dining
1471843879867954435,BBQ grill,Outdoor
1471843879867954435,Free parking on premises,Parking and facilities
1471843879867954435,Pool,Parking and facilities
1471843879867954435,Hot tub,Parking and facilities
1471843879867954435,Elevator,Parking and facilities
1471843879867954435,Shared gym in building,Parking and facilities
1471843879867954435,Self check-in,Services
1471843879867954435,Lockbox,Services
1471843879867954435,Exterior security cameras on property,Not included
1471843879867954435,Essentials,Not included
1020325080427729176,Hair dryer,Bathroom
1020325080427729176,Cleaning products,Bathroom
1020325080427729176,Shampoo,Bathroom
1020325080427729176,Conditioner,Bathroom
1020325080427729176,Body soap,Bathroom
1020325080427729176,Hot water,Bathroom
1020325080427729176,Essentials,Bedroom and laundry
1020325080427729176,Hangers,Bedroom and laundry
1020325080427729176,Bed linens,Bedroom and laundry
1020325080427729176,Iron,Bedroom and laundry
1020325080427729176,Drying rack for clothing,Bedroom and laundry
1020325080427729176,Clothing storage,Bedroom and laundry
1020325080427729176,TV,Entertainment
1020325080427729176,Air conditioning,Heating and cooling
1020325080427729176,Heating,Heating and cooling
1020325080427729176,Lock on bedroom door,Privacy and safety
1020325080427729176,Exterior security cameras on property,Privacy and safety
1020325080427729176,Smoke alarm,Privacy and safety
1020325080427729176,Carbon monoxide alarm,Privacy and safety
1020325080427729176,Fire extinguisher,Privacy and safety
1020325080427729176,First aid kit,Privacy and safety
1020325080427729176,Wifi,Internet and office
1020325080427729176,Kitchen,Kitchen and dining
1020325080427729176,Refrigerator,Kitchen and dining
1020325080427729176,Microwave,Kitchen and dining
1020325080427729176,Cooking basics,Kitchen and dining
1020325080427729176,Dishes and silverware,Kitchen and dining
1020325080427729176,Freezer,Kitchen and dining
1020325080427729176,Dishwasher,Kitchen and dining
1020325080427729176,Stove,Kitchen and dining
1020325080427729176,Oven,Kitchen and dining
1020325080427729176,Hot water kettle,Kitchen and dining
1020325080427729176,Coffee maker: Keurig coffee machine,Kitchen and dining
1020325080427729176,Wine glasses,Kitchen and dining
1020325080427729176,Toaster,Kitchen and dining
1020325080427729176,Baking sheet,Kitchen and dining
1020325080427729176,Dining table,Kitchen and dining
1020325080427729176,Coffee,Kitchen and dining
1020325080427729176,Laundromat nearby,Location features
1020325080427729176,Backyard,Outdoor
1020325080427729176,Outdoor furniture,Outdoor
1020325080427729176,Outdoor dining area,Outdoor
1020325080427729176,Free street parking,Parking and facilities
1020325080427729176,Luggage dropoff allowed,Services
1020325080427729176,Self check-in,Services
1020325080427729176,Keypad,Services
1020325080427729176,Washer,Not included
1020325080427729176,Private entrance,Not included
1176169782467978285,Shampoo,Bathroom
1176169782467978285,Conditioner,Bathroom
1176169782467978285,Body soap,Bathroom
1176169782467978285,Hot water,Bathroom
1176169782467978285,Shower gel,Bathroom
1176169782467978285,Hangers,Bedroom and laundry
1176169782467978285,Bed linens,Bedroom and laundry
1176169782467978285,Extra pillows and blankets,Bedroom and laundry
1176169782467978285,Room-darkening shades,Bedroom and laundry
1176169782467978285,Iron,Bedroom and laundry
1176169782467978285,Mosquito net,Bedroom and laundry
1176169782467978285,Clothing storage,Bedroom and laundry
1176169782467978285,TV,Entertainment
1176169782467978285,Air conditioning,Heating and cooling
1176169782467978285,Ceiling fan,Heating and cooling
1176169782467978285,Lock on bedroom door,Privacy and safety
1176169782467978285,Smoke alarm,Privacy and safety
1176169782467978285,Carbon monoxide alarm,Privacy and safety
1176169782467978285,First aid kit,Privacy and safety
1176169782467978285,Wifi,Internet and office
1176169782467978285,Dedicated workspace,Internet and office
1176169782467978285,Kitchen,Kitchen and dining
1176169782467978285,Refrigerator,Kitchen and dining
1176169782467978285,Microwave,Kitchen and dining
1176169782467978285,Dishes and silverware,Kitchen and dining
1176169782467978285,Mini fridge,Kitchen and dining
1176169782467978285,Freezer,Kitchen and dining
1176169782467978285,Stove,Kitchen and dining
1176169782467978285,Oven,Kitchen and dining
1176169782467978285,Hot water kettle,Kitchen and dining
1176169782467978285,Coffee maker,Kitchen and dining
1176169782467978285,Wine glasses,Kitchen and dining
1176169782467978285,Toaster,Kitchen and dining
1176169782467978285,Dining table,Kitchen and dining
1176169782467978285,Coffee,Kitchen and dining
1176169782467978285,Long term stays allowed,Services
1176169782467978285,Self check-in,Services
1176169782467978285,Smart lock,Services
1176169782467978285,Exterior security cameras on property,Not included
1176169782467978285,Washer,Not included
1176169782467978285,Hair dryer,Not included
1176169782467978285,Essentials,Not included
1176169782467978285,Private entrance,Not included
1176169782467978285,Heating,Not included
41216816,Bathtub,Bathroom
41216816,Hair dryer,Bathroom
41216816,Cleaning products,Bathroom
41216816,Shampoo,Bathroom
41216816,Body soap,Bathroom
41216816,Hot water,Bathroom
41216816,Essentials,Bedroom and laundry
41216816,Hangers,Bedroom and laundry
41216816,Bed linens,Bedroom and laundry
41216816,Extra pillows and blankets,Bedroom and laundry
41216816,Room-darkening shades,Bedroom and laundry
41216816,Iron,Bedroom and laundry
41216816,Clothing storage: closet,Bedroom and laundry
41216816,Exercise equipment: free weights,Entertainment
41216816,Board games,Family
41216816,Air conditioning,Heating and cooling
41216816,Ceiling fan,Heating and cooling
41216816,Heating,Heating and cooling
41216816,Lock on bedroom door,Privacy and safety
41216816,Exterior security cameras on property,Privacy and safety
41216816,Smoke alarm,Privacy and safety
41216816,Carbon monoxide alarm,Privacy and safety
41216816,Wifi,Internet and office
41216816,Refrigerator,Kitchen and dining
41216816,Microwave,Kitchen and dining
41216816,Cooking basics,Kitchen and dining
41216816,Dishes and silverware,Kitchen and dining
41216816,Freezer,Kitchen and dining
41216816,Coffee maker,Kitchen and dining
41216816,Dining table,Kitchen and dining
41216816,Private patio or balcony,Outdoor
41216816,Outdoor furniture,Outdoor
41216816,Free street parking,Parking and facilities
41216816,Shared outdoor pool - ,Parking and facilities
41216816,Elevator,Parking and facilities
41216816,Shared gym in building,Parking and facilities
41216816,Luggage dropoff allowed,Services
41216816,Long term stays allowed,Services
41216816,Self check-in,Services
41216816,Lockbox,Services
41216816,Kitchen,Not included
41216816,TV,Not included
41216816,Free washer – In unit,Not included
41216816,Free dryer – In unit,Not included
1356862958825673292,Park view,Scenic views
1356862958825673292,Bathtub,Bathroom
1356862958825673292,Hair dryer,Bathroom
1356862958825673292,Kirkland shampoo,Bathroom
1356862958825673292,Kirkland conditioner,Bathroom
1356862958825673292,Hot water,Bathroom
1356862958825673292,Shower gel,Bathroom
1356862958825673292,Essentials,Bedroom and laundry
1356862958825673292,Hangers,Bedroom and laundry
1356862958825673292,Bed linens,Bedroom and laundry
1356862958825673292,Room-darkening shades,Bedroom and laundry
1356862958825673292,Iron,Bedroom and laundry
1356862958825673292,Clothing storage: dresser,Bedroom and laundry
1356862958825673292,TV,Entertainment
1356862958825673292,Air conditioning,Heating and cooling
1356862958825673292,Heating,Heating and cooling
1356862958825673292,Lock on bedroom door,Privacy and safety
1356862958825673292,Exterior security cameras on property,Privacy and safety
1356862958825673292,Smoke alarm,Privacy and safety
1356862958825673292,Carbon monoxide alarm,Privacy and safety
1356862958825673292,Fire extinguisher,Privacy and safety
1356862958825673292,First aid kit,Privacy and safety
1356862958825673292,Wifi,Internet and office
1356862958825673292,Dedicated workspace,Internet and office
1356862958825673292,Whirpool refrigerator,Kitchen and dining
1356862958825673292,Microwave,Kitchen and dining
1356862958825673292,Cooking basics,Kitchen and dining
1356862958825673292,Dishes and silverware,Kitchen and dining
1356862958825673292,Coffee maker,Kitchen and dining
1356862958825673292,Kitchenette,Kitchen and dining
1356862958825673292,Dining table,Kitchen and dining
1356862958825673292,Coffee,Kitchen and dining
1356862958825673292,Laundromat nearby,Location features
1356862958825673292,Free street parking,Parking and facilities
1356862958825673292,Self check-in,Services
1356862958825673292,Lockbox,Services
1356862958825673292,Kitchen,Not included
1356862958825673292,Washer,Not included
1356862958825673292,Dryer,Not included
8152916,Garden view,Scenic views
8152916,Park view,Scenic views
8152916,Bathtub,Bathroom
8152916,Hair dryer,Bathroom
8152916,Cleaning products,Bathroom
8152916,Tea tree shampoo,Bathroom
8152916,Tea tree conditioner,Bathroom
8152916,Bar and liquid soap  body soap,Bathroom
8152916,Hot water,Bathroom
8152916,Shower gel,Bathroom
8152916,Essentials,Bedroom and laundry
8152916,Hangers,Bedroom and laundry
8152916,Bed linens,Bedroom and laundry
8152916,Extra pillows and blankets,Bedroom and laundry
8152916,Room-darkening shades,Bedroom and laundry
8152916,Iron,Bedroom and laundry
8152916,Clothing storage: wardrobe and dresser,Bedroom and laundry
8152916,Books and reading material,Entertainment
8152916,Board games,Family
8152916,AC - split type ductless system,Heating and cooling
8152916,Heating,Heating and cooling
8152916,Lock on bedroom door,Privacy and safety
8152916,Smoke alarm,Privacy and safety
8152916,Carbon monoxide alarm,Privacy and safety
8152916,Wifi,Internet and office
8152916,Kitchen,Kitchen and dining
8152916,Refrigerator,Kitchen and dining
8152916,Microwave,Kitchen and dining
8152916,Cooking basics,Kitchen and dining
8152916,Dishes and silverware,Kitchen and dining
8152916,Freezer,Kitchen and dining
8152916,Dishwasher,Kitchen and dining
8152916,Frigidaire gas stove,Kitchen and dining
8152916,Oven,Kitchen and dining
8152916,Coffee maker,Kitchen and dining
8152916,Wine glasses,Kitchen and dining
8152916,Toaster,Kitchen and dining
8152916,Dining table,Kitchen and dining
8152916,Self check-in,Services
8152916,Lockbox,Services
8152916,Exterior security cameras on property,Not included
8152916,TV,Not included
8152916,Washer,Not included
8152916,Dryer,Not included
995688738270644813,Hair dryer,Bathroom
995688738270644813,Cleaning products,Bathroom
995688738270644813,Shampoo,Bathroom
995688738270644813,Conditioner,Bathroom
995688738270644813,Body soap,Bathroom
995688738270644813,Hot water,Bathroom
995688738270644813,Shower gel,Bathroom
995688738270644813,Free dryer,Bedroom and laundry
995688738270644813,Essentials,Bedroom and laundry
995688738270644813,Hangers,Bedroom and laundry
995688738270644813,Bed linens,Bedroom and laundry
995688738270644813,Iron,Bedroom and laundry
995688738270644813,Air conditioning,Heating and cooling
995688738270644813,Central heating,Heating and cooling
995688738270644813,Lock on bedroom door,Privacy and safety
995688738270644813,Fire extinguisher,Privacy and safety
995688738270644813,Wifi,Internet and office
995688738270644813,Dedicated workspace,Internet and office
995688738270644813,Kitchen,Kitchen and dining
995688738270644813,Cooking basics,Kitchen and dining
995688738270644813,Dishes and silverware,Kitchen and dining
995688738270644813,Stove,Kitchen and dining
995688738270644813,Coffee maker,Kitchen and dining
995688738270644813,Blender,Kitchen and dining
995688738270644813,Barbecue utensils,Kitchen and dining
995688738270644813,Dining table,Kitchen and dining
995688738270644813,Coffee,Kitchen and dining
995688738270644813,Laundromat nearby,Location features
995688738270644813,Private patio or balcony,Outdoor
995688738270644813,Outdoor dining area,Outdoor
995688738270644813,BBQ grill,Outdoor
995688738270644813,Free street parking,Parking and facilities
995688738270644813,Smoking allowed,Services
995688738270644813,Long term stays allowed,Services
995688738270644813,Self check-in,Services
995688738270644813,Keypad,Services
995688738270644813,Exterior security cameras on property,Not included
995688738270644813,TV,Not included
995688738270644813,Washer,Not included
995688738270644813,Smoke alarm,Not included
995688738270644813,Carbon monoxide alarm,Not included
48200657,Hair dryer,Bathroom
48200657,Cleaning products,Bathroom
48200657,Shampoo,Bathroom
48200657,Conditioner,Bathroom
48200657,Body soap,Bathroom
48200657,Hot water,Bathroom
48200657,Shower gel,Bathroom
48200657,Hangers,Bedroom and laundry
48200657,Bed linens,Bedroom and laundry
48200657,Room-darkening shades,Bedroom and laundry
48200657,Clothing storage: wardrobe,Bedroom and laundry
48200657,Ethernet connection,Entertainment
48200657,"70 inch HDTV with Amazon Prime Video, HBO Max, Netflix, Roku",Entertainment
48200657,Air conditioning,Heating and cooling
48200657,Portable fans,Heating and cooling
48200657,Heating,Heating and cooling
48200657,Exterior security cameras on property,Home safety
48200657,Smoke alarm,Home safety
48200657,Carbon monoxide alarm,Home safety
48200657,Fire extinguisher,Home safety
48200657,First aid kit,Home safety
48200657,Wifi,Internet and office
48200657,Dedicated workspace,Internet and office
48200657,Pocket wifi,Internet and office
48200657,Refrigerator,Kitchen and dining
48200657,Microwave,Kitchen and dining
48200657,Dishes and silverware,Kitchen and dining
48200657,Mini fridge,Kitchen and dining
48200657,Coffee maker: Nespresso,Kitchen and dining
48200657,Wine glasses,Kitchen and dining
48200657,Toaster,Kitchen and dining
48200657,Kitchenette,Kitchen and dining
48200657,Private entrance,Location features
48200657,Laundromat nearby,Location features
48200657,Patio or balcony,Outdoor
48200657,Outdoor furniture,Outdoor
48200657,Sun loungers,Outdoor
48200657,Free parking on premises,Parking and facilities
48200657,Free street parking,Parking and facilities
48200657,Pets allowed,Services
48200657,Long term stays allowed,Services
48200657,Self check-in,Services
48200657,Smart lock,Services
48200657,Kitchen,Not included
48200657,Washer,Not included
48200657,Dryer,Not included
48200657,Essentials,Not included
49946463,City skyline view,Scenic views
49946463,Bathtub,Bathroom
49946463,Hair dryer,Bathroom
49946463,Cleaning products,Bathroom
49946463,Shampoo,Bathroom
49946463,Conditioner,Bathroom
49946463,Body soap,Bathroom
49946463,Hot water,Bathroom
49946463,Shower gel,Bathroom
49946463,Washer,Bedroom and laundry
49946463,Paid dryer – In building,Bedroom and laundry
49946463,Essentials,Bedroom and laundry
49946463,Hangers,Bedroom and laundry
49946463,Bed linens,Bedroom and laundry
49946463,Extra pillows and blankets,Bedroom and laundry
49946463,Room-darkening shades,Bedroom and laundry
49946463,Iron,Bedroom and laundry
49946463,Safe,Bedroom and laundry
49946463,Clothing storage: closet,Bedroom and laundry
49946463,"48 inch HDTV with standard cable, Netflix, HBO Max, Amazon Prime Video, Roku",Entertainment
49946463,Sound system with Bluetooth and aux,Entertainment
49946463,Books and reading material,Entertainment
49946463,Window AC unit,Heating and cooling
49946463,Heating,Heating and cooling
49946463,Lock on bedroom door,Privacy and safety
49946463,Exterior security cameras on property,Privacy and safety
49946463,Smoke alarm,Privacy and safety
49946463,Carbon monoxide alarm,Privacy and safety
49946463,Fire extinguisher,Privacy and safety
49946463,First aid kit,Privacy and safety
49946463,Wifi,Internet and office
49946463,Dedicated workspace,Internet and office
49946463,Kitchen,Kitchen and dining
49946463,Refrigerator,Kitchen and dining
49946463,Microwave,Kitchen and dining
49946463,Cooking basics,Kitchen and dining
49946463,Dishes and silverware,Kitchen and dining
49946463,Stove,Kitchen and dining
49946463,Oven,Kitchen and dining
49946463,Coffee maker,Kitchen and dining
49946463,Wine glasses,Kitchen and dining
49946463,Baking sheet,Kitchen and dining
49946463,Trash compactor,Kitchen and dining
49946463,Coffee,Kitchen and dining
49946463,Laundromat nearby,Location features
49946463,Self check-in,Services
49946463,Lockbox,Services
49946463,Private entrance,Not included
1161993018569444905,Bathtub,Bathroom
1161993018569444905,Hair dryer,Bathroom
1161993018569444905,Cleaning products,Bathroom
1161993018569444905,Shampoo,Bathroom
1161993018569444905,Body soap,Bathroom
1161993018569444905,Hot water,Bathroom
1161993018569444905,Shower gel,Bathroom
1161993018569444905,Essentials,Bedroom and laundry
1161993018569444905,Hangers,Bedroom and laundry
1161993018569444905,Bed linens,Bedroom and laundry
1161993018569444905,Extra pillows and blankets,Bedroom and laundry
1161993018569444905,Room-darkening shades,Bedroom and laundry
1161993018569444905,Iron,Bedroom and laundry
1161993018569444905,Drying rack for clothing,Bedroom and laundry
1161993018569444905,Safe,Bedroom and laundry
1161993018569444905,Clothing storage: dresser,Bedroom and laundry
1161993018569444905,TV,Entertainment
1161993018569444905,Air conditioning,Heating and cooling
1161993018569444905,Heating,Heating and cooling
1161993018569444905,Lock on bedroom door,Privacy and safety
1161993018569444905,Exterior security cameras on property,Privacy and safety
1161993018569444905,Smoke alarm,Privacy and safety
1161993018569444905,Carbon monoxide alarm,Privacy and safety
1161993018569444905,Fire extinguisher,Privacy and safety
1161993018569444905,First aid kit,Privacy and safety
1161993018569444905,Wifi,Internet and office
1161993018569444905,Dedicated workspace,Internet and office
1161993018569444905,Kitchen,Kitchen and dining
1161993018569444905,Refrigerator,Kitchen and dining
1161993018569444905,Microwave,Kitchen and dining
1161993018569444905,Cooking basics,Kitchen and dining
1161993018569444905,Dishes and silverware,Kitchen and dining
1161993018569444905,Freezer,Kitchen and dining
1161993018569444905,Dishwasher,Kitchen and dining
1161993018569444905,Stove,Kitchen and dining
1161993018569444905,Oven,Kitchen and dining
1161993018569444905,Hot water kettle,Kitchen and dining
1161993018569444905,Coffee maker: Keurig coffee machine,Kitchen and dining
1161993018569444905,Wine glasses,Kitchen and dining
1161993018569444905,Toaster,Kitchen and dining
1161993018569444905,Baking sheet,Kitchen and dining
1161993018569444905,Trash compactor,Kitchen and dining
1161993018569444905,Dining table,Kitchen and dining
1161993018569444905,Coffee,Kitchen and dining
1161993018569444905,Laundromat nearby,Location features
1161993018569444905,Backyard,Outdoor
1161993018569444905,Luggage dropoff allowed,Services
1161993018569444905,Long term stays allowed,Services
1161993018569444905,Self check-in,Services
1161993018569444905,Keypad,Services
1161993018569444905,Washer,Not included
1161993018569444905,Dryer,Not included
1369102055975860834,Shampoo,Bathroom
1369102055975860834,Conditioner,Bathroom
1369102055975860834,Body soap,Bathroom
1369102055975860834,Hot water,Bathroom
1369102055975860834,Shower gel,Bathroom
1369102055975860834,Essentials,Bedroom and laundry
1369102055975860834,Hangers,Bedroom and laundry
1369102055975860834,Bed linens,Bedroom and laundry
1369102055975860834,Room-darkening shades,Bedroom and laundry
1369102055975860834,Iron,Bedroom and laundry
1369102055975860834,Clothing storage,Bedroom and laundry
1369102055975860834,TV,Entertainment
1369102055975860834,Air conditioning,Heating and cooling
1369102055975860834,Heating,Heating and cooling
1369102055975860834,Smoke alarm,Home safety
1369102055975860834,Carbon monoxide alarm,Home safety
1369102055975860834,Wifi,Internet and office
1369102055975860834,Dedicated workspace,Internet and office
1369102055975860834,Refrigerator,Kitchen and dining
1369102055975860834,Microwave,Kitchen and dining
1369102055975860834,Cooking basics,Kitchen and dining
1369102055975860834,Dishes and silverware,Kitchen and dining
1369102055975860834,Hot water kettle,Kitchen and dining
1369102055975860834,Kitchenette,Kitchen and dining
1369102055975860834,Free street parking,Parking and facilities
1369102055975860834,Self check-in,Services
1369102055975860834,Lockbox,Services
1369102055975860834,Exterior security cameras on property,Not included
1369102055975860834,Kitchen,Not included
1369102055975860834,Washer,Not included
1369102055975860834,Dryer,Not included
645056913089000891,Bathtub,Bathroom
645056913089000891,Hair dryer,Bathroom
645056913089000891,Shampoo,Bathroom
645056913089000891,Conditioner,Bathroom
645056913089000891,Body soap,Bathroom
645056913089000891,Hot water,Bathroom
645056913089000891,Free washer – In unit,Bedroom and laundry
645056913089000891,Free dryer – In unit,Bedroom and laundry
645056913089000891,Essentials,Bedroom and laundry
645056913089000891,Hangers,Bedroom and laundry
645056913089000891,Bed linens,Bedroom and laundry
645056913089000891,Extra pillows and blankets,Bedroom and laundry
645056913089000891,Room-darkening shades,Bedroom and laundry
645056913089000891,Iron,Bedroom and laundry
645056913089000891,Clothing storage: closet,Bedroom and laundry
645056913089000891,TV,Entertainment
645056913089000891,Crib,Family
645056913089000891,Children’s books and toys,Family
645056913089000891,AC - split type ductless system,Heating and cooling
645056913089000891,Portable fans,Heating and cooling
645056913089000891,Heating - split type ductless system,Heating and cooling
645056913089000891,Exterior security cameras on property,Home safety
645056913089000891,Smoke alarm,Home safety
645056913089000891,Carbon monoxide alarm,Home safety
645056913089000891,Fast wifi – 704 Mbps,Internet and office
645056913089000891,Dedicated workspace,Internet and office
645056913089000891,Kitchen,Kitchen and dining
645056913089000891,Refrigerator,Kitchen and dining
645056913089000891,Cooking basics,Kitchen and dining
645056913089000891,Dishes and silverware,Kitchen and dining
645056913089000891,Mini fridge,Kitchen and dining
645056913089000891,Freezer,Kitchen and dining
645056913089000891,Dishwasher,Kitchen and dining
645056913089000891,Stainless steel gas stove,Kitchen and dining
645056913089000891,Stainless steel oven,Kitchen and dining
645056913089000891,Hot water kettle,Kitchen and dining
645056913089000891,Coffee maker: drip coffee maker,Kitchen and dining
645056913089000891,Wine glasses,Kitchen and dining
645056913089000891,Toaster,Kitchen and dining
645056913089000891,Private entrance,Location features
645056913089000891,Laundromat nearby,Location features
645056913089000891,Patio or balcony,Outdoor
645056913089000891,Shared backyard – Fully fenced,Outdoor
645056913089000891,Outdoor furniture,Outdoor
645056913089000891,Outdoor dining area,Outdoor
645056913089000891,Free street parking,Parking and facilities
645056913089000891,Single level home,Parking and facilities
645056913089000891,Pets allowed,Services
645056913089000891,Luggage dropoff allowed,Services
645056913089000891,Long term stays allowed,Services
645056913089000891,Self check-in,Services
645056913089000891,Smart lock,Services
645056913089000891,Cleaning available during stay,Services
645056913089000891,Lock on bedroom door,Privacy and safety
45752036,Hair dryer,Bathroom
45752036,Shampoo,Bathroom
45752036,Hot water,Bathroom
45752036,Essentials,Bedroom and laundry
45752036,Hangers,Bedroom and laundry
45752036,Iron,Bedroom and laundry
45752036,TV,Entertainment
45752036,Air conditioning,Heating and cooling
45752036,Heating,Heating and cooling
45752036,Exterior security cameras on property,Home safety
45752036,Smoke alarm,Home safety
45752036,Carbon monoxide alarm,Home safety
45752036,Wifi,Internet and office
45752036,Kitchen,Kitchen and dining
45752036,Refrigerator,Kitchen and dining
45752036,Microwave,Kitchen and dining
45752036,Dishes and silverware,Kitchen and dining
45752036,Stove,Kitchen and dining
45752036,Coffee maker,Kitchen and dining
45752036,Free street parking,Parking and facilities
45752036,Washer,Not included
45752036,Dryer,Not included
1305096322826956646,City skyline view,Scenic views
1305096322826956646,Hair dryer,Bathroom
1305096322826956646,Cleaning products,Bathroom
1305096322826956646,Shampoo,Bathroom
1305096322826956646,Conditioner,Bathroom
1305096322826956646,Body soap,Bathroom
1305096322826956646,Hot water,Bathroom
1305096322826956646,Shower gel,Bathroom
1305096322826956646,Washer,Bedroom and laundry
1305096322826956646,Dryer,Bedroom and laundry
1305096322826956646,Essentials,Bedroom and laundry
1305096322826956646,Hangers,Bedroom and laundry
1305096322826956646,Bed linens,Bedroom and laundry
1305096322826956646,Extra pillows and blankets,Bedroom and laundry
1305096322826956646,Iron,Bedroom and laundry
1305096322826956646,Safe,Bedroom and laundry
1305096322826956646,Clothing storage,Bedroom and laundry
1305096322826956646,TV,Entertainment
1305096322826956646,Pack ’n play/Travel crib,Family
1305096322826956646,Air conditioning,Heating and cooling
1305096322826956646,Portable fans,Heating and cooling
1305096322826956646,Heating,Heating and cooling
1305096322826956646,Smoke alarm,Home safety
1305096322826956646,Carbon monoxide alarm,Home safety
1305096322826956646,Fire extinguisher,Home safety
1305096322826956646,First aid kit,Home safety
1305096322826956646,Wifi,Internet and office
1305096322826956646,Dedicated workspace,Internet and office
1305096322826956646,Refrigerator,Kitchen and dining
1305096322826956646,Microwave,Kitchen and dining
1305096322826956646,Cooking basics,Kitchen and dining
1305096322826956646,Dishes and silverware,Kitchen and dining
1305096322826956646,Hot water kettle,Kitchen and dining
1305096322826956646,Coffee maker,Kitchen and dining
1305096322826956646,Wine glasses,Kitchen and dining
1305096322826956646,Toaster,Kitchen and dining
1305096322826956646,Coffee,Kitchen and dining
1305096322826956646,Elevator,Parking and facilities
1305096322826956646,Paid parking off premises,Parking and facilities
1305096322826956646,Luggage dropoff allowed,Services
1305096322826956646,Self check-in,Services
1305096322826956646,Keypad,Services
1305096322826956646,Kitchen,Not included
1305096322826956646,Private entrance,Not included
1400915819330060194,Bathtub,Bathroom
1400915819330060194,Hair dryer,Bathroom
1400915819330060194,Cleaning products,Bathroom
1400915819330060194,Shampoo,Bathroom
1400915819330060194,Body soap,Bathroom
1400915819330060194,Hot water,Bathroom
1400915819330060194,Shower gel,Bathroom
1400915819330060194,Essentials,Bedroom and laundry
1400915819330060194,Hangers,Bedroom and laundry
1400915819330060194,Bed linens,Bedroom and laundry
1400915819330060194,Extra pillows and blankets,Bedroom and laundry
1400915819330060194,Room-darkening shades,Bedroom and laundry
1400915819330060194,Iron,Bedroom and laundry
1400915819330060194,Clothing storage,Bedroom and laundry
1400915819330060194,TV,Entertainment
1400915819330060194,Air conditioning,Heating and cooling
1400915819330060194,Central heating,Heating and cooling
1400915819330060194,Lock on bedroom door,Privacy and safety
1400915819330060194,Exterior security cameras on property,Privacy and safety
1400915819330060194,Smoke alarm,Privacy and safety
1400915819330060194,Carbon monoxide alarm,Privacy and safety
1400915819330060194,Fire extinguisher,Privacy and safety
1400915819330060194,First aid kit,Privacy and safety
1400915819330060194,Wifi,Internet and office
1400915819330060194,Dedicated workspace,Internet and office
1400915819330060194,Kitchen,Kitchen and dining
1400915819330060194,Refrigerator,Kitchen and dining
1400915819330060194,Microwave,Kitchen and dining
1400915819330060194,Dishes and silverware,Kitchen and dining
1400915819330060194,Freezer,Kitchen and dining
1400915819330060194,Hot water kettle,Kitchen and dining
1400915819330060194,Coffee maker: Keurig coffee machine,Kitchen and dining
1400915819330060194,Wine glasses,Kitchen and dining
1400915819330060194,Toaster,Kitchen and dining
1400915819330060194,Rice maker,Kitchen and dining
1400915819330060194,Trash compactor,Kitchen and dining
1400915819330060194,Dining table,Kitchen and dining
1400915819330060194,Coffee,Kitchen and dining
1400915819330060194,Laundromat nearby,Location features
1400915819330060194,Luggage dropoff allowed,Services
1400915819330060194,Self check-in,Services
1400915819330060194,Keypad,Services
1400915819330060194,"Housekeeping available from 11:00 AM to 3:00 PM, every day",Services
1400915819330060194,Washer,Not included
1400915819330060194,Dryer,Not included
1177504045631878580,Bathtub,Bathroom
1177504045631878580,Hair dryer,Bathroom
1177504045631878580,Shampoo,Bathroom
1177504045631878580,Conditioner,Bathroom
1177504045631878580,Body soap,Bathroom
1177504045631878580,Hot water,Bathroom
1177504045631878580,Shower gel,Bathroom
1177504045631878580,Essentials,Bedroom and laundry
1177504045631878580,Hangers,Bedroom and laundry
1177504045631878580,Bed linens,Bedroom and laundry
1177504045631878580,Room-darkening shades,Bedroom and laundry
1177504045631878580,Iron,Bedroom and laundry
1177504045631878580,Clothing storage,Bedroom and laundry
1177504045631878580,TV,Entertainment
1177504045631878580,Pack ’n play/Travel crib - available upon request,Family
1177504045631878580,Air conditioning,Heating and cooling
1177504045631878580,Heating,Heating and cooling
1177504045631878580,Smoke alarm,Home safety
1177504045631878580,Carbon monoxide alarm,Home safety
1177504045631878580,Fast wifi – 248 Mbps,Internet and office
1177504045631878580,Dedicated workspace,Internet and office
1177504045631878580,Microwave,Kitchen and dining
1177504045631878580,Mini fridge,Kitchen and dining
1177504045631878580,Coffee maker,Kitchen and dining
1177504045631878580,Coffee,Kitchen and dining
1177504045631878580,Laundromat nearby,Location features
1177504045631878580,Elevator,Parking and facilities
1177504045631878580,Gym,Parking and facilities
1177504045631878580,Paid parking off premises,Parking and facilities
1177504045631878580,Pets allowed,Services
1177504045631878580,Self check-in,Services
1177504045631878580,Smart lock,Services
1177504045631878580,Housekeeping - available at extra cost,Services
1177504045631878580,Kitchen,Not included
1177504045631878580,Washer,Not included
1177504045631878580,Private entrance,Not included
837213410815312557,Courtyard view,Scenic views
837213410815312557,Bathtub,Bathroom
837213410815312557,Hair dryer,Bathroom
837213410815312557,Cleaning products,Bathroom
837213410815312557,Shampoo,Bathroom
837213410815312557,Conditioner,Bathroom
837213410815312557,Dove body soap,Bathroom
837213410815312557,Hot water,Bathroom
837213410815312557,Shower gel,Bathroom
837213410815312557,Essentials,Bedroom and laundry
837213410815312557,Hangers,Bedroom and laundry
837213410815312557,Bed linens,Bedroom and laundry
837213410815312557,Extra pillows and blankets,Bedroom and laundry
837213410815312557,Room-darkening shades,Bedroom and laundry
837213410815312557,Iron,Bedroom and laundry
837213410815312557,Mosquito net,Bedroom and laundry
837213410815312557,Clothing storage: closet,Bedroom and laundry
837213410815312557,TV,Entertainment
837213410815312557,Books and reading material,Entertainment
837213410815312557,Crib,Family
837213410815312557,Window AC unit,Heating and cooling
837213410815312557,Central heating,Heating and cooling
837213410815312557,Lock on bedroom door,Privacy and safety
837213410815312557,Smoke alarm,Privacy and safety
837213410815312557,Carbon monoxide alarm,Privacy and safety
837213410815312557,Fire extinguisher,Privacy and safety
837213410815312557,Wifi,Internet and office
837213410815312557,Kitchen,Kitchen and dining
837213410815312557,Refrigerator,Kitchen and dining
837213410815312557,Microwave,Kitchen and dining
837213410815312557,Cooking basics,Kitchen and dining
837213410815312557,Dishes and silverware,Kitchen and dining
837213410815312557,Freezer,Kitchen and dining
837213410815312557,Oven,Kitchen and dining
837213410815312557,Coffee maker,Kitchen and dining
837213410815312557,Blender,Kitchen and dining
837213410815312557,Dining table,Kitchen and dining
837213410815312557,Laundromat nearby,Location features
837213410815312557,Shared patio or balcony,Outdoor
837213410815312557,Paid parking garage off premises,Parking and facilities
837213410815312557,Pets allowed,Services
837213410815312557,Luggage dropoff allowed,Services
837213410815312557,Long term stays allowed,Services
837213410815312557,Exterior security cameras on property,Not included
837213410815312557,Paid washer,Not included
837213410815312557,Dryer,Not included
1479864153537272159,Ocean view,Scenic views
1479864153537272159,City skyline view,Scenic views
1479864153537272159,Bathtub,Bathroom
1479864153537272159,Hair dryer,Bathroom
1479864153537272159,Cleaning products,Bathroom
1479864153537272159,Shampoo,Bathroom
1479864153537272159,Body soap,Bathroom
1479864153537272159,Outdoor shower,Bathroom
1479864153537272159,Hot water,Bathroom
1479864153537272159,Washer,Bedroom and laundry
1479864153537272159,Free dryer – In unit,Bedroom and laundry
1479864153537272159,Hangers,Bedroom and laundry
1479864153537272159,Bed linens,Bedroom and laundry
1479864153537272159,Extra pillows and blankets,Bedroom and laundry
1479864153537272159,Room-darkening shades,Bedroom and laundry
1479864153537272159,Iron,Bedroom and laundry
1479864153537272159,Clothing storage: closet,Bedroom and laundry
1479864153537272159,TV,Entertainment
1479864153537272159,Exercise equipment,Entertainment
1479864153537272159,Pool table,Entertainment
1479864153537272159,Air conditioning,Heating and cooling
1479864153537272159,Central heating,Heating and cooling
1479864153537272159,Smoke alarm,Home safety
1479864153537272159,Carbon monoxide alarm,Home safety
1479864153537272159,Wifi,Internet and office
1479864153537272159,Dedicated workspace,Internet and office
1479864153537272159,Kitchen,Kitchen and dining
1479864153537272159,Refrigerator,Kitchen and dining
1479864153537272159,Microwave,Kitchen and dining
1479864153537272159,Cooking basics,Kitchen and dining
1479864153537272159,Dishes and silverware,Kitchen and dining
1479864153537272159,Freezer,Kitchen and dining
1479864153537272159,Dishwasher,Kitchen and dining
1479864153537272159,Stainless steel gas stove,Kitchen and dining
1479864153537272159,Stainless steel single oven,Kitchen and dining
1479864153537272159,Hot water kettle,Kitchen and dining
1479864153537272159,Coffee maker: espresso machine,Kitchen and dining
1479864153537272159,Wine glasses,Kitchen and dining
1479864153537272159,Toaster,Kitchen and dining
1479864153537272159,Baking sheet,Kitchen and dining
1479864153537272159,Blender,Kitchen and dining
1479864153537272159,Rice maker,Kitchen and dining
1479864153537272159,Barbecue utensils,Kitchen and dining
1479864153537272159,Dining table,Kitchen and dining
1479864153537272159,Private patio or balcony,Outdoor
1479864153537272159,Fire pit,Outdoor
1479864153537272159,Outdoor furniture,Outdoor
1479864153537272159,Outdoor dining area,Outdoor
1479864153537272159,BBQ grill,Outdoor
1479864153537272159,Sun loungers,Outdoor
1479864153537272159,Free parking on premises,Parking and facilities
1479864153537272159,Pool,Parking and facilities
1479864153537272159,Hot tub,Parking and facilities
1479864153537272159,Elevator,Parking and facilities
1479864153537272159,Shared gym in building,Parking and facilities
1479864153537272159,Long term stays allowed,Services
1479864153537272159,Self check-in,Services
1479864153537272159,Lockbox,Services
1479864153537272159,Housekeeping - available at extra cost,Services
1479864153537272159,Exterior security cameras on property,Not included
1479864153537272159,Essentials,Not included
1424325366150488978,Hair dryer,Bathroom
1424325366150488978,Cleaning products,Bathroom
1424325366150488978,Dove shampoo,Bathroom
1424325366150488978,Dove  conditioner,Bathroom
1424325366150488978,Dove  body soap,Bathroom
1424325366150488978,Outdoor shower,Bathroom
1424325366150488978,Hot water,Bathroom
1424325366150488978,Shower gel,Bathroom
1424325366150488978,Free washer – In unit,Bedroom and laundry
1424325366150488978,Free dryer – In unit,Bedroom and laundry
1424325366150488978,Essentials,Bedroom and laundry
1424325366150488978,Hangers,Bedroom and laundry
1424325366150488978,Bed linens,Bedroom and laundry
1424325366150488978,Extra pillows and blankets,Bedroom and laundry
1424325366150488978,Room-darkening shades,Bedroom and laundry
1424325366150488978,Iron,Bedroom and laundry
1424325366150488978,Drying rack for clothing,Bedroom and laundry
1424325366150488978,Clothing storage: walk-in closet,Bedroom and laundry
1424325366150488978,Ethernet connection,Entertainment
1424325366150488978,"55 inch HDTV with Amazon Prime Video, Netflix",Entertainment
1424325366150488978,"Exercise equipment: elliptical, free weights, stationary bike, treadmill, yoga mat, workout bench, rowing",Entertainment
1424325366150488978,Central air conditioning,Heating and cooling
1424325366150488978,Central heating,Heating and cooling
1424325366150488978,Exterior security cameras on property,Home safety
1424325366150488978,Smoke alarm,Home safety
1424325366150488978,Carbon monoxide alarm,Home safety
1424325366150488978,Fire extinguisher,Home safety
1424325366150488978,First aid kit,Home safety
1424325366150488978,Wifi,Internet and office
1424325366150488978,Kitchen,Kitchen and dining
1424325366150488978,Whirlpool  refrigerator,Kitchen and dining
1424325366150488978,Microwave,Kitchen and dining
1424325366150488978,Cooking basics,Kitchen and dining
1424325366150488978,Dishes and silverware,Kitchen and dining
1424325366150488978,Freezer,Kitchen and dining
1424325366150488978,Dishwasher,Kitchen and dining
1424325366150488978,Whirlpool stainless steel electric stove,Kitchen and dining
1424325366150488978,Whirlpool  stainless steel single oven,Kitchen and dining
1424325366150488978,Hot water kettle,Kitchen and dining
1424325366150488978,Coffee maker: Keurig coffee machine,Kitchen and dining
1424325366150488978,Wine glasses,Kitchen and dining
1424325366150488978,Toaster,Kitchen and dining
1424325366150488978,Baking sheet,Kitchen and dining
1424325366150488978,Trash compactor,Kitchen and dining
1424325366150488978,Barbecue utensils,Kitchen and dining
1424325366150488978,Dining table,Kitchen and dining
1424325366150488978,Coffee,Kitchen and dining
1424325366150488978,Private entrance,Location features
1424325366150488978,Outdoor furniture,Outdoor
1424325366150488978,Outdoor dining area,Outdoor
44476913,Conditioner,Bathroom
1424325366150488978,Shared BBQ grill: gas,Outdoor
1424325366150488978,Sun loungers,Outdoor
1424325366150488978,Free residential garage on premises – 1 space,Parking and facilities
1424325366150488978,"Shared outdoor pool - available all year, open specific hours",Parking and facilities
1424325366150488978,"Shared hot tub - available all year, open specific hours",Parking and facilities
1424325366150488978,Shared sauna,Parking and facilities
1424325366150488978,Elevator,Parking and facilities
1424325366150488978,Shared gym in building,Parking and facilities
1424325366150488978,Self check-in,Services
1424325366150488978,Keypad,Services
1438797482904537093,Bathtub,Bathroom
1438797482904537093,Hair dryer,Bathroom
1438797482904537093,Cleaning products,Bathroom
1438797482904537093,Shampoo,Bathroom
1438797482904537093,Conditioner,Bathroom
1438797482904537093,Body soap,Bathroom
1438797482904537093,Hot water,Bathroom
1438797482904537093,Shower gel,Bathroom
1438797482904537093,Paid washer – In building,Bedroom and laundry
1438797482904537093,Paid dryer – In building,Bedroom and laundry
1438797482904537093,Essentials,Bedroom and laundry
1438797482904537093,Hangers,Bedroom and laundry
1438797482904537093,Bed linens,Bedroom and laundry
1438797482904537093,Extra pillows and blankets,Bedroom and laundry
1438797482904537093,Room-darkening shades,Bedroom and laundry
1438797482904537093,Iron,Bedroom and laundry
1438797482904537093,Drying rack for clothing,Bedroom and laundry
1438797482904537093,Clothing storage,Bedroom and laundry
1438797482904537093,TV,Entertainment
1438797482904537093,Air conditioning,Heating and cooling
1438797482904537093,Ceiling fan,Heating and cooling
1438797482904537093,Heating,Heating and cooling
1438797482904537093,Smoke alarm,Home safety
1438797482904537093,Carbon monoxide alarm,Home safety
1438797482904537093,Fire extinguisher,Home safety
1438797482904537093,First aid kit,Home safety
1438797482904537093,Wifi,Internet and office
1438797482904537093,Dedicated workspace,Internet and office
1438797482904537093,Kitchen,Kitchen and dining
1438797482904537093,Refrigerator,Kitchen and dining
1438797482904537093,Microwave,Kitchen and dining
1438797482904537093,Cooking basics,Kitchen and dining
1438797482904537093,Dishes and silverware,Kitchen and dining
1438797482904537093,Freezer,Kitchen and dining
1438797482904537093,Dishwasher,Kitchen and dining
1438797482904537093,Stove,Kitchen and dining
1438797482904537093,Oven,Kitchen and dining
1438797482904537093,Hot water kettle,Kitchen and dining
1438797482904537093,Wine glasses,Kitchen and dining
1438797482904537093,Baking sheet,Kitchen and dining
1438797482904537093,Blender,Kitchen and dining
1438797482904537093,Dining table,Kitchen and dining
1438797482904537093,Coffee,Kitchen and dining
1438797482904537093,Beach access,Location features
1438797482904537093,Free parking on premises,Parking and facilities
1438797482904537093,Luggage dropoff allowed,Services
1438797482904537093,Long term stays allowed,Services
1438797482904537093,Self check-in,Services
1438797482904537093,Smart lock,Services
1438797482904537093,Housekeeping - available at extra cost,Services
1438797482904537093,Exterior security cameras on property,Not included
1438797482904537093,Private entrance,Not included
50032602,Garden view,Scenic views
50032602,Bathtub,Bathroom
50032602,Hair dryer,Bathroom
50032602,Cleaning products,Bathroom
50032602,Alba shampoo,Bathroom
50032602,Alba conditioner,Bathroom
50032602,Alba body soap,Bathroom
50032602,Hot water,Bathroom
50032602,Shower gel,Bathroom
50032602,Free washer – In unit,Bedroom and laundry
50032602,Free dryer – In unit,Bedroom and laundry
50032602,Essentials,Bedroom and laundry
50032602,Hangers,Bedroom and laundry
50032602,Bed linens,Bedroom and laundry
50032602,Extra pillows and blankets,Bedroom and laundry
50032602,Room-darkening shades,Bedroom and laundry
50032602,Iron,Bedroom and laundry
50032602,Drying rack for clothing,Bedroom and laundry
50032602,Clothing storage: closet and dresser,Bedroom and laundry
50032602,"50 inch HDTV with Amazon Prime Video, Netflix, premium cable, Hulu, Apple TV",Entertainment
50032602,Amazon Music & Marshall sound system with Bluetooth and aux,Entertainment
50032602,Books and reading material,Entertainment
50032602,Central air conditioning,Heating and cooling
50032602,Portable fans,Heating and cooling
50032602,Central heating,Heating and cooling
50032602,Lock on bedroom door,Privacy and safety
50032602,Exterior security cameras on property,Privacy and safety
50032602,Smoke alarm,Privacy and safety
50032602,Carbon monoxide alarm,Privacy and safety
50032602,First aid kit,Privacy and safety
50032602,Fast wifi – 96 Mbps,Internet and office
50032602,Kitchen,Kitchen and dining
50032602,Refrigerator,Kitchen and dining
50032602,Microwave,Kitchen and dining
50032602,Cooking basics,Kitchen and dining
50032602,Dishes and silverware,Kitchen and dining
50032602,Freezer,Kitchen and dining
50032602,Dishwasher,Kitchen and dining
50032602,Blomberg stainless steel gas stove,Kitchen and dining
50032602,Stainless steel oven,Kitchen and dining
50032602,Hot water kettle,Kitchen and dining
50032602,Coffee maker: Nespresso,Kitchen and dining
50032602,Wine glasses,Kitchen and dining
50032602,Toaster,Kitchen and dining
50032602,Baking sheet,Kitchen and dining
50032602,Blender,Kitchen and dining
50032602,Rice maker,Kitchen and dining
50032602,Barbecue utensils,Kitchen and dining
50032602,Coffee,Kitchen and dining
50032602,Laundromat nearby,Location features
50032602,Private patio or balcony,Outdoor
50032602,Private backyard – Fully fenced,Outdoor
50032602,Fire pit,Outdoor
50032602,Outdoor furniture,Outdoor
50032602,Outdoor dining area,Outdoor
50032602,BBQ grill,Outdoor
50032602,Free street parking,Parking and facilities
50032602,Long term stays allowed,Services
838028693896424740,Hair dryer,Bathroom
838028693896424740,Cleaning products,Bathroom
838028693896424740,Shampoo,Bathroom
838028693896424740,Body soap,Bathroom
838028693896424740,Bidet,Bathroom
838028693896424740,Hot water,Bathroom
838028693896424740,Shower gel,Bathroom
838028693896424740,Hangers,Bedroom and laundry
838028693896424740,Bed linens,Bedroom and laundry
838028693896424740,Extra pillows and blankets,Bedroom and laundry
838028693896424740,Room-darkening shades,Bedroom and laundry
838028693896424740,Iron,Bedroom and laundry
838028693896424740,Mosquito net,Bedroom and laundry
838028693896424740,Clothing storage,Bedroom and laundry
838028693896424740,TV,Entertainment
838028693896424740,Exercise equipment: free weights,Entertainment
838028693896424740,Air conditioning,Heating and cooling
838028693896424740,Heating,Heating and cooling
838028693896424740,Lock on bedroom door,Privacy and safety
838028693896424740,Exterior security cameras on property,Privacy and safety
838028693896424740,Smoke alarm,Privacy and safety
838028693896424740,Carbon monoxide alarm,Privacy and safety
838028693896424740,Fire extinguisher,Privacy and safety
838028693896424740,First aid kit,Privacy and safety
838028693896424740,Wifi,Internet and office
838028693896424740,Kitchen,Kitchen and dining
838028693896424740,Refrigerator,Kitchen and dining
838028693896424740,Microwave,Kitchen and dining
838028693896424740,Cooking basics,Kitchen and dining
838028693896424740,Dishes and silverware,Kitchen and dining
838028693896424740,Freezer,Kitchen and dining
838028693896424740,Dishwasher,Kitchen and dining
838028693896424740,Stove,Kitchen and dining
838028693896424740,Oven,Kitchen and dining
838028693896424740,Hot water kettle,Kitchen and dining
838028693896424740,Coffee maker,Kitchen and dining
838028693896424740,Wine glasses,Kitchen and dining
838028693896424740,Toaster,Kitchen and dining
838028693896424740,Trash compactor,Kitchen and dining
838028693896424740,Coffee,Kitchen and dining
838028693896424740,Self check-in,Services
838028693896424740,Smart lock,Services
838028693896424740,Paid washer – In unit,Not included
838028693896424740,Paid dryer – In unit,Not included
838028693896424740,Essentials,Not included
16845501,Bathtub,Bathroom
16845501,Hair dryer,Bathroom
16845501,Cleaning products,Bathroom
16845501,Body soap,Bathroom
16845501,Hot water,Bathroom
16845501,Paid washer – In building,Bedroom and laundry
16845501,Paid dryer – In building,Bedroom and laundry
16845501,Essentials,Bedroom and laundry
16845501,Hangers,Bedroom and laundry
16845501,Bed linens,Bedroom and laundry
16845501,Extra pillows and blankets,Bedroom and laundry
16845501,Iron,Bedroom and laundry
16845501,Clothing storage: closet and dresser,Bedroom and laundry
16845501,TV with Fire TV,Entertainment
16845501,Books and reading material,Entertainment
16845501,Board games,Family
16845501,Portable fans,Heating and cooling
16845501,Heating,Heating and cooling
16845501,Lock on bedroom door,Privacy and safety
16845501,Smoke alarm,Privacy and safety
16845501,Carbon monoxide alarm,Privacy and safety
16845501,Fire extinguisher,Privacy and safety
16845501,First aid kit,Privacy and safety
16845501,Wifi,Internet and office
16845501,Dedicated workspace,Internet and office
16845501,Kitchen,Kitchen and dining
16845501,Refrigerator,Kitchen and dining
16845501,Microwave,Kitchen and dining
16845501,Cooking basics,Kitchen and dining
16845501,Dishes and silverware,Kitchen and dining
16845501,Freezer,Kitchen and dining
16845501,Stove,Kitchen and dining
16845501,Oven,Kitchen and dining
16845501,Hot water kettle,Kitchen and dining
16845501,Coffee maker,Kitchen and dining
16845501,Wine glasses,Kitchen and dining
16845501,Toaster,Kitchen and dining
16845501,Baking sheet,Kitchen and dining
16845501,Blender,Kitchen and dining
16845501,Rice maker,Kitchen and dining
16845501,Dining table,Kitchen and dining
16845501,Coffee,Kitchen and dining
16845501,Laundromat nearby,Location features
16845501,Private patio or balcony,Outdoor
16845501,Private backyard – Fully fenced,Outdoor
16845501,Outdoor furniture,Outdoor
16845501,Outdoor dining area,Outdoor
16845501,Free parking on premises,Parking and facilities
16845501,Luggage dropoff allowed,Services
16845501,Air conditioning,Not included
1348229197862173442,Hair dryer,Bathroom
1348229197862173442,Cleaning products,Bathroom
1348229197862173442,Shampoo,Bathroom
1348229197862173442,Hot water,Bathroom
1348229197862173442,Shower gel,Bathroom
1348229197862173442,Essentials,Bedroom and laundry
1348229197862173442,Hangers,Bedroom and laundry
1348229197862173442,Bed linens,Bedroom and laundry
1348229197862173442,Room-darkening shades,Bedroom and laundry
1348229197862173442,Iron,Bedroom and laundry
1348229197862173442,Drying rack for clothing,Bedroom and laundry
1348229197862173442,Clothing storage,Bedroom and laundry
1348229197862173442,TV,Entertainment
1348229197862173442,Air conditioning,Heating and cooling
1348229197862173442,Central heating,Heating and cooling
1348229197862173442,Lock on bedroom door,Privacy and safety
1348229197862173442,Smoke alarm,Privacy and safety
1348229197862173442,Carbon monoxide alarm,Privacy and safety
1348229197862173442,Fire extinguisher,Privacy and safety
1348229197862173442,First aid kit,Privacy and safety
1348229197862173442,Wifi,Internet and office
1348229197862173442,Dedicated workspace,Internet and office
1348229197862173442,Refrigerator,Kitchen and dining
1348229197862173442,Microwave,Kitchen and dining
1348229197862173442,Cooking basics,Kitchen and dining
1348229197862173442,Dishes and silverware,Kitchen and dining
1348229197862173442,Freezer,Kitchen and dining
1348229197862173442,Stove,Kitchen and dining
1348229197862173442,Oven,Kitchen and dining
1348229197862173442,Hot water kettle,Kitchen and dining
1348229197862173442,Coffee maker: drip coffee maker,Kitchen and dining
1348229197862173442,Wine glasses,Kitchen and dining
1348229197862173442,Toaster,Kitchen and dining
1348229197862173442,Baking sheet,Kitchen and dining
1348229197862173442,Blender,Kitchen and dining
1348229197862173442,Dining table,Kitchen and dining
1348229197862173442,Coffee,Kitchen and dining
1348229197862173442,Laundromat nearby,Location features
1348229197862173442,Paid street parking off premises,Parking and facilities
1348229197862173442,Luggage dropoff allowed,Services
1348229197862173442,Long term stays allowed,Services
1348229197862173442,Self check-in,Services
1348229197862173442,Keypad,Services
1348229197862173442,Exterior security cameras on property,Not included
1348229197862173442,Kitchen,Not included
1348229197862173442,Washer,Not included
1348229197862173442,Dryer,Not included
1104472941469620295,Bathtub,Bathroom
1104472941469620295,Hair dryer,Bathroom
1104472941469620295,Shampoo,Bathroom
1104472941469620295,Conditioner,Bathroom
1104472941469620295,Hot water,Bathroom
1104472941469620295,Washer,Bedroom and laundry
1104472941469620295,Essentials,Bedroom and laundry
1104472941469620295,Hangers,Bedroom and laundry
1104472941469620295,Bed linens,Bedroom and laundry
1104472941469620295,Extra pillows and blankets,Bedroom and laundry
1104472941469620295,Iron,Bedroom and laundry
1104472941469620295,TV,Entertainment
1104472941469620295,Record player,Entertainment
1104472941469620295,Air conditioning,Heating and cooling
1104472941469620295,Central heating,Heating and cooling
1104472941469620295,Lock on bedroom door,Privacy and safety
1104472941469620295,Smoke alarm,Privacy and safety
1104472941469620295,Carbon monoxide alarm,Privacy and safety
1104472941469620295,Wifi,Internet and office
1104472941469620295,Kitchen,Kitchen and dining
1104472941469620295,Refrigerator,Kitchen and dining
1104472941469620295,Microwave,Kitchen and dining
1104472941469620295,Dishes and silverware,Kitchen and dining
1104472941469620295,Dishwasher,Kitchen and dining
1104472941469620295,Hot water kettle,Kitchen and dining
1104472941469620295,"Coffee maker: drip coffee maker, french press",Kitchen and dining
1104472941469620295,Dining table,Kitchen and dining
1104472941469620295,Fire pit,Outdoor
1104472941469620295,Outdoor dining area,Outdoor
1104472941469620295,BBQ grill,Outdoor
1104472941469620295,Free street parking,Parking and facilities
1104472941469620295,Self check-in,Services
1104472941469620295,Lockbox,Services
1104472941469620295,Exterior security cameras on property,Not included
1104472941469620295,Dryer,Not included
31474638,Hair dryer,Bathroom
31474638,Cleaning products,Bathroom
31474638,Shampoo,Bathroom
31474638,Conditioner,Bathroom
31474638,Body soap,Bathroom
31474638,Hot water,Bathroom
31474638,Shower gel,Bathroom
31474638,Essentials,Bedroom and laundry
31474638,Hangers,Bedroom and laundry
31474638,Bed linens,Bedroom and laundry
31474638,Extra pillows and blankets,Bedroom and laundry
31474638,Room-darkening shades,Bedroom and laundry
31474638,Iron,Bedroom and laundry
31474638,Clothing storage,Bedroom and laundry
31474638,Air conditioning,Heating and cooling
31474638,Heating,Heating and cooling
31474638,Lock on bedroom door,Privacy and safety
31474638,Wifi,Internet and office
31474638,Kitchen,Kitchen and dining
31474638,Refrigerator,Kitchen and dining
31474638,Microwave,Kitchen and dining
31474638,Cooking basics,Kitchen and dining
31474638,Dishes and silverware,Kitchen and dining
31474638,Freezer,Kitchen and dining
31474638,Hot water kettle,Kitchen and dining
31474638,Coffee maker,Kitchen and dining
31474638,Coffee,Kitchen and dining
31474638,Free street parking,Parking and facilities
31474638,Self check-in,Services
31474638,Smart lock,Services
31474638,Exterior security cameras on property,Not included
31474638,TV,Not included
31474638,Washer,Not included
31474638,Dryer,Not included
31474638,Smoke alarm,Not included
31474638,Carbon monoxide alarm,Not included
6146783,Garden view,Scenic views
6146783,Hair dryer,Bathroom
6146783,Cleaning products,Bathroom
6146783,Hot water,Bathroom
6146783,Essentials,Bedroom and laundry
6146783,Hangers,Bedroom and laundry
6146783,Bed linens,Bedroom and laundry
6146783,Extra pillows and blankets,Bedroom and laundry
6146783,Iron,Bedroom and laundry
6146783,Clothing storage,Bedroom and laundry
6146783,Ceiling fan,Heating and cooling
6146783,Portable fans,Heating and cooling
6146783,Heating,Heating and cooling
6146783,Lock on bedroom door,Privacy and safety
6146783,Exterior security cameras on property,Privacy and safety
6146783,Smoke alarm,Privacy and safety
6146783,Carbon monoxide alarm,Privacy and safety
6146783,Fire extinguisher,Privacy and safety
6146783,Wifi,Internet and office
6146783,Dedicated workspace,Internet and office
6146783,Kitchen,Kitchen and dining
6146783,Refrigerator,Kitchen and dining
6146783,Microwave,Kitchen and dining
6146783,Cooking basics,Kitchen and dining
6146783,Dishes and silverware,Kitchen and dining
6146783,Freezer,Kitchen and dining
6146783,Hot water kettle,Kitchen and dining
6146783,Toaster,Kitchen and dining
6146783,Rice maker,Kitchen and dining
6146783,Dining table,Kitchen and dining
6146783,Beach access,Location features
6146783,Laundromat nearby,Location features
6146783,Free street parking,Parking and facilities
6146783,Luggage dropoff allowed,Services
6146783,Host greets you,Services
6146783,TV,Not included
6146783,Washer,Not included
6146783,Dryer,Not included
6146783,Air conditioning,Not included
1522784582591793210,Bathtub,Bathroom
1522784582591793210,Hair dryer,Bathroom
1522784582591793210,Cleaning products,Bathroom
1522784582591793210,Shampoo,Bathroom
1522784582591793210,Conditioner,Bathroom
1522784582591793210,Body soap,Bathroom
1522784582591793210,Hot water,Bathroom
1522784582591793210,Shower gel,Bathroom
1522784582591793210,Washer,Bedroom and laundry
1522784582591793210,Dryer,Bedroom and laundry
1522784582591793210,Essentials,Bedroom and laundry
1522784582591793210,Hangers,Bedroom and laundry
1522784582591793210,Bed linens,Bedroom and laundry
1522784582591793210,Extra pillows and blankets,Bedroom and laundry
1522784582591793210,Room-darkening shades,Bedroom and laundry
1522784582591793210,Iron,Bedroom and laundry
1522784582591793210,Drying rack for clothing,Bedroom and laundry
1522784582591793210,Clothing storage,Bedroom and laundry
1522784582591793210,TV,Entertainment
1522784582591793210,Exercise equipment,Entertainment
1522784582591793210,Fireplace guards,Family
1522784582591793210,Air conditioning,Heating and cooling
1522784582591793210,Indoor fireplace,Heating and cooling
1522784582591793210,Heating,Heating and cooling
1522784582591793210,Exterior security cameras on property,Home safety
1522784582591793210,Smoke alarm,Home safety
1522784582591793210,Carbon monoxide alarm,Home safety
1522784582591793210,Wifi,Internet and office
1522784582591793210,Dedicated workspace,Internet and office
1522784582591793210,Kitchen,Kitchen and dining
1522784582591793210,Refrigerator,Kitchen and dining
1522784582591793210,Microwave,Kitchen and dining
1522784582591793210,Cooking basics,Kitchen and dining
1522784582591793210,Dishes and silverware,Kitchen and dining
1522784582591793210,Freezer,Kitchen and dining
1522784582591793210,Dishwasher,Kitchen and dining
1522784582591793210,Stove,Kitchen and dining
1522784582591793210,Oven,Kitchen and dining
1522784582591793210,Hot water kettle,Kitchen and dining
1522784582591793210,Coffee maker: Keurig coffee machine,Kitchen and dining
1522784582591793210,Wine glasses,Kitchen and dining
1522784582591793210,Toaster,Kitchen and dining
1522784582591793210,Baking sheet,Kitchen and dining
1522784582591793210,Blender,Kitchen and dining
1522784582591793210,Trash compactor,Kitchen and dining
1522784582591793210,Dining table,Kitchen and dining
1522784582591793210,Coffee,Kitchen and dining
1522784582591793210,Bread maker,Kitchen and dining
1522784582591793210,Laundromat nearby,Location features
1522784582591793210,Patio or balcony,Outdoor
1522784582591793210,Outdoor furniture,Outdoor
1522784582591793210,Outdoor dining area,Outdoor
1522784582591793210,BBQ grill,Outdoor
1522784582591793210,Free parking on premises,Parking and facilities
1522784582591793210,Free street parking,Parking and facilities
1522784582591793210,Hot tub,Parking and facilities
1522784582591793210,Elevator,Parking and facilities
1522784582591793210,EV charger - level 2,Parking and facilities
1522784582591793210,Gym,Parking and facilities
1522784582591793210,Paid parking on premises,Parking and facilities
1522784582591793210,Luggage dropoff allowed,Services
1522784582591793210,Breakfast,Services
1522784582591793210,Self check-in,Services
1522784582591793210,Lockbox,Services
14918238,Bathtub,Bathroom
14918238,Hair dryer,Bathroom
14918238,Cleaning products,Bathroom
14918238,Shampoo,Bathroom
14918238,Conditioner,Bathroom
14918238,Body soap,Bathroom
14918238,Hot water,Bathroom
14918238,Shower gel,Bathroom
14918238,Essentials,Bedroom and laundry
14918238,Hangers,Bedroom and laundry
14918238,Bed linens,Bedroom and laundry
14918238,Extra pillows and blankets,Bedroom and laundry
14918238,Iron,Bedroom and laundry
14918238,Ethernet connection,Entertainment
14918238,Window guards,Family
14918238,Window AC unit,Heating and cooling
14918238,Portable fans,Heating and cooling
14918238,Central heating,Heating and cooling
14918238,Portable heater,Heating and cooling
14918238,Lock on bedroom door,Privacy and safety
14918238,Exterior security cameras on property,Privacy and safety
14918238,Smoke alarm,Privacy and safety
14918238,Carbon monoxide alarm,Privacy and safety
14918238,Fire extinguisher,Privacy and safety
14918238,First aid kit,Privacy and safety
14918238,Wifi,Internet and office
14918238,Refrigerator,Kitchen and dining
14918238,Microwave,Kitchen and dining
14918238,Dishes and silverware,Kitchen and dining
14918238,Freezer,Kitchen and dining
14918238,Stove,Kitchen and dining
14918238,Hot water kettle,Kitchen and dining
14918238,Coffee maker,Kitchen and dining
14918238,Wine glasses,Kitchen and dining
14918238,Toaster,Kitchen and dining
14918238,Blender,Kitchen and dining
14918238,Dining table,Kitchen and dining
14918238,Coffee,Kitchen and dining
14918238,Laundromat nearby,Location features
14918238,Free street parking,Parking and facilities
14918238,Luggage dropoff allowed,Services
14918238,Host greets you,Services
14918238,Kitchen,Not included
14918238,TV,Not included
14918238,Washer,Not included
14918238,Dryer,Not included
1259487361981120964,City skyline view,Scenic views
1259487361981120964,River view,Scenic views
1259487361981120964,Bathtub,Bathroom
1259487361981120964,Hair dryer,Bathroom
1259487361981120964,Cleaning products,Bathroom
1259487361981120964,Shampoo,Bathroom
1259487361981120964,Body soap,Bathroom
1259487361981120964,Hot water,Bathroom
1259487361981120964,Shower gel,Bathroom
1259487361981120964,Hangers,Bedroom and laundry
1259487361981120964,Bed linens,Bedroom and laundry
1259487361981120964,Extra pillows and blankets,Bedroom and laundry
1259487361981120964,Room-darkening shades,Bedroom and laundry
1259487361981120964,Iron,Bedroom and laundry
1259487361981120964,Clothing storage,Bedroom and laundry
1259487361981120964,TV,Entertainment
1259487361981120964,Sound system,Entertainment
1259487361981120964,Exercise equipment,Entertainment
1259487361981120964,Books and reading material,Entertainment
1259487361981120964,Air conditioning,Heating and cooling
1259487361981120964,Heating,Heating and cooling
1259487361981120964,Lock on bedroom door,Privacy and safety
1259487361981120964,Exterior security cameras on property,Privacy and safety
1259487361981120964,Smoke alarm,Privacy and safety
1259487361981120964,Carbon monoxide alarm,Privacy and safety
1259487361981120964,Fire extinguisher,Privacy and safety
1259487361981120964,Wifi,Internet and office
1259487361981120964,Dedicated workspace,Internet and office
1259487361981120964,Kitchen,Kitchen and dining
1259487361981120964,Refrigerator,Kitchen and dining
1259487361981120964,Microwave,Kitchen and dining
1259487361981120964,Cooking basics,Kitchen and dining
1259487361981120964,Dishes and silverware,Kitchen and dining
1259487361981120964,Freezer,Kitchen and dining
1259487361981120964,Dishwasher,Kitchen and dining
1259487361981120964,Stove,Kitchen and dining
1259487361981120964,Hot water kettle,Kitchen and dining
1259487361981120964,Coffee maker,Kitchen and dining
1259487361981120964,Wine glasses,Kitchen and dining
1259487361981120964,Blender,Kitchen and dining
1259487361981120964,Trash compactor,Kitchen and dining
1259487361981120964,Coffee,Kitchen and dining
1259487361981120964,Self check-in,Services
1259487361981120964,Keypad,Services
1259487361981120964,Washer,Not included
1259487361981120964,Dryer,Not included
1259487361981120964,Essentials,Not included
1549753973172786032,Bathtub,Bathroom
1549753973172786032,Hair dryer,Bathroom
1549753973172786032,Cleaning products,Bathroom
1549753973172786032,Shampoo,Bathroom
1549753973172786032,Conditioner,Bathroom
1549753973172786032,Body soap,Bathroom
1549753973172786032,Hot water,Bathroom
1549753973172786032,Shower gel,Bathroom
1549753973172786032,Washer,Bedroom and laundry
1549753973172786032,Free dryer,Bedroom and laundry
1549753973172786032,Hangers,Bedroom and laundry
1549753973172786032,Iron,Bedroom and laundry
1549753973172786032,Clothing storage,Bedroom and laundry
1549753973172786032,Ethernet connection,Entertainment
1549753973172786032,TV,Entertainment
1549753973172786032,Exercise equipment,Entertainment
1549753973172786032,Air conditioning,Heating and cooling
1549753973172786032,Heating,Heating and cooling
1549753973172786032,Exterior security cameras on property,Home safety
1549753973172786032,Smoke alarm,Home safety
1549753973172786032,Carbon monoxide alarm,Home safety
1549753973172786032,Wifi,Internet and office
1549753973172786032,Kitchen,Kitchen and dining
1549753973172786032,Refrigerator,Kitchen and dining
1549753973172786032,Microwave,Kitchen and dining
1549753973172786032,Cooking basics,Kitchen and dining
1549753973172786032,Dishes and silverware,Kitchen and dining
1549753973172786032,Freezer,Kitchen and dining
1549753973172786032,Dishwasher,Kitchen and dining
1549753973172786032,Stove,Kitchen and dining
1549753973172786032,Oven,Kitchen and dining
1549753973172786032,Wine glasses,Kitchen and dining
1549753973172786032,Dining table,Kitchen and dining
1549753973172786032,Free parking on premises,Parking and facilities
1549753973172786032,Gym,Parking and facilities
1549753973172786032,Long term stays allowed,Services
1549753973172786032,Essentials,Not included
1549753973172786032,Private entrance,Not included
1503098224238776096,Hair dryer,Bathroom
1503098224238776096,Cleaning products,Bathroom
1503098224238776096,Shampoo,Bathroom
1503098224238776096,Conditioner,Bathroom
1503098224238776096,Body soap,Bathroom
1503098224238776096,Hot water,Bathroom
1503098224238776096,Shower gel,Bathroom
1503098224238776096,Washer,Bedroom and laundry
1503098224238776096,Dryer,Bedroom and laundry
1503098224238776096,Hangers,Bedroom and laundry
1503098224238776096,Bed linens,Bedroom and laundry
1503098224238776096,Extra pillows and blankets,Bedroom and laundry
1503098224238776096,Room-darkening shades,Bedroom and laundry
1503098224238776096,Iron,Bedroom and laundry
1503098224238776096,Clothing storage,Bedroom and laundry
1503098224238776096,TV,Entertainment
1503098224238776096,Books and reading material,Entertainment
1503098224238776096,Board games,Family
1503098224238776096,Air conditioning,Heating and cooling
1503098224238776096,Heating,Heating and cooling
1503098224238776096,Exterior security cameras on property,Home safety
1503098224238776096,Smoke alarm,Home safety
1503098224238776096,First aid kit,Home safety
1503098224238776096,Wifi,Internet and office
1503098224238776096,Kitchen,Kitchen and dining
1503098224238776096,Refrigerator,Kitchen and dining
1503098224238776096,Microwave,Kitchen and dining
1503098224238776096,Cooking basics,Kitchen and dining
1503098224238776096,Dishes and silverware,Kitchen and dining
1503098224238776096,Freezer,Kitchen and dining
1503098224238776096,Electric stove,Kitchen and dining
1503098224238776096,Oven,Kitchen and dining
1503098224238776096,Hot water kettle,Kitchen and dining
1503098224238776096,Coffee maker,Kitchen and dining
1503098224238776096,Wine glasses,Kitchen and dining
1503098224238776096,Toaster,Kitchen and dining
1503098224238776096,Dining table,Kitchen and dining
1503098224238776096,Coffee,Kitchen and dining
1503098224238776096,Beach access,Location features
1503098224238776096,Laundromat nearby,Location features
1503098224238776096,Beach essentials,Outdoor
1503098224238776096,Paid parking off premises,Parking and facilities
1503098224238776096,Long term stays allowed,Services
1503098224238776096,Self check-in,Services
1503098224238776096,Keypad,Services
1503098224238776096,Essentials,Not included
1503098224238776096,Carbon monoxide alarm,Not included
1177500655441331249,Bathtub,Bathroom
1177500655441331249,Hair dryer,Bathroom
1177500655441331249,Shampoo,Bathroom
1177500655441331249,Conditioner,Bathroom
1177500655441331249,Body soap,Bathroom
1177500655441331249,Hot water,Bathroom
1177500655441331249,Shower gel,Bathroom
1177500655441331249,Essentials,Bedroom and laundry
1177500655441331249,Hangers,Bedroom and laundry
1177500655441331249,Bed linens,Bedroom and laundry
1177500655441331249,Iron,Bedroom and laundry
1177500655441331249,TV,Entertainment
1177500655441331249,Pack ’n play/Travel crib - available upon request,Family
1177500655441331249,Air conditioning,Heating and cooling
1177500655441331249,Heating,Heating and cooling
1177500655441331249,Smoke alarm,Home safety
1177500655441331249,Carbon monoxide alarm,Home safety
1177500655441331249,Fast wifi – 278 Mbps,Internet and office
1177500655441331249,Microwave,Kitchen and dining
1177500655441331249,Mini fridge,Kitchen and dining
1177500655441331249,Coffee maker,Kitchen and dining
1177500655441331249,Coffee,Kitchen and dining
1177500655441331249,Laundromat nearby,Location features
1177500655441331249,Elevator,Parking and facilities
1177500655441331249,Paid parking off premises,Parking and facilities
1177500655441331249,Pets allowed,Services
1177500655441331249,Self check-in,Services
1177500655441331249,Smart lock,Services
1177500655441331249,Housekeeping - available at extra cost,Services
1177500655441331249,Kitchen,Not included
1177500655441331249,Washer,Not included
1177500655441331249,Private entrance,Not included
16004776,Garden view,Scenic views
16004776,Bathtub,Bathroom
16004776,Hair dryer,Bathroom
16004776,Shampoo,Bathroom
16004776,Conditioner,Bathroom
16004776,Body soap,Bathroom
16004776,Hot water,Bathroom
16004776,Shower gel,Bathroom
16004776,Essentials,Bedroom and laundry
16004776,Hangers,Bedroom and laundry
16004776,Bed linens,Bedroom and laundry
16004776,Iron,Bedroom and laundry
16004776,Clothing storage: closet,Bedroom and laundry
16004776,Exercise equipment,Entertainment
16004776,Portable air conditioning,Heating and cooling
16004776,Central heating,Heating and cooling
16004776,Portable heater,Heating and cooling
16004776,Lock on bedroom door,Privacy and safety
16004776,Smoke alarm,Privacy and safety
16004776,Carbon monoxide alarm,Privacy and safety
16004776,Fire extinguisher,Privacy and safety
16004776,First aid kit,Privacy and safety
16004776,Fast wifi – 117 Mbps,Internet and office
16004776,Kitchen,Kitchen and dining
16004776,Refrigerator,Kitchen and dining
16004776,Microwave,Kitchen and dining
16004776,Cooking basics,Kitchen and dining
16004776,Dishes and silverware,Kitchen and dining
16004776,Mini fridge,Kitchen and dining
16004776,Freezer,Kitchen and dining
16004776,Stove,Kitchen and dining
16004776,Hot water kettle,Kitchen and dining
16004776,Coffee maker: pour-over coffee,Kitchen and dining
16004776,Wine glasses,Kitchen and dining
16004776,Toaster,Kitchen and dining
16004776,Dining table,Kitchen and dining
16004776,Coffee,Kitchen and dining
16004776,Laundromat nearby,Location features
16004776,Shared patio or balcony,Outdoor
16004776,Shared backyard – Fully fenced,Outdoor
16004776,Outdoor furniture,Outdoor
16004776,Outdoor dining area,Outdoor
16004776,Free street parking,Parking and facilities
16004776,Paid parking off premises,Parking and facilities
16004776,Single level home,Parking and facilities
16004776,Luggage dropoff allowed,Services
16004776,Self check-in,Services
16004776,Keypad,Services
16004776,Exterior security cameras on property,Not included
16004776,TV,Not included
16004776,Washer,Not included
16004776,Dryer,Not included
1337136423001367854,Bathtub,Bathroom
1337136423001367854,Hair dryer,Bathroom
1337136423001367854,Cleaning products,Bathroom
1337136423001367854,Shampoo,Bathroom
1337136423001367854,Conditioner,Bathroom
1337136423001367854,Body soap,Bathroom
1337136423001367854,Bidet,Bathroom
1337136423001367854,Hot water,Bathroom
1337136423001367854,Shower gel,Bathroom
1337136423001367854,Paid washer – In building,Bedroom and laundry
1337136423001367854,Paid dryer – In building,Bedroom and laundry
1337136423001367854,Hangers,Bedroom and laundry
1337136423001367854,Bed linens,Bedroom and laundry
1337136423001367854,Extra pillows and blankets,Bedroom and laundry
1337136423001367854,Room-darkening shades,Bedroom and laundry
1337136423001367854,Iron,Bedroom and laundry
1337136423001367854,Clothing storage: closet,Bedroom and laundry
1337136423001367854,TV,Entertainment
1337136423001367854,Window guards,Family
1337136423001367854,Air conditioning,Heating and cooling
1337136423001367854,Central heating,Heating and cooling
1337136423001367854,Exterior security cameras on property,Home safety
1337136423001367854,Smoke alarm,Home safety
1337136423001367854,Carbon monoxide alarm,Home safety
1337136423001367854,Fire extinguisher,Home safety
1337136423001367854,Wifi,Internet and office
1337136423001367854,Kitchen,Kitchen and dining
1337136423001367854,Refrigerator,Kitchen and dining
1337136423001367854,Microwave,Kitchen and dining
1337136423001367854,Cooking basics,Kitchen and dining
1337136423001367854,Dishes and silverware,Kitchen and dining
1337136423001367854,Freezer,Kitchen and dining
1337136423001367854,Gas stove,Kitchen and dining
1337136423001367854,Single oven,Kitchen and dining
1337136423001367854,Hot water kettle,Kitchen and dining
1337136423001367854,Coffee maker: Keurig coffee machine,Kitchen and dining
1337136423001367854,Wine glasses,Kitchen and dining
1337136423001367854,Toaster,Kitchen and dining
1337136423001367854,Baking sheet,Kitchen and dining
1337136423001367854,Dining table,Kitchen and dining
1337136423001367854,Coffee,Kitchen and dining
1337136423001367854,Private entrance,Location features
1337136423001367854,Laundromat nearby,Location features
1337136423001367854,Private patio or balcony,Outdoor
1337136423001367854,Backyard,Outdoor
1337136423001367854,Outdoor furniture,Outdoor
1337136423001367854,Outdoor dining area,Outdoor
1337136423001367854,Free parking on premises,Parking and facilities
1337136423001367854,Free street parking,Parking and facilities
1337136423001367854,Gym,Parking and facilities
1337136423001367854,Single level home,Parking and facilities
1337136423001367854,Luggage dropoff allowed,Services
1337136423001367854,Long term stays allowed,Services
1337136423001367854,Cleaning available during stay,Services
1337136423001367854,Essentials,Not included
1177419977162681836,Bathtub,Bathroom
1177419977162681836,Hair dryer,Bathroom
1177419977162681836,Shampoo,Bathroom
1177419977162681836,Conditioner,Bathroom
1177419977162681836,Body soap,Bathroom
1177419977162681836,Hot water,Bathroom
1177419977162681836,Shower gel,Bathroom
1177419977162681836,Essentials,Bedroom and laundry
1177419977162681836,Hangers,Bedroom and laundry
1177419977162681836,Bed linens,Bedroom and laundry
1177419977162681836,Room-darkening shades,Bedroom and laundry
1177419977162681836,Iron,Bedroom and laundry
1177419977162681836,TV,Entertainment
1177419977162681836,Pack ’n play/Travel crib - available upon request,Family
1177419977162681836,Air conditioning,Heating and cooling
1177419977162681836,Heating,Heating and cooling
1177419977162681836,Smoke alarm,Home safety
1177419977162681836,Carbon monoxide alarm,Home safety
1177419977162681836,Fast wifi – 289 Mbps,Internet and office
1177419977162681836,Dedicated workspace,Internet and office
1177419977162681836,Microwave,Kitchen and dining
1177419977162681836,Mini fridge,Kitchen and dining
1177419977162681836,Coffee maker,Kitchen and dining
1177419977162681836,Coffee,Kitchen and dining
1177419977162681836,Laundromat nearby,Location features
1177419977162681836,Elevator,Parking and facilities
1177419977162681836,Gym,Parking and facilities
1177419977162681836,Paid parking off premises,Parking and facilities
1177419977162681836,Pets allowed,Services
1177419977162681836,Self check-in,Services
1177419977162681836,Smart lock,Services
1177419977162681836,Housekeeping - available at extra cost,Services
1177419977162681836,Exterior security cameras on property,Not included
1177419977162681836,Kitchen,Not included
1177419977162681836,Washer,Not included
1177419977162681836,Private entrance,Not included
1157986393909875539,Hair dryer,Bathroom
1157986393909875539,Shampoo,Bathroom
1157986393909875539,Conditioner,Bathroom
1157986393909875539,Body soap,Bathroom
1157986393909875539,Hot water,Bathroom
1157986393909875539,Shower gel,Bathroom
1157986393909875539,Essentials,Bedroom and laundry
1157986393909875539,Hangers,Bedroom and laundry
1157986393909875539,Bed linens,Bedroom and laundry
1157986393909875539,Clothing storage: closet,Bedroom and laundry
1157986393909875539,Air conditioning,Heating and cooling
1157986393909875539,Portable fans,Heating and cooling
1157986393909875539,Heating,Heating and cooling
1157986393909875539,Lock on bedroom door,Privacy and safety
1157986393909875539,Exterior security cameras on property,Privacy and safety
1157986393909875539,Smoke alarm,Privacy and safety
1157986393909875539,Carbon monoxide alarm,Privacy and safety
1157986393909875539,First aid kit,Privacy and safety
1157986393909875539,Wifi,Internet and office
1157986393909875539,Kitchen,Kitchen and dining
1157986393909875539,Refrigerator,Kitchen and dining
1157986393909875539,Microwave,Kitchen and dining
1157986393909875539,Cooking basics,Kitchen and dining
1157986393909875539,Dishes and silverware,Kitchen and dining
1157986393909875539,Freezer,Kitchen and dining
1157986393909875539,Stove,Kitchen and dining
1157986393909875539,Oven,Kitchen and dining
1157986393909875539,Hot water kettle,Kitchen and dining
1157986393909875539,"Coffee maker: french press, Nespresso",Kitchen and dining
1157986393909875539,Toaster,Kitchen and dining
1157986393909875539,Blender,Kitchen and dining
1157986393909875539,Pets allowed,Services
1157986393909875539,Self check-in,Services
1157986393909875539,Lockbox,Services
1157986393909875539,TV,Not included
1157986393909875539,Washer,Not included
1157986393909875539,Dryer,Not included
1451549628268336613,Bathtub,Bathroom
1451549628268336613,Hair dryer,Bathroom
1451549628268336613,Cleaning products,Bathroom
1451549628268336613,Shampoo,Bathroom
1451549628268336613,Conditioner,Bathroom
1451549628268336613,Body soap,Bathroom
1451549628268336613,Hot water,Bathroom
1451549628268336613,Shower gel,Bathroom
1451549628268336613,Washer,Bedroom and laundry
1451549628268336613,Free dryer – In unit,Bedroom and laundry
1451549628268336613,Essentials,Bedroom and laundry
1451549628268336613,Hangers,Bedroom and laundry
1451549628268336613,Bed linens,Bedroom and laundry
1451549628268336613,Extra pillows and blankets,Bedroom and laundry
1451549628268336613,Room-darkening shades,Bedroom and laundry
1451549628268336613,Iron,Bedroom and laundry
1451549628268336613,Drying rack for clothing,Bedroom and laundry
1451549628268336613,TV,Entertainment
1451549628268336613,Air conditioning,Heating and cooling
1451549628268336613,Heating,Heating and cooling
1451549628268336613,Smoke alarm,Home safety
1451549628268336613,Carbon monoxide alarm,Home safety
1451549628268336613,Fire extinguisher,Home safety
1451549628268336613,First aid kit,Home safety
1451549628268336613,Wifi,Internet and office
1451549628268336613,Dedicated workspace,Internet and office
1451549628268336613,Kitchen,Kitchen and dining
1451549628268336613,Refrigerator,Kitchen and dining
1451549628268336613,Microwave,Kitchen and dining
1451549628268336613,Cooking basics,Kitchen and dining
1451549628268336613,Dishes and silverware,Kitchen and dining
1451549628268336613,Freezer,Kitchen and dining
1451549628268336613,Dishwasher,Kitchen and dining
1451549628268336613,Stove,Kitchen and dining
1451549628268336613,Oven,Kitchen and dining
1451549628268336613,Coffee maker,Kitchen and dining
1451549628268336613,Wine glasses,Kitchen and dining
1451549628268336613,Toaster,Kitchen and dining
1451549628268336613,Coffee,Kitchen and dining
1451549628268336613,Beach access,Location features
1451549628268336613,Patio or balcony,Outdoor
1451549628268336613,Outdoor furniture,Outdoor
1451549628268336613,Outdoor dining area,Outdoor
1451549628268336613,BBQ grill,Outdoor
1451549628268336613,Free parking on premises,Parking and facilities
1451549628268336613,Elevator,Parking and facilities
1451549628268336613,Luggage dropoff allowed,Services
1451549628268336613,Long term stays allowed,Services
1451549628268336613,Self check-in,Services
1451549628268336613,Lockbox,Services
1451549628268336613,Exterior security cameras on property,Not included
1451549628268336613,Private entrance,Not included
1142713791029870240,Hair dryer,Bathroom
1142713791029870240,Cleaning products,Bathroom
1142713791029870240,Shampoo,Bathroom
1142713791029870240,Conditioner,Bathroom
1142713791029870240,Body soap,Bathroom
1142713791029870240,Hot water,Bathroom
1142713791029870240,Shower gel,Bathroom
1142713791029870240,Washer,Bedroom and laundry
1142713791029870240,Dryer,Bedroom and laundry
1142713791029870240,Essentials,Bedroom and laundry
1142713791029870240,Hangers,Bedroom and laundry
1142713791029870240,Bed linens,Bedroom and laundry
1142713791029870240,Extra pillows and blankets,Bedroom and laundry
1142713791029870240,Room-darkening shades,Bedroom and laundry
1142713791029870240,Iron,Bedroom and laundry
1142713791029870240,Clothing storage,Bedroom and laundry
1142713791029870240,Central air conditioning,Heating and cooling
1142713791029870240,Heating,Heating and cooling
1142713791029870240,Lock on bedroom door,Privacy and safety
1142713791029870240,Exterior security cameras on property,Privacy and safety
1142713791029870240,Smoke alarm,Privacy and safety
1142713791029870240,Carbon monoxide alarm,Privacy and safety
1142713791029870240,Fire extinguisher,Privacy and safety
1142713791029870240,First aid kit,Privacy and safety
1142713791029870240,Wifi,Internet and office
1142713791029870240,Dedicated workspace,Internet and office
1142713791029870240,Kitchen,Kitchen and dining
1142713791029870240,Refrigerator,Kitchen and dining
1142713791029870240,Microwave,Kitchen and dining
1142713791029870240,Cooking basics,Kitchen and dining
1142713791029870240,Dishes and silverware,Kitchen and dining
1142713791029870240,Freezer,Kitchen and dining
1142713791029870240,Dishwasher,Kitchen and dining
1142713791029870240,Stove,Kitchen and dining
1142713791029870240,Oven,Kitchen and dining
1142713791029870240,Hot water kettle,Kitchen and dining
1142713791029870240,Coffee maker,Kitchen and dining
1142713791029870240,Toaster,Kitchen and dining
1142713791029870240,Baking sheet,Kitchen and dining
1142713791029870240,Dining table,Kitchen and dining
1142713791029870240,Laundromat nearby,Location features
1142713791029870240,Free street parking,Parking and facilities
1142713791029870240,Luggage dropoff allowed,Services
1142713791029870240,Self check-in,Services
1142713791029870240,Keypad,Services
1142713791029870240,TV,Not included
1348816325580572400,Hair dryer,Bathroom
1348816325580572400,Shampoo,Bathroom
1348816325580572400,Conditioner,Bathroom
1348816325580572400,Body soap,Bathroom
1348816325580572400,Hot water,Bathroom
1348816325580572400,Shower gel,Bathroom
1348816325580572400,Free washer – In unit,Bedroom and laundry
1348816325580572400,Free dryer – In unit,Bedroom and laundry
1348816325580572400,Hangers,Bedroom and laundry
1348816325580572400,Bed linens,Bedroom and laundry
1348816325580572400,Extra pillows and blankets,Bedroom and laundry
1348816325580572400,Room-darkening shades,Bedroom and laundry
1348816325580572400,Iron,Bedroom and laundry
1348816325580572400,Mosquito net,Bedroom and laundry
1348816325580572400,Clothing storage,Bedroom and laundry
1348816325580572400,TV,Entertainment
1348816325580572400,Air conditioning,Heating and cooling
1348816325580572400,Central heating,Heating and cooling
1348816325580572400,Lock on bedroom door,Privacy and safety
1348816325580572400,Smoke alarm,Privacy and safety
1348816325580572400,Carbon monoxide alarm,Privacy and safety
1348816325580572400,First aid kit,Privacy and safety
1348816325580572400,Wifi,Internet and office
1348816325580572400,Dedicated workspace,Internet and office
1348816325580572400,Kitchen,Kitchen and dining
1348816325580572400,Refrigerator,Kitchen and dining
1348816325580572400,Microwave,Kitchen and dining
1348816325580572400,Dishes and silverware,Kitchen and dining
1348816325580572400,Freezer,Kitchen and dining
1348816325580572400,Stove,Kitchen and dining
1348816325580572400,Oven,Kitchen and dining
1348816325580572400,Hot water kettle,Kitchen and dining
1348816325580572400,Coffee maker: espresso machine,Kitchen and dining
1348816325580572400,Wine glasses,Kitchen and dining
1348816325580572400,Toaster,Kitchen and dining
1348816325580572400,Dining table,Kitchen and dining
1348816325580572400,Coffee,Kitchen and dining
1348816325580572400,Long term stays allowed,Services
1348816325580572400,Self check-in,Services
1348816325580572400,Smart lock,Services
1348816325580572400,Exterior security cameras on property,Not included
1348816325580572400,Essentials,Not included
1348816325580572400,Private entrance,Not included
1305094445506176270,City skyline view,Scenic views
1305094445506176270,Hair dryer,Bathroom
1305094445506176270,Cleaning products,Bathroom
1305094445506176270,Shampoo,Bathroom
1305094445506176270,Conditioner,Bathroom
1305094445506176270,Body soap,Bathroom
1305094445506176270,Hot water,Bathroom
1305094445506176270,Shower gel,Bathroom
1305094445506176270,Washer,Bedroom and laundry
1305094445506176270,Dryer,Bedroom and laundry
1305094445506176270,Essentials,Bedroom and laundry
1305094445506176270,Hangers,Bedroom and laundry
1305094445506176270,Bed linens,Bedroom and laundry
1305094445506176270,Iron,Bedroom and laundry
1305094445506176270,Safe,Bedroom and laundry
1305094445506176270,Clothing storage,Bedroom and laundry
1305094445506176270,TV,Entertainment
1305094445506176270,Air conditioning,Heating and cooling
1305094445506176270,Portable fans,Heating and cooling
1305094445506176270,Heating,Heating and cooling
1305094445506176270,Smoke alarm,Home safety
1305094445506176270,Carbon monoxide alarm,Home safety
1305094445506176270,Fire extinguisher,Home safety
1305094445506176270,First aid kit,Home safety
1305094445506176270,Wifi,Internet and office
1305094445506176270,Dedicated workspace,Internet and office
1305094445506176270,Kitchen,Kitchen and dining
1305094445506176270,Refrigerator,Kitchen and dining
1305094445506176270,Microwave,Kitchen and dining
1305094445506176270,Cooking basics,Kitchen and dining
1305094445506176270,Dishes and silverware,Kitchen and dining
1305094445506176270,Dishwasher,Kitchen and dining
1305094445506176270,Stove,Kitchen and dining
1305094445506176270,Hot water kettle,Kitchen and dining
1305094445506176270,Coffee maker,Kitchen and dining
1305094445506176270,Wine glasses,Kitchen and dining
1305094445506176270,Toaster,Kitchen and dining
1305094445506176270,Dining table,Kitchen and dining
1305094445506176270,Coffee,Kitchen and dining
1305094445506176270,Elevator,Parking and facilities
1305094445506176270,Paid parking off premises,Parking and facilities
1305094445506176270,Luggage dropoff allowed,Services
1305094445506176270,Self check-in,Services
1305094445506176270,Keypad,Services
1305094445506176270,Private entrance,Not included
737536232375970112,Shampoo,Bathroom
737536232375970112,Hot water,Bathroom
737536232375970112,Shower gel,Bathroom
737536232375970112,Bed linens,Bedroom and laundry
737536232375970112,TV,Entertainment
737536232375970112,Central air conditioning,Heating and cooling
737536232375970112,Central heating,Heating and cooling
737536232375970112,Lock on bedroom door,Privacy and safety
737536232375970112,Smoke alarm,Privacy and safety
737536232375970112,Carbon monoxide alarm,Privacy and safety
737536232375970112,Fire extinguisher,Privacy and safety
737536232375970112,Wifi,Internet and office
737536232375970112,Dedicated workspace,Internet and office
737536232375970112,Kitchen,Kitchen and dining
737536232375970112,Refrigerator,Kitchen and dining
737536232375970112,Microwave,Kitchen and dining
737536232375970112,Cooking basics,Kitchen and dining
737536232375970112,Freezer,Kitchen and dining
737536232375970112,Gas stove,Kitchen and dining
737536232375970112,Stainless steel oven,Kitchen and dining
737536232375970112,Coffee maker,Kitchen and dining
737536232375970112,Toaster,Kitchen and dining
737536232375970112,Dining table,Kitchen and dining
737536232375970112,Self check-in,Services
737536232375970112,Keypad,Services
737536232375970112,Exterior security cameras on property,Not included
737536232375970112,Washer,Not included
737536232375970112,Dryer,Not included
737536232375970112,Essentials,Not included
1529848797926738046,Hair dryer,Bathroom
1529848797926738046,Shampoo,Bathroom
1529848797926738046,Conditioner,Bathroom
1529848797926738046,Body soap,Bathroom
1529848797926738046,Hot water,Bathroom
1529848797926738046,Shower gel,Bathroom
1529848797926738046,Essentials,Bedroom and laundry
1529848797926738046,Hangers,Bedroom and laundry
1529848797926738046,Bed linens,Bedroom and laundry
1529848797926738046,Extra pillows and blankets,Bedroom and laundry
1529848797926738046,Iron,Bedroom and laundry
1529848797926738046,Clothing storage: closet,Bedroom and laundry
1529848797926738046,TV,Entertainment
1529848797926738046,Air conditioning,Heating and cooling
1529848797926738046,Central heating,Heating and cooling
1529848797926738046,Exterior security cameras on property,Home safety
1529848797926738046,Smoke alarm,Home safety
1529848797926738046,Carbon monoxide alarm,Home safety
1529848797926738046,Fire extinguisher,Home safety
1529848797926738046,Wifi,Internet and office
1529848797926738046,Kitchen,Kitchen and dining
1529848797926738046,Refrigerator,Kitchen and dining
1529848797926738046,Microwave,Kitchen and dining
1529848797926738046,Cooking basics,Kitchen and dining
1529848797926738046,Dishes and silverware,Kitchen and dining
1529848797926738046,Freezer,Kitchen and dining
1529848797926738046,Dishwasher,Kitchen and dining
1529848797926738046,Stove,Kitchen and dining
1529848797926738046,Oven,Kitchen and dining
1529848797926738046,Coffee maker: Keurig coffee machine,Kitchen and dining
1529848797926738046,Dining table,Kitchen and dining
1529848797926738046,Coffee,Kitchen and dining
1529848797926738046,Laundromat nearby,Location features
1529848797926738046,Shared backyard – Fully fenced,Outdoor
1529848797926738046,Free street parking,Parking and facilities
1529848797926738046,Washer,Not included
1529848797926738046,Private entrance,Not included
1183128782076109374,Hair dryer,Bathroom
1183128782076109374,Cleaning products,Bathroom
1183128782076109374,Shampoo,Bathroom
1183128782076109374,Conditioner,Bathroom
1183128782076109374,Body soap,Bathroom
1183128782076109374,Hot water,Bathroom
1183128782076109374,Shower gel,Bathroom
1183128782076109374,Essentials,Bedroom and laundry
1183128782076109374,Hangers,Bedroom and laundry
1183128782076109374,Bed linens,Bedroom and laundry
1183128782076109374,Extra pillows and blankets,Bedroom and laundry
1183128782076109374,Room-darkening shades,Bedroom and laundry
1183128782076109374,Iron,Bedroom and laundry
1183128782076109374,Clothing storage,Bedroom and laundry
1183128782076109374,TV with Roku,Entertainment
1183128782076109374,Books and reading material,Entertainment
1183128782076109374,Air conditioning,Heating and cooling
1183128782076109374,Portable fans,Heating and cooling
1183128782076109374,Heating,Heating and cooling
1183128782076109374,Wifi,Internet and office
1183128782076109374,Dedicated workspace,Internet and office
1183128782076109374,Refrigerator,Kitchen and dining
1183128782076109374,Microwave,Kitchen and dining
1183128782076109374,Cooking basics,Kitchen and dining
1183128782076109374,Dishes and silverware,Kitchen and dining
1183128782076109374,Freezer,Kitchen and dining
1183128782076109374,Stove,Kitchen and dining
1183128782076109374,Oven,Kitchen and dining
1183128782076109374,Hot water kettle,Kitchen and dining
1183128782076109374,Wine glasses,Kitchen and dining
1183128782076109374,Toaster,Kitchen and dining
1183128782076109374,Dining table,Kitchen and dining
1183128782076109374,Paid parking off premises,Parking and facilities
1183128782076109374,Luggage dropoff allowed,Services
1183128782076109374,Long term stays allowed,Services
1183128782076109374,Self check-in,Services
1183128782076109374,Keypad,Services
1183128782076109374,Exterior security cameras on property,Not included
1183128782076109374,Kitchen,Not included
1183128782076109374,Washer,Not included
1183128782076109374,Dryer,Not included
1183128782076109374,Smoke alarm,Not included
1183128782076109374,Carbon monoxide alarm,Not included
1362319937122804648,Hair dryer,Bathroom
1362319937122804648,Cleaning products,Bathroom
1362319937122804648,Shampoo,Bathroom
1362319937122804648,Body soap,Bathroom
1362319937122804648,Hot water,Bathroom
1362319937122804648,Shower gel,Bathroom
1362319937122804648,Washer,Bedroom and laundry
1362319937122804648,Hangers,Bedroom and laundry
1362319937122804648,Bed linens,Bedroom and laundry
1362319937122804648,Extra pillows and blankets,Bedroom and laundry
1362319937122804648,Iron,Bedroom and laundry
1362319937122804648,Clothing storage,Bedroom and laundry
1362319937122804648,TV,Entertainment
1362319937122804648,Air conditioning,Heating and cooling
1362319937122804648,Heating,Heating and cooling
1362319937122804648,Smoke alarm,Home safety
1362319937122804648,Carbon monoxide alarm,Home safety
1362319937122804648,Wifi,Internet and office
1362319937122804648,Dedicated workspace,Internet and office
1362319937122804648,Kitchen,Kitchen and dining
1362319937122804648,Coffee,Kitchen and dining
1362319937122804648,Lock on bedroom door,Privacy and safety
1362319937122804648,Exterior security cameras on property,Privacy and safety
1362319937122804648,Dryer,Privacy and safety
1362319937122804648,Essentials,Privacy and safety
982130899713091667,City skyline view,Scenic views
982130899713091667,Bathtub,Bathroom
982130899713091667,Hair dryer,Bathroom
982130899713091667,Cleaning products,Bathroom
982130899713091667,Shampoo,Bathroom
982130899713091667,Conditioner,Bathroom
982130899713091667,Hot water,Bathroom
982130899713091667,Shower gel,Bathroom
982130899713091667,Free washer – In unit,Bedroom and laundry
982130899713091667,Free dryer – In unit,Bedroom and laundry
982130899713091667,Essentials,Bedroom and laundry
982130899713091667,Hangers,Bedroom and laundry
982130899713091667,Bed linens,Bedroom and laundry
982130899713091667,Iron,Bedroom and laundry
982130899713091667,Clothing storage: closet,Bedroom and laundry
982130899713091667,TV,Entertainment
982130899713091667,Pack ’n play/Travel crib - available upon request,Family
982130899713091667,High chair - available upon request,Family
982130899713091667,AC - split type ductless system,Heating and cooling
982130899713091667,Indoor fireplace: wood-burning,Heating and cooling
982130899713091667,Ceiling fan,Heating and cooling
982130899713091667,Heating - split type ductless system,Heating and cooling
982130899713091667,Exterior security cameras on property,Home safety
982130899713091667,Smoke alarm,Home safety
982130899713091667,Carbon monoxide alarm,Home safety
982130899713091667,First aid kit,Home safety
982130899713091667,Wifi,Internet and office
982130899713091667,Dedicated workspace,Internet and office
982130899713091667,Kitchen,Kitchen and dining
982130899713091667,Refrigerator,Kitchen and dining
982130899713091667,Microwave,Kitchen and dining
982130899713091667,Cooking basics,Kitchen and dining
44476913,Body soap,Bathroom
982130899713091667,Dishes and silverware,Kitchen and dining
982130899713091667,Freezer,Kitchen and dining
982130899713091667,Dishwasher,Kitchen and dining
982130899713091667,Stove,Kitchen and dining
982130899713091667,Stainless steel oven,Kitchen and dining
982130899713091667,Hot water kettle,Kitchen and dining
982130899713091667,Coffee maker,Kitchen and dining
982130899713091667,Wine glasses,Kitchen and dining
982130899713091667,Toaster,Kitchen and dining
982130899713091667,Blender,Kitchen and dining
982130899713091667,Dining table,Kitchen and dining
982130899713091667,Coffee,Kitchen and dining
982130899713091667,Fire pit,Outdoor
982130899713091667,Outdoor furniture,Outdoor
982130899713091667,Outdoor dining area,Outdoor
982130899713091667,Pets allowed,Services
982130899713091667,Self check-in,Services
982130899713091667,Keypad,Services
972740017700582747,Hair dryer,Bathroom
972740017700582747,Cleaning products,Bathroom
972740017700582747,Shampoo,Bathroom
972740017700582747,Body soap,Bathroom
972740017700582747,Hot water,Bathroom
972740017700582747,Essentials,Bedroom and laundry
972740017700582747,Hangers,Bedroom and laundry
972740017700582747,Bed linens,Bedroom and laundry
972740017700582747,Extra pillows and blankets,Bedroom and laundry
972740017700582747,Room-darkening shades,Bedroom and laundry
972740017700582747,Iron,Bedroom and laundry
972740017700582747,TV,Entertainment
972740017700582747,Window guards,Family
972740017700582747,Air conditioning,Heating and cooling
972740017700582747,Central heating,Heating and cooling
972740017700582747,Lock on bedroom door,Privacy and safety
972740017700582747,Exterior security cameras on property,Privacy and safety
972740017700582747,Smoke alarm,Privacy and safety
972740017700582747,Carbon monoxide alarm,Privacy and safety
972740017700582747,Fire extinguisher,Privacy and safety
972740017700582747,Wifi,Internet and office
972740017700582747,Dedicated workspace,Internet and office
972740017700582747,Kitchen,Kitchen and dining
972740017700582747,Refrigerator,Kitchen and dining
972740017700582747,Microwave,Kitchen and dining
972740017700582747,Cooking basics,Kitchen and dining
972740017700582747,Dishes and silverware,Kitchen and dining
972740017700582747,Freezer,Kitchen and dining
972740017700582747,Gas stove,Kitchen and dining
972740017700582747,Stainless steel single oven,Kitchen and dining
972740017700582747,Hot water kettle,Kitchen and dining
972740017700582747,Toaster,Kitchen and dining
972740017700582747,Coffee,Kitchen and dining
972740017700582747,Laundromat nearby,Location features
972740017700582747,Bikes,Outdoor
972740017700582747,Free street parking,Parking and facilities
972740017700582747,Paid parking lot on premises – 1 space,Parking and facilities
972740017700582747,Luggage dropoff allowed,Services
972740017700582747,Long term stays allowed,Services
972740017700582747,Self check-in,Services
972740017700582747,Smart lock,Services
972740017700582747,Washer,Not included
972740017700582747,Dryer,Not included
1545033170704904348,Hair dryer,Bathroom
1545033170704904348,Shampoo,Bathroom
1545033170704904348,Conditioner,Bathroom
1545033170704904348,Body soap,Bathroom
1545033170704904348,Bidet,Bathroom
1545033170704904348,Hot water,Bathroom
1545033170704904348,Shower gel,Bathroom
1545033170704904348,Essentials,Bedroom and laundry
1545033170704904348,Hangers,Bedroom and laundry
1545033170704904348,Bed linens,Bedroom and laundry
1545033170704904348,Extra pillows and blankets,Bedroom and laundry
1545033170704904348,Clothing storage,Bedroom and laundry
1545033170704904348,Air conditioning,Heating and cooling
1545033170704904348,Smoke alarm,Home safety
1545033170704904348,Carbon monoxide alarm,Home safety
1545033170704904348,Fire extinguisher,Home safety
1545033170704904348,First aid kit,Home safety
1545033170704904348,Wifi,Internet and office
1545033170704904348,Self check-in,Services
1545033170704904348,Lockbox,Services
1545033170704904348,Exterior security cameras on property,Not included
1545033170704904348,Kitchen,Not included
1545033170704904348,TV,Not included
1545033170704904348,Washer,Not included
1545033170704904348,Dryer,Not included
1545033170704904348,Heating,Not included
13813731,Hair dryer,Bathroom
13813731,Shampoo,Bathroom
13813731,Hot water,Bathroom
13813731,Essentials,Bedroom and laundry
13813731,Hangers,Bedroom and laundry
13813731,Bed linens,Bedroom and laundry
13813731,Extra pillows and blankets,Bedroom and laundry
13813731,Iron,Bedroom and laundry
13813731,Air conditioning,Heating and cooling
13813731,Heating,Heating and cooling
13813731,Lock on bedroom door,Privacy and safety
13813731,Smoke alarm,Privacy and safety
13813731,Carbon monoxide alarm,Privacy and safety
13813731,Wifi,Internet and office
13813731,Refrigerator,Kitchen and dining
13813731,Microwave,Kitchen and dining
13813731,Mini fridge,Kitchen and dining
13813731,Coffee maker,Kitchen and dining
13813731,Private entrance,Location features
13813731,Beach essentials,Outdoor
13813731,Free street parking,Parking and facilities
13813731,Single level home,Parking and facilities
13813731,Exterior security cameras on property,Not included
13813731,Kitchen,Not included
13813731,TV,Not included
13813731,Washer,Not included
13813731,Dryer,Not included
29080678,Bathtub,Bathroom
29080678,Hair dryer,Bathroom
29080678,Shampoo,Bathroom
29080678,Hot water,Bathroom
29080678,Paid washer – In building,Bedroom and laundry
29080678,Paid dryer – In building,Bedroom and laundry
29080678,Essentials,Bedroom and laundry
29080678,Hangers,Bedroom and laundry
29080678,Bed linens,Bedroom and laundry
29080678,Extra pillows and blankets,Bedroom and laundry
29080678,Iron,Bedroom and laundry
29080678,TV,Entertainment
29080678,Window AC unit,Heating and cooling
29080678,Heating,Heating and cooling
29080678,Noise decibel monitors on property,Home safety
29080678,Exterior security cameras on property,Home safety
29080678,Smoke alarm,Home safety
29080678,Carbon monoxide alarm,Home safety
29080678,Fire extinguisher,Home safety
29080678,First aid kit,Home safety
29080678,Wifi,Internet and office
29080678,Dedicated workspace,Internet and office
29080678,Kitchen,Kitchen and dining
29080678,Refrigerator,Kitchen and dining
29080678,Microwave,Kitchen and dining
29080678,Cooking basics,Kitchen and dining
29080678,Dishes and silverware,Kitchen and dining
29080678,Dishwasher,Kitchen and dining
29080678,Stove,Kitchen and dining
29080678,Oven,Kitchen and dining
29080678,Coffee maker,Kitchen and dining
29080678,Private entrance,Location features
29080678,Patio or balcony,Outdoor
29080678,Backyard,Outdoor
29080678,Free parking on premises,Parking and facilities
29080678,Free street parking,Parking and facilities
29080678,Paid parking off premises,Parking and facilities
29080678,Luggage dropoff allowed,Services
29080678,Self check-in,Services
29080678,Lockbox,Services
1122580872375918944,Hair dryer,Bathroom
1122580872375918944,Cleaning products,Bathroom
1122580872375918944,Shampoo,Bathroom
1122580872375918944,Body soap,Bathroom
1122580872375918944,Hot water,Bathroom
1122580872375918944,Shower gel,Bathroom
1122580872375918944,Essentials,Bedroom and laundry
1122580872375918944,Hangers,Bedroom and laundry
1122580872375918944,Bed linens,Bedroom and laundry
1122580872375918944,Extra pillows and blankets,Bedroom and laundry
1122580872375918944,Room-darkening shades,Bedroom and laundry
1122580872375918944,Iron,Bedroom and laundry
1122580872375918944,Ethernet connection,Entertainment
1122580872375918944,TV,Entertainment
1122580872375918944,Books and reading material,Entertainment
1122580872375918944,Crib,Family
1122580872375918944,Air conditioning,Heating and cooling
1122580872375918944,Ceiling fan,Heating and cooling
1122580872375918944,Heating,Heating and cooling
1122580872375918944,Exterior security cameras on property,Home safety
1122580872375918944,Smoke alarm,Home safety
1122580872375918944,Carbon monoxide alarm,Home safety
1122580872375918944,Fire extinguisher,Home safety
1122580872375918944,First aid kit,Home safety
1122580872375918944,Wifi,Internet and office
1122580872375918944,Dedicated workspace,Internet and office
1122580872375918944,Kitchen,Kitchen and dining
1122580872375918944,Refrigerator,Kitchen and dining
1122580872375918944,Microwave,Kitchen and dining
1122580872375918944,Cooking basics,Kitchen and dining
1122580872375918944,Dishes and silverware,Kitchen and dining
1122580872375918944,Freezer,Kitchen and dining
1122580872375918944,Stove,Kitchen and dining
1122580872375918944,Oven,Kitchen and dining
1122580872375918944,Hot water kettle,Kitchen and dining
1122580872375918944,Coffee maker,Kitchen and dining
1122580872375918944,Wine glasses,Kitchen and dining
1122580872375918944,Toaster,Kitchen and dining
1122580872375918944,Dining table,Kitchen and dining
1122580872375918944,Coffee,Kitchen and dining
1122580872375918944,Private entrance,Location features
1122580872375918944,Laundromat nearby,Location features
1122580872375918944,EV charger,Parking and facilities
1122580872375918944,Paid parking lot off premises,Parking and facilities
1122580872375918944,Paid parking on premises,Parking and facilities
44476913,Hot water,Bathroom
1122580872375918944,Luggage dropoff allowed,Services
1122580872375918944,Long term stays allowed,Services
1122580872375918944,Self check-in,Services
1122580872375918944,Smart lock,Services
1122580872375918944,Free washer – In building,Not included
1250532327904932443,Bathtub,Bathroom
1250532327904932443,Hair dryer,Bathroom
1250532327904932443,Cleaning products,Bathroom
1250532327904932443,Shampoo,Bathroom
1250532327904932443,Conditioner,Bathroom
1250532327904932443,Body soap,Bathroom
1250532327904932443,Hot water,Bathroom
1250532327904932443,Shower gel,Bathroom
1250532327904932443,Paid washer – In building,Bedroom and laundry
1250532327904932443,Paid dryer – In building,Bedroom and laundry
1250532327904932443,Essentials,Bedroom and laundry
1250532327904932443,Hangers,Bedroom and laundry
1250532327904932443,Bed linens,Bedroom and laundry
1250532327904932443,Extra pillows and blankets,Bedroom and laundry
1250532327904932443,Room-darkening shades,Bedroom and laundry
1250532327904932443,Iron,Bedroom and laundry
1250532327904932443,Clothing storage: closet and wardrobe,Bedroom and laundry
1250532327904932443,Ethernet connection,Entertainment
1250532327904932443,"65 inch HDTV with Amazon Prime Video, Apple TV, Disney+, HBO Max, Hulu, Netflix",Entertainment
1250532327904932443,"Exercise equipment: elliptical, free weights, stationary bike, treadmill, yoga mat, workout bench, rowing",Entertainment
1250532327904932443,Books and reading material,Entertainment
1250532327904932443,Portable air conditioning,Heating and cooling
1250532327904932443,Portable fans,Heating and cooling
1250532327904932443,Central heating,Heating and cooling
1250532327904932443,Exterior security cameras on property,Home safety
1250532327904932443,Smoke alarm,Home safety
1250532327904932443,Carbon monoxide alarm,Home safety
1250532327904932443,Fast wifi – 509 Mbps,Internet and office
1250532327904932443,Kitchen,Kitchen and dining
1250532327904932443,Refrigerator,Kitchen and dining
1250532327904932443,Microwave,Kitchen and dining
1250532327904932443,Cooking basics,Kitchen and dining
1250532327904932443,Dishes and silverware,Kitchen and dining
1250532327904932443,Freezer,Kitchen and dining
1250532327904932443,Dishwasher,Kitchen and dining
1250532327904932443,Stainless steel electric stove,Kitchen and dining
1250532327904932443,Stainless steel single oven,Kitchen and dining
1250532327904932443,Hot water kettle,Kitchen and dining
1250532327904932443,Coffee maker: Nespresso,Kitchen and dining
1250532327904932443,Wine glasses,Kitchen and dining
1250532327904932443,Toaster,Kitchen and dining
1250532327904932443,Baking sheet,Kitchen and dining
1250532327904932443,Blender,Kitchen and dining
1250532327904932443,Dining table,Kitchen and dining
1250532327904932443,Coffee,Kitchen and dining
1250532327904932443,Waterfront,Location features
1250532327904932443,Shared beach access – Beachfront,Location features
1250532327904932443,Private patio or balcony,Outdoor
1250532327904932443,Outdoor furniture,Outdoor
1250532327904932443,Beach essentials,Outdoor
1250532327904932443,Elevator,Parking and facilities
1250532327904932443,Shared gym in building,Parking and facilities
1250532327904932443,Paid valet parking on premises – 1 space,Parking and facilities
1250532327904932443,Long term stays allowed,Services
1250532327904932443,Self check-in,Services
1250532327904932443,Smart lock,Services
1250532327904932443,Cleaning available during stay,Services
1250532327904932443,Private entrance,Not included
34705719,Bathtub,Bathroom
34705719,Hair dryer,Bathroom
34705719,Cleaning products,Bathroom
34705719,Shampoo,Bathroom
34705719,Body soap,Bathroom
34705719,Hot water,Bathroom
34705719,Shower gel,Bathroom
34705719,Essentials,Bedroom and laundry
34705719,Hangers,Bedroom and laundry
34705719,Bed linens,Bedroom and laundry
34705719,Extra pillows and blankets,Bedroom and laundry
34705719,Room-darkening shades,Bedroom and laundry
34705719,Iron,Bedroom and laundry
34705719,Clothing storage: closet,Bedroom and laundry
34705719,TV,Entertainment
34705719,Air conditioning,Heating and cooling
34705719,Heating,Heating and cooling
34705719,Smoke alarm,Home safety
34705719,Carbon monoxide alarm,Home safety
34705719,Wifi,Internet and office
34705719,Dedicated workspace,Internet and office
34705719,Kitchen,Kitchen and dining
34705719,Refrigerator,Kitchen and dining
34705719,Microwave,Kitchen and dining
34705719,Cooking basics,Kitchen and dining
34705719,Dishes and silverware,Kitchen and dining
34705719,Freezer,Kitchen and dining
34705719,Dishwasher,Kitchen and dining
34705719,Stove,Kitchen and dining
34705719,Oven,Kitchen and dining
34705719,Hot water kettle,Kitchen and dining
34705719,Coffee maker,Kitchen and dining
34705719,Wine glasses,Kitchen and dining
34705719,Baking sheet,Kitchen and dining
34705719,Blender,Kitchen and dining
34705719,Dining table,Kitchen and dining
34705719,Coffee,Kitchen and dining
34705719,Laundromat nearby,Location features
34705719,Free street parking,Parking and facilities
34705719,Paid street parking off premises,Parking and facilities
34705719,Private living room,Parking and facilities
34705719,Luggage dropoff allowed,Services
34705719,Long term stays allowed,Services
34705719,Self check-in,Services
34705719,Lockbox,Services
34705719,Lock on bedroom door,Privacy and safety
34705719,Exterior security cameras on property,Privacy and safety
34705719,Washer,Privacy and safety
34705719,Dryer,Privacy and safety
12270677,Bathtub,Bathroom
12270677,Hair dryer,Bathroom
12270677,Shampoo,Bathroom
12270677,Conditioner,Bathroom
12270677,Body soap,Bathroom
12270677,Hot water,Bathroom
12270677,Free washer – In unit,Bedroom and laundry
12270677,Free dryer – In unit,Bedroom and laundry
12270677,Hangers,Bedroom and laundry
12270677,Extra pillows and blankets,Bedroom and laundry
12270677,Iron,Bedroom and laundry
12270677,Portable air conditioning,Heating and cooling
12270677,Portable heater,Heating and cooling
12270677,Lock on bedroom door,Privacy and safety
12270677,Exterior security cameras on property,Privacy and safety
12270677,Smoke alarm,Privacy and safety
12270677,Carbon monoxide alarm,Privacy and safety
12270677,Fire extinguisher,Privacy and safety
12270677,First aid kit,Privacy and safety
12270677,Wifi,Internet and office
12270677,Kitchen,Kitchen and dining
12270677,Subzero refrigerator,Kitchen and dining
12270677,Microwave,Kitchen and dining
12270677,Dishes and silverware,Kitchen and dining
12270677,Dishwasher,Kitchen and dining
12270677,Hot water kettle,Kitchen and dining
12270677,"Coffee maker: espresso machine, french press",Kitchen and dining
12270677,Coffee,Kitchen and dining
12270677,Shared patio or balcony,Outdoor
12270677,Free driveway parking on premises – 1 space,Parking and facilities
12270677,Self check-in,Services
12270677,Lockbox,Services
12270677,TV,Not included
12270677,Essentials,Not included
1349486556345255494,Bathtub,Bathroom
1349486556345255494,Hair dryer,Bathroom
1349486556345255494,Shampoo,Bathroom
1349486556345255494,Conditioner,Bathroom
1349486556345255494,Body soap,Bathroom
1349486556345255494,Hot water,Bathroom
1349486556345255494,Shower gel,Bathroom
1349486556345255494,Washer,Bedroom and laundry
1349486556345255494,Dryer,Bedroom and laundry
1349486556345255494,Essentials,Bedroom and laundry
1349486556345255494,Hangers,Bedroom and laundry
1349486556345255494,Bed linens,Bedroom and laundry
1349486556345255494,Iron,Bedroom and laundry
1349486556345255494,Clothing storage,Bedroom and laundry
1349486556345255494,Ethernet connection,Entertainment
1349486556345255494,TV,Entertainment
1349486556345255494,Exercise equipment,Entertainment
1349486556345255494,Paid crib - available upon request,Family
1349486556345255494,Air conditioning,Heating and cooling
1349486556345255494,Heating,Heating and cooling
1349486556345255494,Smoke alarm,Home safety
1349486556345255494,Carbon monoxide alarm,Home safety
1349486556345255494,Fire extinguisher,Home safety
1349486556345255494,Wifi,Internet and office
1349486556345255494,Kitchen,Kitchen and dining
1349486556345255494,Refrigerator,Kitchen and dining
1349486556345255494,Microwave,Kitchen and dining
1349486556345255494,Cooking basics,Kitchen and dining
1349486556345255494,Dishes and silverware,Kitchen and dining
1349486556345255494,Freezer,Kitchen and dining
1349486556345255494,Dishwasher,Kitchen and dining
1349486556345255494,Stove,Kitchen and dining
1349486556345255494,Oven,Kitchen and dining
1349486556345255494,Hot water kettle,Kitchen and dining
1349486556345255494,Coffee maker: Nespresso,Kitchen and dining
1349486556345255494,Dining table,Kitchen and dining
1349486556345255494,Coffee,Kitchen and dining
1349486556345255494,Private patio or balcony,Outdoor
1349486556345255494,Outdoor furniture,Outdoor
1349486556345255494,Free parking on premises,Parking and facilities
1349486556345255494,EV charger,Parking and facilities
1349486556345255494,Gym,Parking and facilities
1349486556345255494,Pets allowed,Services
1349486556345255494,Self check-in,Services
1349486556345255494,Smart lock,Services
1349486556345255494,Private entrance,Not included
975622708225877098,Bathtub,Bathroom
975622708225877098,Hair dryer,Bathroom
975622708225877098,Cleaning products,Bathroom
975622708225877098,Shampoo,Bathroom
975622708225877098,Conditioner,Bathroom
975622708225877098,Body soap,Bathroom
975622708225877098,Hot water,Bathroom
975622708225877098,Shower gel,Bathroom
975622708225877098,Paid washer – In building,Bedroom and laundry
975622708225877098,Paid dryer – In building,Bedroom and laundry
975622708225877098,Essentials,Bedroom and laundry
975622708225877098,Hangers,Bedroom and laundry
975622708225877098,Bed linens,Bedroom and laundry
975622708225877098,Extra pillows and blankets,Bedroom and laundry
975622708225877098,Room-darkening shades,Bedroom and laundry
975622708225877098,Iron,Bedroom and laundry
975622708225877098,"Clothing storage: closet, wardrobe, and dresser",Bedroom and laundry
975622708225877098,Ethernet connection,Entertainment
975622708225877098,TV,Entertainment
975622708225877098,Bose Bluetooth sound system,Entertainment
975622708225877098,Books and reading material,Entertainment
975622708225877098,Board games,Family
975622708225877098,Central air conditioning,Heating and cooling
975622708225877098,Portable fans,Heating and cooling
975622708225877098,Central heating,Heating and cooling
975622708225877098,Smoke alarm,Home safety
975622708225877098,Carbon monoxide alarm,Home safety
975622708225877098,Fire extinguisher,Home safety
975622708225877098,Wifi,Internet and office
975622708225877098,Dedicated workspace,Internet and office
975622708225877098,Kitchen,Kitchen and dining
975622708225877098,Refrigerator,Kitchen and dining
975622708225877098,Microwave,Kitchen and dining
975622708225877098,Cooking basics,Kitchen and dining
975622708225877098,Dishes and silverware,Kitchen and dining
975622708225877098,Freezer,Kitchen and dining
975622708225877098,Dishwasher,Kitchen and dining
975622708225877098,Stove,Kitchen and dining
975622708225877098,Oven,Kitchen and dining
975622708225877098,Hot water kettle,Kitchen and dining
975622708225877098,Coffee maker: Keurig coffee machine,Kitchen and dining
975622708225877098,Wine glasses,Kitchen and dining
975622708225877098,Baking sheet,Kitchen and dining
975622708225877098,Dining table,Kitchen and dining
975622708225877098,Coffee,Kitchen and dining
975622708225877098,Private entrance,Location features
975622708225877098,Laundromat nearby,Location features
975622708225877098,Private patio or balcony,Outdoor
975622708225877098,Outdoor furniture,Outdoor
975622708225877098,Outdoor dining area,Outdoor
975622708225877098,Sun loungers,Outdoor
975622708225877098,Free driveway parking on premises – 1 space,Parking and facilities
975622708225877098,Pool,Parking and facilities
975622708225877098,Elevator,Parking and facilities
975622708225877098,Pets allowed,Services
975622708225877098,Long term stays allowed,Services
975622708225877098,Self check-in,Services
975622708225877098,Lockbox,Services
975622708225877098,Exterior security cameras on property,Not included
35254823,Bathtub,Bathroom
35254823,Hair dryer,Bathroom
35254823,Cleaning products,Bathroom
35254823,Shampoo,Bathroom
35254823,Travel kit conditioner,Bathroom
35254823,Travel kit  body soap,Bathroom
35254823,Hot water,Bathroom
35254823,Shower gel,Bathroom
35254823,Essentials,Bedroom and laundry
35254823,Hangers,Bedroom and laundry
35254823,Bed linens,Bedroom and laundry
35254823,Extra pillows and blankets,Bedroom and laundry
35254823,Room-darkening shades,Bedroom and laundry
35254823,Iron,Bedroom and laundry
35254823,Clothing storage: closet and dresser,Bedroom and laundry
35254823,Ethernet connection,Entertainment
35254823,"65 inch HDTV with Amazon Prime Video, Disney+, Hulu, Netflix, standard cable",Entertainment
35254823,Samsung sound bar/ subwoofer sound system with Bluetooth and aux,Entertainment
35254823,Crib,Family
35254823,Pack ’n play/Travel crib,Family
35254823,High chair,Family
35254823,Baby bath,Family
35254823,Board games,Family
35254823,Babysitter recommendations,Family
35254823,Central air conditioning,Heating and cooling
35254823,Ceiling fan,Heating and cooling
35254823,Heating,Heating and cooling
35254823,Lock on bedroom door,Privacy and safety
35254823,Exterior security cameras on property,Privacy and safety
35254823,Smoke alarm,Privacy and safety
35254823,Carbon monoxide alarm,Privacy and safety
35254823,Fire extinguisher,Privacy and safety
35254823,First aid kit,Privacy and safety
35254823,Fast wifi – 192 Mbps,Internet and office
35254823,Kitchen,Kitchen and dining
35254823,Refrigerator,Kitchen and dining
35254823,Microwave,Kitchen and dining
35254823,Cooking basics,Kitchen and dining
35254823,Dishes and silverware,Kitchen and dining
35254823,Freezer,Kitchen and dining
35254823,Gas stove,Kitchen and dining
35254823,Oven,Kitchen and dining
35254823,Hot water kettle,Kitchen and dining
35254823,Coffee maker,Kitchen and dining
35254823,Wine glasses,Kitchen and dining
35254823,Toaster,Kitchen and dining
35254823,Blender,Kitchen and dining
35254823,Dining table,Kitchen and dining
35254823,Coffee,Kitchen and dining
35254823,Private entrance,Location features
35254823,Laundromat nearby,Location features
35254823,Free street parking,Parking and facilities
35254823,Paid parking garage off premises,Parking and facilities
35254823,Single level home,Parking and facilities
35254823,Luggage dropoff allowed,Services
35254823,Long term stays allowed,Services
35254823,Self check-in,Services
35254823,Smart lock,Services
35254823,Washer,Not included
35254823,Dryer,Not included
15783071,Hair dryer,Bathroom
15783071,Shampoo,Bathroom
15783071,Conditioner,Bathroom
15783071,Hot water,Bathroom
15783071,Shower gel,Bathroom
15783071,Essentials,Bedroom and laundry
15783071,Hangers,Bedroom and laundry
15783071,Bed linens,Bedroom and laundry
15783071,Iron,Bedroom and laundry
15783071,Clothing storage,Bedroom and laundry
15783071,Air conditioning,Heating and cooling
15783071,Heating,Heating and cooling
15783071,Lock on bedroom door,Privacy and safety
15783071,Smoke alarm,Privacy and safety
15783071,Carbon monoxide alarm,Privacy and safety
15783071,Fire extinguisher,Privacy and safety
15783071,Wifi,Internet and office
15783071,Paid parking on premises,Parking and facilities
15783071,Self check-in,Services
15783071,Lockbox,Services
15783071,Exterior security cameras on property,Not included
15783071,Kitchen,Not included
15783071,TV,Not included
15783071,Washer,Not included
15783071,Dryer,Not included
1453121226394001563,Lock on bedroom door,Privacy and safety
1453121226394001563,Exterior security cameras on property,Privacy and safety
1453121226394001563,Pets allowed,Services
1453121226394001563,Kitchen,Not included
1453121226394001563,Wifi,Not included
1453121226394001563,TV,Not included
1453121226394001563,Washer,Not included
1453121226394001563,Dryer,Not included
1453121226394001563,Air conditioning,Not included
1453121226394001563,Essentials,Not included
1453121226394001563,Smoke alarm,Not included
1453121226394001563,Carbon monoxide alarm,Not included
1453121226394001563,Heating,Not included
1453121226394001563,Hot water,Not included
28834703,Bathtub,Bathroom
28834703,Hair dryer,Bathroom
28834703,Cleaning products,Bathroom
28834703,Shampoo,Bathroom
28834703,Conditioner,Bathroom
28834703,Body soap,Bathroom
28834703,Hot water,Bathroom
28834703,Shower gel,Bathroom
28834703,Free washer – In building,Bedroom and laundry
28834703,Essentials,Bedroom and laundry
28834703,Hangers,Bedroom and laundry
28834703,Bed linens,Bedroom and laundry
28834703,Extra pillows and blankets,Bedroom and laundry
28834703,Room-darkening shades,Bedroom and laundry
28834703,Iron,Bedroom and laundry
28834703,Clothing storage: closet,Bedroom and laundry
28834703,"32 inch HDTV with Amazon Prime Video, Hulu, Disney+, Netflix",Entertainment
28834703,Window AC unit,Heating and cooling
28834703,Portable fans,Heating and cooling
28834703,Heating,Heating and cooling
28834703,Smoke alarm,Home safety
28834703,Carbon monoxide alarm,Home safety
28834703,Fire extinguisher,Home safety
28834703,First aid kit,Home safety
28834703,Wifi,Internet and office
28834703,Dedicated workspace,Internet and office
28834703,Kitchen,Kitchen and dining
28834703,Refrigerator,Kitchen and dining
28834703,Microwave,Kitchen and dining
28834703,Cooking basics,Kitchen and dining
28834703,Dishes and silverware,Kitchen and dining
28834703,Freezer,Kitchen and dining
28834703,Stove,Kitchen and dining
28834703,Hot water kettle,Kitchen and dining
28834703,Coffee maker,Kitchen and dining
28834703,Wine glasses,Kitchen and dining
28834703,Toaster,Kitchen and dining
28834703,Dining table,Kitchen and dining
28834703,Laundromat nearby,Location features
28834703,Free street parking,Parking and facilities
28834703,Paid parking off premises,Parking and facilities
28834703,Luggage dropoff allowed,Services
28834703,Long term stays allowed,Services
28834703,Self check-in,Services
28834703,Keypad,Services
28834703,Dryer,Not included
1549718186696369487,Hair dryer,Bathroom
1549718186696369487,Shampoo,Bathroom
1549718186696369487,Hot water,Bathroom
1549718186696369487,Essentials,Bedroom and laundry
44476913,Shower gel,Bathroom
1549718186696369487,Hangers,Bedroom and laundry
1549718186696369487,Bed linens,Bedroom and laundry
1549718186696369487,Extra pillows and blankets,Bedroom and laundry
1549718186696369487,Iron,Bedroom and laundry
1549718186696369487,Clothing storage,Bedroom and laundry
1549718186696369487,TV,Entertainment
1549718186696369487,Table corner guards,Family
1549718186696369487,Air conditioning,Heating and cooling
1549718186696369487,Heating,Heating and cooling
1549718186696369487,Exterior security cameras on property,Home safety
1549718186696369487,Smoke alarm,Home safety
1549718186696369487,Carbon monoxide alarm,Home safety
1549718186696369487,Wifi,Internet and office
1549718186696369487,Kitchen,Kitchen and dining
1549718186696369487,Refrigerator,Kitchen and dining
1549718186696369487,Microwave,Kitchen and dining
1549718186696369487,Cooking basics,Kitchen and dining
1549718186696369487,Dishes and silverware,Kitchen and dining
1549718186696369487,Freezer,Kitchen and dining
1549718186696369487,Stove,Kitchen and dining
1549718186696369487,Oven,Kitchen and dining
1549718186696369487,Coffee maker,Kitchen and dining
1549718186696369487,Coffee,Kitchen and dining
1549718186696369487,Free parking on premises,Parking and facilities
1549718186696369487,Pets allowed,Services
1549718186696369487,Long term stays allowed,Services
1549718186696369487,Washer,Not included
1549718186696369487,Dryer,Not included
933439592551659784,Hair dryer,Bathroom
933439592551659784,Cleaning products,Bathroom
933439592551659784,Shampoo,Bathroom
933439592551659784,Conditioner,Bathroom
933439592551659784,Body soap,Bathroom
933439592551659784,Hot water,Bathroom
933439592551659784,Free washer – In unit,Bedroom and laundry
933439592551659784,Free dryer – In unit,Bedroom and laundry
933439592551659784,Essentials,Bedroom and laundry
933439592551659784,Bed linens,Bedroom and laundry
933439592551659784,Extra pillows and blankets,Bedroom and laundry
933439592551659784,Room-darkening shades,Bedroom and laundry
933439592551659784,Iron,Bedroom and laundry
933439592551659784,Clothing storage: closet,Bedroom and laundry
933439592551659784,55 inch HDTV with Roku,Entertainment
933439592551659784,Portable fans,Heating and cooling
933439592551659784,Central heating,Heating and cooling
933439592551659784,Exterior security cameras on property,Home safety
933439592551659784,Fire extinguisher,Home safety
933439592551659784,Fast wifi – 317 Mbps,Internet and office
933439592551659784,Dedicated workspace,Internet and office
933439592551659784,Kitchen,Kitchen and dining
933439592551659784,Refrigerator,Kitchen and dining
933439592551659784,Microwave,Kitchen and dining
933439592551659784,Cooking basics,Kitchen and dining
933439592551659784,Dishes and silverware,Kitchen and dining
933439592551659784,Freezer,Kitchen and dining
933439592551659784,Hot water kettle,Kitchen and dining
933439592551659784,Coffee maker: Keurig coffee machine,Kitchen and dining
933439592551659784,Toaster,Kitchen and dining
933439592551659784,Dining table,Kitchen and dining
933439592551659784,Coffee,Kitchen and dining
933439592551659784,Private entrance,Location features
933439592551659784,Laundromat nearby,Location features
933439592551659784,Private patio or balcony,Outdoor
933439592551659784,Shared backyard – Fully fenced,Outdoor
933439592551659784,Outdoor dining area,Outdoor
933439592551659784,Free street parking,Parking and facilities
933439592551659784,Single level home,Parking and facilities
933439592551659784,Luggage dropoff allowed,Services
933439592551659784,Self check-in,Services
933439592551659784,Smart lock,Services
933439592551659784,Air conditioning,Not included
933439592551659784,Smoke alarm,Not included
933439592551659784,Carbon monoxide alarm,Not included
34487373,Hair dryer,Bathroom
34487373,Shampoo,Bathroom
34487373,Hot water,Bathroom
34487373,Essentials,Bedroom and laundry
34487373,Hangers,Bedroom and laundry
34487373,Iron,Bedroom and laundry
34487373,TV with standard cable,Entertainment
34487373,Crib,Family
34487373,Air conditioning,Heating and cooling
34487373,Heating,Heating and cooling
34487373,Smoke alarm,Home safety
34487373,Carbon monoxide alarm,Home safety
34487373,Fire extinguisher,Home safety
34487373,First aid kit,Home safety
34487373,Wifi,Internet and office
34487373,Dedicated workspace,Internet and office
34487373,Refrigerator,Kitchen and dining
34487373,Coffee maker,Kitchen and dining
34487373,Luggage dropoff allowed,Services
34487373,Kitchen,Not included
34487373,Washer,Not included
34487373,Private entrance,Not included
1384207415200635749,Bathtub,Bathroom
1384207415200635749,Hair dryer,Bathroom
1384207415200635749,Cleaning products,Bathroom
1384207415200635749,Shampoo,Bathroom
1384207415200635749,Conditioner,Bathroom
1384207415200635749,Body soap,Bathroom
1384207415200635749,Hot water,Bathroom
1384207415200635749,Shower gel,Bathroom
1384207415200635749,Dryer,Bedroom and laundry
1384207415200635749,Essentials,Bedroom and laundry
1384207415200635749,Hangers,Bedroom and laundry
1384207415200635749,Bed linens,Bedroom and laundry
1384207415200635749,Extra pillows and blankets,Bedroom and laundry
1384207415200635749,Room-darkening shades,Bedroom and laundry
1384207415200635749,Iron,Bedroom and laundry
1384207415200635749,Drying rack for clothing,Bedroom and laundry
1384207415200635749,Clothing storage,Bedroom and laundry
1384207415200635749,TV with standard cable,Entertainment
1384207415200635749,Sound system,Entertainment
1384207415200635749,Exercise equipment,Entertainment
1384207415200635749,Board games,Family
1384207415200635749,Air conditioning,Heating and cooling
1384207415200635749,Portable fans,Heating and cooling
1384207415200635749,Heating,Heating and cooling
1384207415200635749,Exterior security cameras on property,Home safety
1384207415200635749,Smoke alarm,Home safety
1384207415200635749,Carbon monoxide alarm,Home safety
1384207415200635749,Fire extinguisher,Home safety
1384207415200635749,First aid kit,Home safety
1384207415200635749,Wifi,Internet and office
1384207415200635749,Dedicated workspace,Internet and office
1384207415200635749,Kitchen,Kitchen and dining
1384207415200635749,Refrigerator,Kitchen and dining
1384207415200635749,Microwave,Kitchen and dining
1384207415200635749,Cooking basics,Kitchen and dining
1384207415200635749,Dishes and silverware,Kitchen and dining
1384207415200635749,Freezer,Kitchen and dining
1384207415200635749,Dishwasher,Kitchen and dining
1384207415200635749,Stove,Kitchen and dining
1384207415200635749,Oven,Kitchen and dining
1384207415200635749,Hot water kettle,Kitchen and dining
1384207415200635749,Coffee maker: pour-over coffee,Kitchen and dining
1384207415200635749,Wine glasses,Kitchen and dining
1384207415200635749,Toaster,Kitchen and dining
1384207415200635749,Baking sheet,Kitchen and dining
1384207415200635749,Blender,Kitchen and dining
1384207415200635749,Rice maker,Kitchen and dining
1384207415200635749,Barbecue utensils,Kitchen and dining
1384207415200635749,Dining table,Kitchen and dining
1384207415200635749,Coffee,Kitchen and dining
1384207415200635749,Laundromat nearby,Location features
1384207415200635749,Patio or balcony,Outdoor
1384207415200635749,Backyard,Outdoor
1384207415200635749,Outdoor furniture,Outdoor
1384207415200635749,Outdoor dining area,Outdoor
1384207415200635749,BBQ grill,Outdoor
1384207415200635749,Free street parking,Parking and facilities
1384207415200635749,Gym,Parking and facilities
1384207415200635749,Pets allowed,Services
1384207415200635749,Long term stays allowed,Services
1384207415200635749,Self check-in,Services
1384207415200635749,Keypad,Services
1384207415200635749,Lock on bedroom door,Privacy and safety
1384207415200635749,Washer,Privacy and safety
1132885048746136541,Hot water,Bathroom
1132885048746136541,Washer – In building,Bedroom and laundry
1132885048746136541,Dryer – In building,Bedroom and laundry
1132885048746136541,Essentials,Bedroom and laundry
1132885048746136541,Hangers,Bedroom and laundry
1132885048746136541,Bed linens,Bedroom and laundry
1132885048746136541,TV,Entertainment
1132885048746136541,Air conditioning,Heating and cooling
1132885048746136541,Heating,Heating and cooling
1132885048746136541,Smoke alarm,Home safety
1132885048746136541,Carbon monoxide alarm,Home safety
1132885048746136541,Wifi,Internet and office
1132885048746136541,Dedicated workspace,Internet and office
1132885048746136541,Kitchen,Kitchen and dining
1132885048746136541,Refrigerator,Kitchen and dining
1132885048746136541,Microwave,Kitchen and dining
1132885048746136541,Cooking basics,Kitchen and dining
1132885048746136541,Dishes and silverware,Kitchen and dining
1132885048746136541,Freezer,Kitchen and dining
1132885048746136541,Stove,Kitchen and dining
1132885048746136541,Oven,Kitchen and dining
1132885048746136541,Coffee maker,Kitchen and dining
1132885048746136541,Dining table,Kitchen and dining
1132885048746136541,Free parking on premises,Parking and facilities
1132885048746136541,Long term stays allowed,Services
1132885048746136541,Hair dryer,Not included
1132885048746136541,Shampoo,Not included
1132885048746136541,Private entrance,Not included
1256752579877769406,Bathtub,Bathroom
1256752579877769406,Hair dryer,Bathroom
1256752579877769406,Cleaning products,Bathroom
1256752579877769406,Shampoo,Bathroom
1256752579877769406,Conditioner,Bathroom
1256752579877769406,Body soap,Bathroom
1256752579877769406,Hot water,Bathroom
1256752579877769406,Shower gel,Bathroom
1256752579877769406,Washer,Bedroom and laundry
1256752579877769406,Dryer,Bedroom and laundry
1256752579877769406,Essentials,Bedroom and laundry
1256752579877769406,Hangers,Bedroom and laundry
1256752579877769406,Bed linens,Bedroom and laundry
1256752579877769406,Iron,Bedroom and laundry
1256752579877769406,Drying rack for clothing,Bedroom and laundry
1256752579877769406,TV,Entertainment
1256752579877769406,Crib,Family
1256752579877769406,Air conditioning,Heating and cooling
1256752579877769406,Heating,Heating and cooling
1256752579877769406,Smoke alarm,Home safety
1256752579877769406,Carbon monoxide alarm,Home safety
1256752579877769406,Fire extinguisher,Home safety
1256752579877769406,First aid kit,Home safety
1256752579877769406,Wifi,Internet and office
1256752579877769406,Dedicated workspace,Internet and office
1256752579877769406,Kitchen,Kitchen and dining
1256752579877769406,Refrigerator,Kitchen and dining
1256752579877769406,Microwave,Kitchen and dining
1256752579877769406,Cooking basics,Kitchen and dining
1256752579877769406,Dishes and silverware,Kitchen and dining
1256752579877769406,Dishwasher,Kitchen and dining
1256752579877769406,Stove,Kitchen and dining
1256752579877769406,Oven,Kitchen and dining
1256752579877769406,Hot water kettle,Kitchen and dining
1256752579877769406,Coffee maker,Kitchen and dining
1256752579877769406,Wine glasses,Kitchen and dining
1256752579877769406,Toaster,Kitchen and dining
1256752579877769406,Blender,Kitchen and dining
1256752579877769406,Dining table,Kitchen and dining
1256752579877769406,Coffee,Kitchen and dining
1256752579877769406,BBQ grill,Outdoor
1256752579877769406,Free parking on premises,Parking and facilities
1256752579877769406,Pets allowed,Services
1256752579877769406,Long term stays allowed,Services
1256752579877769406,Self check-in,Services
1256752579877769406,Keypad,Services
1256752579877769406,Private entrance,Not included
1380857047072012045,Bathtub,Bathroom
1380857047072012045,Hair dryer,Bathroom
1380857047072012045,Conditioner,Bathroom
1380857047072012045,Body soap,Bathroom
1380857047072012045,Hot water,Bathroom
1380857047072012045,Washer,Bedroom and laundry
1380857047072012045,Free dryer – In building,Bedroom and laundry
1380857047072012045,Essentials,Bedroom and laundry
1380857047072012045,Hangers,Bedroom and laundry
1380857047072012045,Bed linens,Bedroom and laundry
1380857047072012045,Clothing storage,Bedroom and laundry
1380857047072012045,Air conditioning,Heating and cooling
1380857047072012045,Heating,Heating and cooling
1380857047072012045,Lock on bedroom door,Privacy and safety
1380857047072012045,Smoke alarm,Privacy and safety
1380857047072012045,Carbon monoxide alarm,Privacy and safety
1380857047072012045,Fire extinguisher,Privacy and safety
1380857047072012045,First aid kit,Privacy and safety
1380857047072012045,Wifi,Internet and office
1380857047072012045,Dedicated workspace,Internet and office
1380857047072012045,Free street parking,Parking and facilities
1380857047072012045,Single level home,Parking and facilities
1380857047072012045,Pets allowed,Services
1380857047072012045,Luggage dropoff allowed,Services
1380857047072012045,Exterior security cameras on property,Not included
1380857047072012045,Kitchen,Not included
1380857047072012045,TV,Not included
705370482416709329,Bathtub,Bathroom
705370482416709329,Hair dryer,Bathroom
705370482416709329,Cleaning products,Bathroom
705370482416709329,Shampoo,Bathroom
705370482416709329,Conditioner,Bathroom
705370482416709329,Body soap,Bathroom
705370482416709329,Hot water,Bathroom
705370482416709329,Shower gel,Bathroom
705370482416709329,Essentials,Bedroom and laundry
705370482416709329,Hangers,Bedroom and laundry
705370482416709329,Bed linens,Bedroom and laundry
705370482416709329,Extra pillows and blankets,Bedroom and laundry
705370482416709329,Room-darkening shades,Bedroom and laundry
705370482416709329,Iron,Bedroom and laundry
705370482416709329,Clothing storage: closet and dresser,Bedroom and laundry
705370482416709329,TV,Entertainment
705370482416709329,Air conditioning,Heating and cooling
705370482416709329,Heating,Heating and cooling
705370482416709329,Smoke alarm,Home safety
705370482416709329,Carbon monoxide alarm,Home safety
705370482416709329,Fire extinguisher,Home safety
705370482416709329,First aid kit,Home safety
705370482416709329,Wifi,Internet and office
705370482416709329,Dedicated workspace,Internet and office
705370482416709329,Kitchen,Kitchen and dining
705370482416709329,Refrigerator,Kitchen and dining
705370482416709329,Microwave,Kitchen and dining
39729344,TV,Entertainment
705370482416709329,Cooking basics,Kitchen and dining
705370482416709329,Dishes and silverware,Kitchen and dining
705370482416709329,Freezer,Kitchen and dining
705370482416709329,Dishwasher,Kitchen and dining
705370482416709329,Stove,Kitchen and dining
705370482416709329,Oven,Kitchen and dining
705370482416709329,Hot water kettle,Kitchen and dining
705370482416709329,"Coffee maker: drip coffee maker, Keurig coffee machine",Kitchen and dining
705370482416709329,Wine glasses,Kitchen and dining
705370482416709329,Toaster,Kitchen and dining
705370482416709329,Baking sheet,Kitchen and dining
705370482416709329,Coffee,Kitchen and dining
705370482416709329,Shared beach access,Location features
705370482416709329,Free parking on premises,Parking and facilities
705370482416709329,Host greets you,Services
705370482416709329,Exterior security cameras on property,Not included
705370482416709329,Washer,Not included
705370482416709329,Dryer,Not included
1524420567744285831,Bathtub,Bathroom
1524420567744285831,Hair dryer,Bathroom
1524420567744285831,Cleaning products,Bathroom
1524420567744285831,Shampoo,Bathroom
1524420567744285831,Conditioner,Bathroom
1524420567744285831,Body soap,Bathroom
1524420567744285831,Hot water,Bathroom
1524420567744285831,Shower gel,Bathroom
1524420567744285831,Paid washer – In building,Bedroom and laundry
1524420567744285831,Paid dryer – In building,Bedroom and laundry
1524420567744285831,Essentials,Bedroom and laundry
1524420567744285831,Hangers,Bedroom and laundry
1524420567744285831,Bed linens,Bedroom and laundry
1524420567744285831,Extra pillows and blankets,Bedroom and laundry
1524420567744285831,Iron,Bedroom and laundry
1524420567744285831,Clothing storage: walk-in closet,Bedroom and laundry
1524420567744285831,TV,Entertainment
1524420567744285831,Pack ’n play/Travel crib - always at the listing,Family
1524420567744285831,Fireplace guards,Family
1524420567744285831,Central air conditioning,Heating and cooling
1524420567744285831,Indoor fireplace,Heating and cooling
1524420567744285831,Central heating,Heating and cooling
1524420567744285831,Smoke alarm,Home safety
1524420567744285831,Carbon monoxide alarm,Home safety
1524420567744285831,Fire extinguisher,Home safety
1524420567744285831,First aid kit,Home safety
1524420567744285831,Wifi,Internet and office
1524420567744285831,Kitchen,Kitchen and dining
1524420567744285831,Microwave,Kitchen and dining
1524420567744285831,Cooking basics,Kitchen and dining
1524420567744285831,Dishes and silverware,Kitchen and dining
1524420567744285831,Freezer,Kitchen and dining
1524420567744285831,Dishwasher,Kitchen and dining
1524420567744285831,Gas stove,Kitchen and dining
1524420567744285831,Oven,Kitchen and dining
1524420567744285831,Hot water kettle,Kitchen and dining
1524420567744285831,Coffee maker: Keurig coffee machine,Kitchen and dining
1524420567744285831,Wine glasses,Kitchen and dining
1524420567744285831,Dining table,Kitchen and dining
1524420567744285831,Coffee,Kitchen and dining
1524420567744285831,Sun loungers,Outdoor
1524420567744285831,Free parking on premises,Parking and facilities
1524420567744285831,Free street parking,Parking and facilities
1524420567744285831,Pool,Parking and facilities
1524420567744285831,Elevator,Parking and facilities
1524420567744285831,Single level home,Parking and facilities
1524420567744285831,Pets allowed,Services
1524420567744285831,Long term stays allowed,Services
1524420567744285831,Exterior security cameras on property,Not included
654499264267120637,Hair dryer,Bathroom
654499264267120637,Washer,Bedroom and laundry
654499264267120637,Dryer,Bedroom and laundry
654499264267120637,Iron,Bedroom and laundry
654499264267120637,TV,Entertainment
654499264267120637,Air conditioning,Heating and cooling
654499264267120637,Heating,Heating and cooling
654499264267120637,Lock on bedroom door,Privacy and safety
654499264267120637,Smoke alarm,Privacy and safety
654499264267120637,Fire extinguisher,Privacy and safety
654499264267120637,First aid kit,Privacy and safety
654499264267120637,Wifi,Internet and office
654499264267120637,Dedicated workspace,Internet and office
654499264267120637,Kitchen,Kitchen and dining
654499264267120637,Refrigerator,Kitchen and dining
654499264267120637,Microwave,Kitchen and dining
654499264267120637,Cooking basics,Kitchen and dining
654499264267120637,Dishes and silverware,Kitchen and dining
654499264267120637,Dishwasher,Kitchen and dining
654499264267120637,Stove,Kitchen and dining
654499264267120637,Oven,Kitchen and dining
654499264267120637,Hot water kettle,Kitchen and dining
654499264267120637,Coffee maker,Kitchen and dining
654499264267120637,Wine glasses,Kitchen and dining
654499264267120637,Toaster,Kitchen and dining
654499264267120637,Baking sheet,Kitchen and dining
654499264267120637,Coffee,Kitchen and dining
654499264267120637,Free parking on premises,Parking and facilities
654499264267120637,Smoking allowed,Services
654499264267120637,Host greets you,Services
654499264267120637,Exterior security cameras on property,Not included
654499264267120637,Essentials,Not included
654499264267120637,Carbon monoxide alarm,Not included
654499264267120637,Hot water,Not included
850720093399986020,Garden view,Scenic views
850720093399986020,Hair dryer,Bathroom
850720093399986020,Cleaning products,Bathroom
850720093399986020,Shampoo,Bathroom
850720093399986020,Conditioner,Bathroom
850720093399986020,Body soap,Bathroom
850720093399986020,Hot water,Bathroom
850720093399986020,Shower gel,Bathroom
850720093399986020,Essentials,Bedroom and laundry
850720093399986020,Hangers,Bedroom and laundry
850720093399986020,Bed linens,Bedroom and laundry
850720093399986020,Extra pillows and blankets,Bedroom and laundry
850720093399986020,Room-darkening shades,Bedroom and laundry
850720093399986020,Iron,Bedroom and laundry
850720093399986020,Clothing storage: wardrobe,Bedroom and laundry
850720093399986020,"HDTV with Amazon Prime Video, Netflix, Disney+, Roku, Hulu, Apple TV, HBO Max",Entertainment
850720093399986020,Sound system,Entertainment
850720093399986020,Books and reading material,Entertainment
850720093399986020,AC - split type ductless system,Heating and cooling
850720093399986020,Portable fans,Heating and cooling
850720093399986020,Radiant heating,Heating and cooling
850720093399986020,Smoke alarm,Home safety
850720093399986020,Carbon monoxide alarm,Home safety
850720093399986020,Fire extinguisher,Home safety
850720093399986020,First aid kit,Home safety
850720093399986020,Wifi,Internet and office
850720093399986020,Dedicated workspace,Internet and office
850720093399986020,Kitchen,Kitchen and dining
850720093399986020,Refrigerator,Kitchen and dining
850720093399986020,Microwave,Kitchen and dining
850720093399986020,Cooking basics,Kitchen and dining
850720093399986020,Dishes and silverware,Kitchen and dining
850720093399986020,Freezer,Kitchen and dining
850720093399986020,Induction stove,Kitchen and dining
850720093399986020,Hot water kettle,Kitchen and dining
850720093399986020,Coffee maker: Keurig coffee machine,Kitchen and dining
850720093399986020,Toaster,Kitchen and dining
850720093399986020,Blender,Kitchen and dining
850720093399986020,Dining table,Kitchen and dining
850720093399986020,Coffee,Kitchen and dining
850720093399986020,Private entrance,Location features
850720093399986020,Laundromat nearby,Location features
850720093399986020,Shared backyard – Fully fenced,Outdoor
850720093399986020,Outdoor dining area,Outdoor
850720093399986020,Free street parking,Parking and facilities
850720093399986020,Single level home,Parking and facilities
850720093399986020,Self check-in,Services
850720093399986020,Lockbox,Services
850720093399986020,Exterior security cameras on property,Not included
850720093399986020,Washer,Not included
850720093399986020,Dryer,Not included
1439259377424958031,Cleaning products,Bathroom
1439259377424958031,Shampoo,Bathroom
1439259377424958031,Conditioner,Bathroom
1439259377424958031,Body soap,Bathroom
1439259377424958031,Hot water,Bathroom
1439259377424958031,Washer,Bedroom and laundry
1439259377424958031,Free dryer – In unit,Bedroom and laundry
1439259377424958031,Hangers,Bedroom and laundry
1439259377424958031,Clothing storage: closet,Bedroom and laundry
1439259377424958031,TV,Entertainment
1439259377424958031,Exercise equipment,Entertainment
1439259377424958031,Air conditioning,Heating and cooling
1439259377424958031,Central heating,Heating and cooling
1439259377424958031,Smoke alarm,Home safety
1439259377424958031,Carbon monoxide alarm,Home safety
1439259377424958031,Fire extinguisher,Home safety
1439259377424958031,Wifi,Internet and office
1439259377424958031,Dedicated workspace,Internet and office
1439259377424958031,Kitchen,Kitchen and dining
1439259377424958031,Microwave,Kitchen and dining
1439259377424958031,Cooking basics,Kitchen and dining
1439259377424958031,Dishes and silverware,Kitchen and dining
1439259377424958031,Freezer,Kitchen and dining
1439259377424958031,Dishwasher,Kitchen and dining
1439259377424958031,Induction stove,Kitchen and dining
1439259377424958031,Coffee maker: Keurig coffee machine,Kitchen and dining
1439259377424958031,Toaster,Kitchen and dining
1439259377424958031,Dining table,Kitchen and dining
1439259377424958031,Coffee,Kitchen and dining
1439259377424958031,Private patio or balcony,Outdoor
1439259377424958031,Fire pit,Outdoor
1439259377424958031,Outdoor dining area,Outdoor
1439259377424958031,BBQ grill,Outdoor
1439259377424958031,Free street parking,Parking and facilities
13674799,Toaster,Kitchen and dining
1439259377424958031,Elevator,Parking and facilities
1439259377424958031,Shared gym in building,Parking and facilities
1439259377424958031,Paid parking on premises,Parking and facilities
1439259377424958031,Long term stays allowed,Services
1439259377424958031,Self check-in,Services
1439259377424958031,Keypad,Services
1439259377424958031,Exterior security cameras on property,Not included
1439259377424958031,Essentials,Not included
1268136170467948347,Hair dryer,Bathroom
1268136170467948347,Shampoo,Bathroom
1268136170467948347,Conditioner,Bathroom
1268136170467948347,Body soap,Bathroom
1268136170467948347,Hot water,Bathroom
1268136170467948347,Shower gel,Bathroom
1268136170467948347,Washer,Bedroom and laundry
1268136170467948347,Dryer,Bedroom and laundry
1268136170467948347,Essentials,Bedroom and laundry
1268136170467948347,Hangers,Bedroom and laundry
1268136170467948347,Bed linens,Bedroom and laundry
1268136170467948347,Iron,Bedroom and laundry
1268136170467948347,Clothing storage,Bedroom and laundry
1268136170467948347,TV,Entertainment
1268136170467948347,Air conditioning,Heating and cooling
1268136170467948347,Heating,Heating and cooling
1268136170467948347,Smoke alarm,Home safety
1268136170467948347,Carbon monoxide alarm,Home safety
1268136170467948347,First aid kit,Home safety
1268136170467948347,Wifi,Internet and office
1268136170467948347,Kitchen,Kitchen and dining
1268136170467948347,Refrigerator,Kitchen and dining
1268136170467948347,Microwave,Kitchen and dining
1268136170467948347,Cooking basics,Kitchen and dining
1268136170467948347,Dishes and silverware,Kitchen and dining
1268136170467948347,Stove,Kitchen and dining
1268136170467948347,Oven,Kitchen and dining
1268136170467948347,Coffee maker,Kitchen and dining
1268136170467948347,Wine glasses,Kitchen and dining
1268136170467948347,Toaster,Kitchen and dining
1268136170467948347,Dining table,Kitchen and dining
1268136170467948347,Coffee,Kitchen and dining
1268136170467948347,Beach access,Location features
1268136170467948347,Paid parking lot off premises,Parking and facilities
1268136170467948347,Self check-in,Services
1268136170467948347,Keypad,Services
1268136170467948347,Exterior security cameras on property,Not included
1055187938063143300,City skyline view,Scenic views
1055187938063143300,Bathtub,Bathroom
1055187938063143300,Hair dryer,Bathroom
1055187938063143300,Cleaning products,Bathroom
1055187938063143300,Shampoo,Bathroom
1055187938063143300,Conditioner,Bathroom
1055187938063143300,Body soap,Bathroom
1055187938063143300,Hot water,Bathroom
1055187938063143300,Shower gel,Bathroom
1055187938063143300,Washer,Bedroom and laundry
1055187938063143300,Free dryer – In unit,Bedroom and laundry
1055187938063143300,Essentials,Bedroom and laundry
1055187938063143300,Hangers,Bedroom and laundry
1055187938063143300,Bed linens,Bedroom and laundry
1055187938063143300,Extra pillows and blankets,Bedroom and laundry
1055187938063143300,Room-darkening shades,Bedroom and laundry
1055187938063143300,Iron,Bedroom and laundry
1055187938063143300,TV,Entertainment
1055187938063143300,Air conditioning,Heating and cooling
1055187938063143300,Central heating,Heating and cooling
1055187938063143300,Fire extinguisher,Home safety
1055187938063143300,First aid kit,Home safety
1055187938063143300,Wifi,Internet and office
1055187938063143300,Dedicated workspace,Internet and office
1055187938063143300,Kitchen,Kitchen and dining
1055187938063143300,Refrigerator,Kitchen and dining
1055187938063143300,Microwave,Kitchen and dining
1055187938063143300,Cooking basics,Kitchen and dining
1055187938063143300,Dishes and silverware,Kitchen and dining
1055187938063143300,Freezer,Kitchen and dining
1055187938063143300,Dishwasher,Kitchen and dining
1055187938063143300,Stove,Kitchen and dining
1055187938063143300,Stainless steel oven,Kitchen and dining
1055187938063143300,Hot water kettle,Kitchen and dining
1055187938063143300,Coffee maker: Keurig coffee machine,Kitchen and dining
1055187938063143300,Baking sheet,Kitchen and dining
1055187938063143300,Coffee,Kitchen and dining
1055187938063143300,Free parking on premises,Parking and facilities
1055187938063143300,Pets allowed,Services
1055187938063143300,Smoking allowed,Services
1055187938063143300,Self check-in,Services
1055187938063143300,Smart lock,Services
1055187938063143300,Exterior security cameras on property,Not included
1055187938063143300,Smoke alarm,Not included
1055187938063143300,Carbon monoxide alarm,Not included
965836734967050413,Bathtub,Bathroom
965836734967050413,Hair dryer,Bathroom
965836734967050413,Hot water,Bathroom
965836734967050413,Free washer – In unit,Bedroom and laundry
965836734967050413,Free dryer – In unit,Bedroom and laundry
965836734967050413,Essentials,Bedroom and laundry
965836734967050413,Bed linens,Bedroom and laundry
965836734967050413,Piano,Entertainment
965836734967050413,Babysitter recommendations,Family
965836734967050413,Air conditioning,Heating and cooling
965836734967050413,Heating - split type ductless system,Heating and cooling
965836734967050413,Smoke alarm,Home safety
965836734967050413,Carbon monoxide alarm,Home safety
965836734967050413,Wifi,Internet and office
965836734967050413,Dedicated workspace,Internet and office
965836734967050413,Backyard,Outdoor
965836734967050413,Free street parking,Parking and facilities
965836734967050413,Luggage dropoff allowed,Services
965836734967050413,Self check-in,Services
965836734967050413,Lockbox,Services
965836734967050413,Lock on bedroom door,Privacy and safety
968356497739578739,Shampoo,Bathroom
3259107,Washer,Bedroom and laundry
3259107,Dryer,Bedroom and laundry
45841551,Shampoo,Bathroom
45841551,Conditioner,Bathroom
45841551,Body soap,Bathroom
45841551,Hot water,Bathroom
45841551,Shower gel,Bathroom
965836734967050413,Exterior security cameras on property,Privacy and safety
965836734967050413,Kitchen,Privacy and safety
965836734967050413,TV,Privacy and safety
1281302979352188852,Bathtub,Bathroom
1281302979352188852,Hair dryer,Bathroom
1281302979352188852,Cleaning products,Bathroom
1281302979352188852,Shampoo,Bathroom
1281302979352188852,Body soap,Bathroom
1281302979352188852,Bidet,Bathroom
1281302979352188852,Hot water,Bathroom
1281302979352188852,Shower gel,Bathroom
1281302979352188852,Hangers,Bedroom and laundry
1281302979352188852,Bed linens,Bedroom and laundry
1281302979352188852,Extra pillows and blankets,Bedroom and laundry
1281302979352188852,Room-darkening shades,Bedroom and laundry
1281302979352188852,Iron,Bedroom and laundry
1281302979352188852,Drying rack for clothing,Bedroom and laundry
1281302979352188852,Clothing storage,Bedroom and laundry
1281302979352188852,"HDTV with Netflix, Hulu, Disney+",Entertainment
1281302979352188852,Window AC unit,Heating and cooling
1281302979352188852,Ceiling fan,Heating and cooling
1281302979352188852,Heating,Heating and cooling
1281302979352188852,Lock on bedroom door,Privacy and safety
1281302979352188852,Smoke alarm,Privacy and safety
1281302979352188852,Carbon monoxide alarm,Privacy and safety
1281302979352188852,Wifi,Internet and office
1281302979352188852,Kitchen,Kitchen and dining
1281302979352188852,Refrigerator,Kitchen and dining
1281302979352188852,Microwave,Kitchen and dining
1281302979352188852,Cooking basics,Kitchen and dining
1281302979352188852,Mini fridge,Kitchen and dining
1281302979352188852,Freezer,Kitchen and dining
1281302979352188852,Stove,Kitchen and dining
1281302979352188852,Oven,Kitchen and dining
1281302979352188852,Hot water kettle,Kitchen and dining
1281302979352188852,Coffee maker,Kitchen and dining
1281302979352188852,Trash compactor,Kitchen and dining
1281302979352188852,Coffee,Kitchen and dining
1281302979352188852,Laundromat nearby,Location features
1281302979352188852,Luggage dropoff allowed,Services
1281302979352188852,Long term stays allowed,Services
1281302979352188852,Self check-in,Services
1281302979352188852,Lockbox,Services
1281302979352188852,Exterior security cameras on property,Not included
1281302979352188852,Washer,Not included
1281302979352188852,Dryer,Not included
1281302979352188852,Essentials,Not included
1334820836709534179,Hair dryer,Bathroom
1334820836709534179,Cleaning products,Bathroom
1334820836709534179,Generic shampoo,Bathroom
1334820836709534179,Conditioner,Bathroom
1334820836709534179,Generic body soap,Bathroom
1334820836709534179,Hot water,Bathroom
1334820836709534179,Shower gel,Bathroom
1334820836709534179,Iron,Bedroom and laundry
1334820836709534179,Smoke alarm,Home safety
1334820836709534179,Fire extinguisher,Home safety
1334820836709534179,First aid kit,Home safety
1334820836709534179,Wifi,Internet and office
1334820836709534179,Kitchen,Kitchen and dining
1334820836709534179,Cooking basics,Kitchen and dining
801336,Mountain view,Scenic views
1334820836709534179,Paid parking on premises,Parking and facilities
1334820836709534179,Pets allowed,Services
1334820836709534179,Self check-in,Services
1334820836709534179,Keypad,Services
1334820836709534179,Exterior security cameras on property,Not included
1334820836709534179,TV,Not included
1334820836709534179,Washer,Not included
1334820836709534179,Dryer,Not included
1334820836709534179,Air conditioning,Not included
1334820836709534179,Essentials,Not included
1334820836709534179,Carbon monoxide alarm,Not included
1334820836709534179,Heating,Not included
1008246140374586613,Hair dryer,Bathroom
1008246140374586613,Cleaning products,Bathroom
1008246140374586613,Shampoo,Bathroom
1008246140374586613,Bidet,Bathroom
1008246140374586613,Hot water,Bathroom
1008246140374586613,Paid washer – In building,Bedroom and laundry
1008246140374586613,Paid dryer – In building,Bedroom and laundry
1008246140374586613,Essentials,Bedroom and laundry
1008246140374586613,Hangers,Bedroom and laundry
1008246140374586613,Bed linens,Bedroom and laundry
1008246140374586613,Extra pillows and blankets,Bedroom and laundry
1008246140374586613,Room-darkening shades,Bedroom and laundry
1008246140374586613,Iron,Bedroom and laundry
1008246140374586613,Safe,Bedroom and laundry
1008246140374586613,Mosquito net,Bedroom and laundry
1008246140374586613,Clothing storage: closet and dresser,Bedroom and laundry
1008246140374586613,TV,Entertainment
1008246140374586613,Samsung Bluetooth sound system,Entertainment
1008246140374586613,Books and reading material,Entertainment
1008246140374586613,Air conditioning,Heating and cooling
1008246140374586613,Ceiling fan,Heating and cooling
1008246140374586613,Portable fans,Heating and cooling
1008246140374586613,Radiant heating,Heating and cooling
1008246140374586613,Lock on bedroom door,Privacy and safety
1008246140374586613,Smoke alarm,Privacy and safety
1008246140374586613,Carbon monoxide alarm,Privacy and safety
1008246140374586613,Fire extinguisher,Privacy and safety
1008246140374586613,First aid kit,Privacy and safety
1008246140374586613,Wifi,Internet and office
1008246140374586613,Dedicated workspace,Internet and office
1008246140374586613,Kitchen,Kitchen and dining
1008246140374586613,Frigidaire refrigerator,Kitchen and dining
1008246140374586613,Microwave,Kitchen and dining
1008246140374586613,Cooking basics,Kitchen and dining
1008246140374586613,Dishes and silverware,Kitchen and dining
1008246140374586613,Mini fridge,Kitchen and dining
1008246140374586613,Frigidaire stainless steel gas stove,Kitchen and dining
1008246140374586613,Stainless steel single oven,Kitchen and dining
1008246140374586613,Hot water kettle,Kitchen and dining
1008246140374586613,Coffee maker: Keurig coffee machine,Kitchen and dining
1008246140374586613,Wine glasses,Kitchen and dining
1008246140374586613,Toaster,Kitchen and dining
1008246140374586613,Baking sheet,Kitchen and dining
1008246140374586613,Blender,Kitchen and dining
1008246140374586613,Dining table,Kitchen and dining
1008246140374586613,Coffee,Kitchen and dining
1008246140374586613,Laundromat nearby,Location features
1008246140374586613,Private patio or balcony,Outdoor
1008246140374586613,Outdoor furniture,Outdoor
1008246140374586613,Outdoor dining area,Outdoor
1008246140374586613,BBQ grill,Outdoor
1008246140374586613,Free parking on premises,Parking and facilities
1008246140374586613,Free street parking,Parking and facilities
1008246140374586613,Paid street parking off premises,Parking and facilities
1008246140374586613,Paid parking lot on premises – 1 space,Parking and facilities
1008246140374586613,Luggage dropoff allowed,Services
1008246140374586613,Long term stays allowed,Services
1008246140374586613,Self check-in,Services
1008246140374586613,Smart lock,Services
1008246140374586613,Exterior security cameras on property,Not included
1918693,City skyline view,Scenic views
1918693,Hair dryer,Bathroom
1918693,Shampoo,Bathroom
1918693,Hot water,Bathroom
1918693,Essentials,Bedroom and laundry
1918693,Hangers,Bedroom and laundry
1918693,Bed linens,Bedroom and laundry
1918693,Extra pillows and blankets,Bedroom and laundry
1918693,Iron,Bedroom and laundry
1918693,Clothing storage: closet,Bedroom and laundry
1918693,Books and reading material,Entertainment
1918693,AC - split type ductless system,Heating and cooling
1918693,Heating,Heating and cooling
1918693,Smoke alarm,Home safety
1918693,Carbon monoxide alarm,Home safety
1918693,First aid kit,Home safety
1918693,Wifi,Internet and office
1918693,Refrigerator,Kitchen and dining
1918693,Coffee maker,Kitchen and dining
1918693,Laundromat nearby,Location features
1918693,Free street parking,Parking and facilities
1918693,Host greets you,Services
1918693,Lock on bedroom door,Privacy and safety
1918693,Exterior security cameras on property,Privacy and safety
1918693,Kitchen,Privacy and safety
1918693,TV with standard cable,Privacy and safety
1918693,Washer,Privacy and safety
1918693,Dryer,Privacy and safety
825394549344382800,Park view,Scenic views
825394549344382800,Bathtub,Bathroom
825394549344382800,Hair dryer,Bathroom
825394549344382800,Cleaning products,Bathroom
825394549344382800,Shampoo,Bathroom
825394549344382800,Conditioner,Bathroom
825394549344382800,Body soap,Bathroom
825394549344382800,Hot water,Bathroom
825394549344382800,Shower gel,Bathroom
825394549344382800,Free washer – In unit,Bedroom and laundry
825394549344382800,Free dryer – In unit,Bedroom and laundry
825394549344382800,Essentials,Bedroom and laundry
825394549344382800,Hangers,Bedroom and laundry
825394549344382800,Bed linens,Bedroom and laundry
825394549344382800,Extra pillows and blankets,Bedroom and laundry
825394549344382800,Room-darkening shades,Bedroom and laundry
825394549344382800,Iron,Bedroom and laundry
825394549344382800,Clothing storage: closet,Bedroom and laundry
825394549344382800,"HDTV with Netflix, Fire TV",Entertainment
825394549344382800,Bose Bluetooth sound system,Entertainment
825394549344382800,Books and reading material,Entertainment
825394549344382800,Life size games,Entertainment
825394549344382800,Children’s books and toys for ages 0-2 years old and 2-5 years old,Family
825394549344382800,Baby bath,Family
825394549344382800,Outlet covers,Family
825394549344382800,Board games,Family
825394549344382800,Babysitter recommendations,Family
825394549344382800,Outdoor playground,Family
825394549344382800,Window AC unit,Heating and cooling
825394549344382800,Portable fans,Heating and cooling
825394549344382800,Radiant heating,Heating and cooling
825394549344382800,Lock on bedroom door,Privacy and safety
825394549344382800,Exterior security cameras on property,Privacy and safety
825394549344382800,Smoke alarm,Privacy and safety
825394549344382800,Carbon monoxide alarm,Privacy and safety
825394549344382800,Fire extinguisher,Privacy and safety
825394549344382800,Wifi,Internet and office
825394549344382800,Dedicated workspace,Internet and office
825394549344382800,Kitchen,Kitchen and dining
825394549344382800,Refrigerator,Kitchen and dining
825394549344382800,Microwave,Kitchen and dining
825394549344382800,Cooking basics,Kitchen and dining
825394549344382800,Dishes and silverware,Kitchen and dining
825394549344382800,Mini fridge,Kitchen and dining
825394549344382800,Freezer,Kitchen and dining
825394549344382800,Stainless steel gas stove,Kitchen and dining
825394549344382800,Oven,Kitchen and dining
825394549344382800,Hot water kettle,Kitchen and dining
825394549344382800,Coffee maker,Kitchen and dining
825394549344382800,Wine glasses,Kitchen and dining
825394549344382800,Toaster,Kitchen and dining
825394549344382800,Baking sheet,Kitchen and dining
825394549344382800,Blender,Kitchen and dining
825394549344382800,Rice maker,Kitchen and dining
825394549344382800,Trash compactor,Kitchen and dining
825394549344382800,Barbecue utensils,Kitchen and dining
825394549344382800,Dining table,Kitchen and dining
825394549344382800,Coffee,Kitchen and dining
825394549344382800,Beach access,Location features
825394549344382800,Laundromat nearby,Location features
825394549344382800,Private backyard – Fully fenced,Outdoor
825394549344382800,BBQ grill,Outdoor
825394549344382800,Free street parking,Parking and facilities
825394549344382800,Paid parking off premises,Parking and facilities
825394549344382800,Single level home,Parking and facilities
825394549344382800,Luggage dropoff allowed,Services
825394549344382800,Long term stays allowed,Services
825394549344382800,Self check-in,Services
825394549344382800,Keypad,Services
825394549344382800,Cleaning available during stay,Services
765327602416869056,Hair dryer,Bathroom
765327602416869056,Cleaning products,Bathroom
765327602416869056,Shampoo,Bathroom
765327602416869056,Conditioner,Bathroom
765327602416869056,Body soap,Bathroom
765327602416869056,Hot water,Bathroom
765327602416869056,Shower gel,Bathroom
765327602416869056,Free washer – In unit,Bedroom and laundry
765327602416869056,Free dryer – In unit,Bedroom and laundry
765327602416869056,Essentials,Bedroom and laundry
765327602416869056,Hangers,Bedroom and laundry
765327602416869056,Bed linens,Bedroom and laundry
765327602416869056,Extra pillows and blankets,Bedroom and laundry
765327602416869056,Room-darkening shades,Bedroom and laundry
765327602416869056,Iron,Bedroom and laundry
765327602416869056,Drying rack for clothing,Bedroom and laundry
765327602416869056,Ethernet connection,Entertainment
765327602416869056,Piano,Entertainment
765327602416869056,Sound system,Entertainment
44476913,Valley view,Scenic views
765327602416869056,"Exercise equipment: free weights, yoga mat",Entertainment
765327602416869056,Ping pong table,Entertainment
765327602416869056,Books and reading material,Entertainment
765327602416869056,Board games,Family
765327602416869056,AC - split type ductless system,Heating and cooling
765327602416869056,Portable fans,Heating and cooling
765327602416869056,Portable heater,Heating and cooling
765327602416869056,Radiant heating,Heating and cooling
765327602416869056,Heating - split type ductless system,Heating and cooling
765327602416869056,Lock on bedroom door,Privacy and safety
765327602416869056,Smoke alarm,Privacy and safety
765327602416869056,Carbon monoxide alarm,Privacy and safety
765327602416869056,First aid kit,Privacy and safety
765327602416869056,Wifi,Internet and office
765327602416869056,Dedicated workspace,Internet and office
765327602416869056,Kitchen,Kitchen and dining
765327602416869056,Refrigerator,Kitchen and dining
765327602416869056,Microwave,Kitchen and dining
765327602416869056,Cooking basics,Kitchen and dining
765327602416869056,Dishes and silverware,Kitchen and dining
765327602416869056,Mini fridge,Kitchen and dining
765327602416869056,Freezer,Kitchen and dining
765327602416869056,Dishwasher,Kitchen and dining
765327602416869056,Gas stove,Kitchen and dining
765327602416869056,Oven,Kitchen and dining
765327602416869056,Hot water kettle,Kitchen and dining
765327602416869056,"Coffee maker: drip coffee maker, pour-over coffee",Kitchen and dining
765327602416869056,Wine glasses,Kitchen and dining
765327602416869056,Toaster,Kitchen and dining
765327602416869056,Baking sheet,Kitchen and dining
765327602416869056,Blender,Kitchen and dining
765327602416869056,Rice maker,Kitchen and dining
765327602416869056,Trash compactor,Kitchen and dining
765327602416869056,Barbecue utensils,Kitchen and dining
765327602416869056,Dining table,Kitchen and dining
765327602416869056,Coffee,Kitchen and dining
765327602416869056,Laundromat nearby,Location features
765327602416869056,Patio or balcony,Outdoor
765327602416869056,Private backyard – Fully fenced,Outdoor
765327602416869056,Outdoor furniture,Outdoor
765327602416869056,Outdoor dining area,Outdoor
765327602416869056,BBQ grill,Outdoor
765327602416869056,Bikes,Outdoor
765327602416869056,Sun loungers,Outdoor
765327602416869056,Free street parking,Parking and facilities
765327602416869056,Luggage dropoff allowed,Services
765327602416869056,Breakfast,Services
765327602416869056,Host greets you,Services
765327602416869056,Exterior security cameras on property,Not included
765327602416869056,TV,Not included
6166826,Bathtub,Bathroom
6166826,Hair dryer,Bathroom
6166826,Cleaning products,Bathroom
6166826,Shampoo,Bathroom
6166826,Conditioner,Bathroom
6166826,Body soap,Bathroom
6166826,Hot water,Bathroom
6166826,Shower gel,Bathroom
6166826,Paid washer,Bedroom and laundry
6166826,Essentials,Bedroom and laundry
6166826,Hangers,Bedroom and laundry
6166826,Bed linens,Bedroom and laundry
6166826,Extra pillows and blankets,Bedroom and laundry
6166826,Iron,Bedroom and laundry
6166826,Clothing storage: closet and dresser,Bedroom and laundry
6166826,"HDTV with Amazon Prime Video, Apple TV, Disney+, HBO Max, Hulu, Netflix, standard cable",Entertainment
6166826,Central air conditioning,Heating and cooling
6166826,Indoor fireplace,Heating and cooling
6166826,Portable fans,Heating and cooling
6166826,Heating,Heating and cooling
6166826,Smoke alarm,Home safety
6166826,Carbon monoxide alarm,Home safety
6166826,Fire extinguisher,Home safety
6166826,First aid kit,Home safety
6166826,Fast wifi – 333 Mbps,Internet and office
6166826,Refrigerator,Kitchen and dining
6166826,Microwave,Kitchen and dining
6166826,Dishes and silverware,Kitchen and dining
6166826,Hot water kettle,Kitchen and dining
6166826,Coffee maker,Kitchen and dining
6166826,Toaster,Kitchen and dining
6166826,Coffee,Kitchen and dining
6166826,Private patio or balcony,Outdoor
6166826,Free parking on premises,Parking and facilities
6166826,EV charger,Parking and facilities
6166826,Single level home,Parking and facilities
6166826,Luggage dropoff allowed,Services
6166826,Breakfast,Services
6166826,Host greets you,Services
6166826,Lock on bedroom door,Privacy and safety
6166826,Kitchen,Privacy and safety
6166826,Dryer,Privacy and safety
13724284,Hair dryer,Bathroom
13724284,Cleaning products,Bathroom
13724284,Shampoo,Bathroom
13724284,Conditioner,Bathroom
13724284,Body soap,Bathroom
13724284,Hot water,Bathroom
13724284,Shower gel,Bathroom
13724284,Paid dryer – In unit,Bedroom and laundry
13724284,Essentials,Bedroom and laundry
13724284,Hangers,Bedroom and laundry
13724284,Bed linens,Bedroom and laundry
13724284,Extra pillows and blankets,Bedroom and laundry
13724284,Room-darkening shades,Bedroom and laundry
13724284,Iron,Bedroom and laundry
13724284,Drying rack for clothing,Bedroom and laundry
13724284,Clothing storage,Bedroom and laundry
13724284,"HDTV with Amazon Prime Video, Apple TV, Disney+, HBO Max, Hulu, Netflix, premium cable",Entertainment
13724284,Books and reading material,Entertainment
13724284,Crib,Family
13724284,Paid pack ’n play/travel crib - available upon request,Family
13724284,Ceiling fan,Heating and cooling
13724284,Portable fans,Heating and cooling
13724284,Heating,Heating and cooling
13724284,Smoke alarm,Home safety
13724284,Carbon monoxide alarm,Home safety
13724284,Fire extinguisher,Home safety
13724284,Wifi,Internet and office
13724284,Dedicated workspace,Internet and office
13724284,Refrigerator,Kitchen and dining
13724284,Microwave,Kitchen and dining
13724284,Dishes and silverware,Kitchen and dining
13724284,Mini fridge,Kitchen and dining
13724284,Freezer,Kitchen and dining
13724284,Hot water kettle,Kitchen and dining
13724284,Coffee maker: Nespresso,Kitchen and dining
13724284,Wine glasses,Kitchen and dining
13724284,Toaster,Kitchen and dining
13724284,Dining table,Kitchen and dining
13724284,Private entrance,Location features
13724284,Laundromat nearby,Location features
13724284,Free street parking,Parking and facilities
13724284,Luggage dropoff allowed,Services
13724284,Long term stays allowed,Services
13724284,Self check-in,Services
13724284,Keypad,Services
13724284,Exterior security cameras on property,Not included
13724284,Kitchen,Not included
13724284,Washer,Not included
13724284,Air conditioning,Not included
1485619082770718395,Hair dryer,Bathroom
1485619082770718395,Shampoo,Bathroom
1485619082770718395,Conditioner,Bathroom
1485619082770718395,Hot water,Bathroom
1485619082770718395,Shower gel,Bathroom
1485619082770718395,Essentials,Bedroom and laundry
1485619082770718395,Hangers,Bedroom and laundry
1485619082770718395,Bed linens,Bedroom and laundry
1485619082770718395,Room-darkening shades,Bedroom and laundry
1485619082770718395,TV,Entertainment
1485619082770718395,Air conditioning,Heating and cooling
1485619082770718395,Heating,Heating and cooling
1485619082770718395,Smoke alarm,Home safety
1485619082770718395,Wifi,Internet and office
1485619082770718395,Elevator,Parking and facilities
1485619082770718395,Gym,Parking and facilities
1485619082770718395,Paid parking on premises,Parking and facilities
1485619082770718395,Luggage dropoff allowed,Services
1485619082770718395,Self check-in,Services
1485619082770718395,Building staff,Services
1485619082770718395,Kitchen,Not included
1485619082770718395,Washer,Not included
1485619082770718395,Carbon monoxide alarm,Not included
1485619082770718395,Private entrance,Not included
25619849,Bathtub,Bathroom
25619849,Hair dryer,Bathroom
25619849,Cleaning products,Bathroom
25619849,Shampoo,Bathroom
25619849,Hot water,Bathroom
25619849,Paid washer – In building,Bedroom and laundry
25619849,Paid dryer – In building,Bedroom and laundry
25619849,Essentials,Bedroom and laundry
25619849,Hangers,Bedroom and laundry
25619849,Bed linens,Bedroom and laundry
25619849,Extra pillows and blankets,Bedroom and laundry
25619849,Iron,Bedroom and laundry
25619849,Clothing storage,Bedroom and laundry
25619849,TV,Entertainment
25619849,Exercise equipment,Entertainment
25619849,Books and reading material,Entertainment
25619849,Movie theater,Entertainment
25619849,Window AC unit,Heating and cooling
25619849,Heating,Heating and cooling
25619849,Lock on bedroom door,Privacy and safety
25619849,Smoke alarm,Privacy and safety
25619849,First aid kit,Privacy and safety
25619849,Wifi,Internet and office
25619849,Dedicated workspace,Internet and office
25619849,Kitchen,Kitchen and dining
25619849,Refrigerator,Kitchen and dining
25619849,Microwave,Kitchen and dining
25619849,Cooking basics,Kitchen and dining
25619849,Dishes and silverware,Kitchen and dining
25619849,Dishwasher,Kitchen and dining
25619849,Stove,Kitchen and dining
25619849,Oven,Kitchen and dining
25619849,Private patio or balcony,Outdoor
25619849,Private backyard – Fully fenced,Outdoor
25619849,Outdoor furniture,Outdoor
25619849,Outdoor dining area,Outdoor
25619849,BBQ grill,Outdoor
25619849,Free street parking,Parking and facilities
25619849,Elevator,Parking and facilities
25619849,Shared gym in building,Parking and facilities
25619849,Luggage dropoff allowed,Services
25619849,Long term stays allowed,Services
25619849,Carbon monoxide alarm,Not included
1054669444835087590,Hair dryer,Bathroom
1054669444835087590,Cleaning products,Bathroom
1054669444835087590,Amazon Brand  shampoo,Bathroom
1054669444835087590,Amazon Brand  body soap,Bathroom
1054669444835087590,Bidet,Bathroom
1054669444835087590,Hot water,Bathroom
1054669444835087590,Shower gel,Bathroom
1054669444835087590,Hangers,Bedroom and laundry
1054669444835087590,Bed linens,Bedroom and laundry
1054669444835087590,Extra pillows and blankets,Bedroom and laundry
1054669444835087590,Room-darkening shades,Bedroom and laundry
1054669444835087590,Iron,Bedroom and laundry
1054669444835087590,Mosquito net,Bedroom and laundry
1054669444835087590,Clothing storage,Bedroom and laundry
1054669444835087590,TV,Entertainment
1054669444835087590,Ceiling fan,Heating and cooling
1054669444835087590,Central heating,Heating and cooling
1054669444835087590,Lock on bedroom door,Privacy and safety
1054669444835087590,Exterior security cameras on property,Privacy and safety
1054669444835087590,Smoke alarm,Privacy and safety
1054669444835087590,Carbon monoxide alarm,Privacy and safety
1054669444835087590,Fire extinguisher,Privacy and safety
1054669444835087590,First aid kit,Privacy and safety
1054669444835087590,Wifi,Internet and office
1054669444835087590,Dedicated workspace,Internet and office
1054669444835087590,Kitchen,Kitchen and dining
1054669444835087590,Refrigerator,Kitchen and dining
1054669444835087590,Microwave,Kitchen and dining
1054669444835087590,Cooking basics,Kitchen and dining
1054669444835087590,Dishes and silverware,Kitchen and dining
1054669444835087590,Freezer,Kitchen and dining
1054669444835087590,Dishwasher,Kitchen and dining
1054669444835087590,Stove,Kitchen and dining
1054669444835087590,Oven,Kitchen and dining
1054669444835087590,Hot water kettle,Kitchen and dining
1054669444835087590,Coffee maker,Kitchen and dining
1054669444835087590,Wine glasses,Kitchen and dining
1054669444835087590,Toaster,Kitchen and dining
1054669444835087590,Trash compactor,Kitchen and dining
1054669444835087590,Dining table,Kitchen and dining
1054669444835087590,Coffee,Kitchen and dining
1054669444835087590,Bread maker,Kitchen and dining
1054669444835087590,Outdoor dining area,Outdoor
1054669444835087590,Luggage dropoff allowed,Services
1054669444835087590,Self check-in,Services
1054669444835087590,Smart lock,Services
1054669444835087590,Paid washer – In unit,Not included
1054669444835087590,Paid dryer – In unit,Not included
1054669444835087590,Air conditioning,Not included
1054669444835087590,Essentials,Not included
1069580354212412517,Hair dryer,Bathroom
1069580354212412517,Shampoo,Bathroom
1069580354212412517,Body soap,Bathroom
1069580354212412517,Essentials,Bedroom and laundry
1069580354212412517,Hangers,Bedroom and laundry
1069580354212412517,Bed linens,Bedroom and laundry
1069580354212412517,Iron,Bedroom and laundry
1069580354212412517,Safe,Bedroom and laundry
1069580354212412517,TV with standard cable,Entertainment
1069580354212412517,Air conditioning,Heating and cooling
1069580354212412517,Heating,Heating and cooling
1069580354212412517,Smoke alarm,Home safety
1069580354212412517,Carbon monoxide alarm,Home safety
1069580354212412517,Fire extinguisher,Home safety
1069580354212412517,Wifi,Internet and office
1069580354212412517,Dedicated workspace,Internet and office
1069580354212412517,Refrigerator,Kitchen and dining
1069580354212412517,Private entrance,Location features
1069580354212412517,Elevator,Parking and facilities
1069580354212412517,Gym,Parking and facilities
1069580354212412517,Paid parking off premises,Parking and facilities
1069580354212412517,Pets allowed,Services
1069580354212412517,Host greets you,Services
1069580354212412517,Kitchen,Not included
1069580354212412517,Washer,Not included
1363031720625577626,Bathtub,Bathroom
1363031720625577626,Hair dryer,Bathroom
1363031720625577626,Cleaning products,Bathroom
1363031720625577626,Shampoo,Bathroom
1363031720625577626,Conditioner,Bathroom
1363031720625577626,Body soap,Bathroom
1363031720625577626,Hot water,Bathroom
1363031720625577626,Shower gel,Bathroom
1363031720625577626,Washer,Bedroom and laundry
1363031720625577626,Hangers,Bedroom and laundry
1363031720625577626,Bed linens,Bedroom and laundry
1363031720625577626,Extra pillows and blankets,Bedroom and laundry
1363031720625577626,Iron,Bedroom and laundry
1363031720625577626,Drying rack for clothing,Bedroom and laundry
1363031720625577626,Clothing storage,Bedroom and laundry
1363031720625577626,TV,Entertainment
1363031720625577626,Air conditioning,Heating and cooling
1363031720625577626,Heating,Heating and cooling
1363031720625577626,Lock on bedroom door,Privacy and safety
1363031720625577626,Exterior security cameras on property,Privacy and safety
1363031720625577626,Smoke alarm,Privacy and safety
1363031720625577626,Carbon monoxide alarm,Privacy and safety
1363031720625577626,Fire extinguisher,Privacy and safety
1363031720625577626,First aid kit,Privacy and safety
1363031720625577626,Wifi,Internet and office
1363031720625577626,Dedicated workspace,Internet and office
1363031720625577626,Hot water kettle,Kitchen and dining
1363031720625577626,Coffee maker,Kitchen and dining
1363031720625577626,Coffee,Kitchen and dining
1363031720625577626,Laundromat nearby,Location features
1363031720625577626,Luggage dropoff allowed,Services
1363031720625577626,Long term stays allowed,Services
1363031720625577626,Self check-in,Services
1363031720625577626,Smart lock,Services
1363031720625577626,Housekeeping available every day - available at extra cost,Services
1363031720625577626,Kitchen,Not included
1363031720625577626,Essentials,Not included
1363031720625577626,Private entrance,Not included
660082095537116529,Bathtub,Bathroom
660082095537116529,Cleaning products,Bathroom
660082095537116529,Shampoo,Bathroom
660082095537116529,Conditioner,Bathroom
660082095537116529,Body soap,Bathroom
660082095537116529,Hot water,Bathroom
660082095537116529,Shower gel,Bathroom
660082095537116529,Free washer – In building,Bedroom and laundry
660082095537116529,Free dryer – In building,Bedroom and laundry
660082095537116529,Essentials,Bedroom and laundry
660082095537116529,Hangers,Bedroom and laundry
660082095537116529,Bed linens,Bedroom and laundry
660082095537116529,Extra pillows and blankets,Bedroom and laundry
660082095537116529,Room-darkening shades,Bedroom and laundry
660082095537116529,TV,Entertainment
660082095537116529,Game console: Xbox Series X,Entertainment
660082095537116529,Books and reading material,Entertainment
660082095537116529,Children’s dinnerware,Family
660082095537116529,Window AC unit,Heating and cooling
660082095537116529,Portable fans,Heating and cooling
660082095537116529,Central heating,Heating and cooling
660082095537116529,Lock on bedroom door,Privacy and safety
660082095537116529,Smoke alarm,Privacy and safety
660082095537116529,First aid kit,Privacy and safety
660082095537116529,Fast wifi – 333 Mbps,Internet and office
660082095537116529,Kitchen,Kitchen and dining
660082095537116529,Refrigerator,Kitchen and dining
660082095537116529,Cooking basics,Kitchen and dining
660082095537116529,Dishes and silverware,Kitchen and dining
660082095537116529,Freezer,Kitchen and dining
660082095537116529,Gas stove,Kitchen and dining
660082095537116529,Oven,Kitchen and dining
660082095537116529,Hot water kettle,Kitchen and dining
660082095537116529,Coffee maker: Keurig coffee machine,Kitchen and dining
660082095537116529,Wine glasses,Kitchen and dining
660082095537116529,Toaster,Kitchen and dining
660082095537116529,Baking sheet,Kitchen and dining
660082095537116529,Blender,Kitchen and dining
660082095537116529,Barbecue utensils,Kitchen and dining
660082095537116529,Coffee,Kitchen and dining
660082095537116529,Laundromat nearby,Location features
660082095537116529,Free street parking,Parking and facilities
660082095537116529,Paid parking on premises – 1 space,Parking and facilities
660082095537116529,Luggage dropoff allowed,Services
660082095537116529,Long term stays allowed,Services
660082095537116529,Self check-in,Services
660082095537116529,Lockbox,Services
660082095537116529,Exterior security cameras on property,Not included
660082095537116529,Carbon monoxide alarm,Not included
1527085554016774172,Bathtub,Bathroom
1527085554016774172,Hair dryer,Bathroom
1527085554016774172,Cleaning products,Bathroom
1527085554016774172,Shampoo,Bathroom
1527085554016774172,Conditioner,Bathroom
1527085554016774172,Body soap,Bathroom
1527085554016774172,Hot water,Bathroom
1527085554016774172,Shower gel,Bathroom
1527085554016774172,Washer,Bedroom and laundry
1527085554016774172,Dryer,Bedroom and laundry
1527085554016774172,Essentials,Bedroom and laundry
1527085554016774172,Hangers,Bedroom and laundry
1527085554016774172,Bed linens,Bedroom and laundry
1527085554016774172,Extra pillows and blankets,Bedroom and laundry
1527085554016774172,Room-darkening shades,Bedroom and laundry
1527085554016774172,Iron,Bedroom and laundry
1527085554016774172,Drying rack for clothing,Bedroom and laundry
1527085554016774172,Clothing storage,Bedroom and laundry
1527085554016774172,TV,Entertainment
1527085554016774172,Books and reading material,Entertainment
1527085554016774172,Window guards,Family
1527085554016774172,Air conditioning,Heating and cooling
1527085554016774172,Heating,Heating and cooling
1527085554016774172,Smoke alarm,Home safety
44476913,Hair dryer,Bathroom
1527085554016774172,Carbon monoxide alarm,Home safety
1527085554016774172,Fire extinguisher,Home safety
1527085554016774172,First aid kit,Home safety
1527085554016774172,Wifi,Internet and office
1527085554016774172,Dedicated workspace,Internet and office
1527085554016774172,Kitchen,Kitchen and dining
1527085554016774172,Refrigerator,Kitchen and dining
1527085554016774172,Microwave,Kitchen and dining
1527085554016774172,Cooking basics,Kitchen and dining
1527085554016774172,Dishes and silverware,Kitchen and dining
1527085554016774172,Freezer,Kitchen and dining
1527085554016774172,Dishwasher,Kitchen and dining
1527085554016774172,Stove,Kitchen and dining
1527085554016774172,Oven,Kitchen and dining
1527085554016774172,Hot water kettle,Kitchen and dining
1527085554016774172,Coffee maker: Keurig coffee machine,Kitchen and dining
1527085554016774172,Wine glasses,Kitchen and dining
1527085554016774172,Toaster,Kitchen and dining
1527085554016774172,Baking sheet,Kitchen and dining
1527085554016774172,Blender,Kitchen and dining
1527085554016774172,Trash compactor,Kitchen and dining
1527085554016774172,Dining table,Kitchen and dining
1527085554016774172,Coffee,Kitchen and dining
1527085554016774172,Beach access,Location features
1527085554016774172,Laundromat nearby,Location features
1527085554016774172,Patio or balcony,Outdoor
1527085554016774172,Free parking on premises,Parking and facilities
1527085554016774172,Free street parking,Parking and facilities
1527085554016774172,Elevator,Parking and facilities
1527085554016774172,Luggage dropoff allowed,Services
1527085554016774172,Long term stays allowed,Services
1527085554016774172,Self check-in,Services
1527085554016774172,Lockbox,Services
1527085554016774172,Cleaning available during stay,Services
1527085554016774172,Exterior security cameras on property,Not included
1527085554016774172,Private entrance,Not included
1410455424614185921,Bathtub,Bathroom
1410455424614185921,Hair dryer,Bathroom
1410455424614185921,Cleaning products,Bathroom
1410455424614185921,Shampoo,Bathroom
1410455424614185921,Conditioner,Bathroom
1410455424614185921,Dove  body soap,Bathroom
1410455424614185921,Hot water,Bathroom
1410455424614185921,Shower gel,Bathroom
1410455424614185921,Washer,Bedroom and laundry
1410455424614185921,Essentials,Bedroom and laundry
1410455424614185921,Hangers,Bedroom and laundry
1410455424614185921,Bed linens,Bedroom and laundry
1410455424614185921,Extra pillows and blankets,Bedroom and laundry
1410455424614185921,Room-darkening shades,Bedroom and laundry
1410455424614185921,Iron,Bedroom and laundry
1410455424614185921,Safe,Bedroom and laundry
1410455424614185921,"Clothing storage: walk-in closet, closet, wardrobe, and dresser",Bedroom and laundry
1410455424614185921,TV,Entertainment
1410455424614185921,"Exercise equipment: free weights, yoga mat",Entertainment
1410455424614185921,Books and reading material,Entertainment
1410455424614185921,Window AC unit,Heating and cooling
1410455424614185921,Portable heater,Heating and cooling
1410455424614185921,Radiant heating,Heating and cooling
1410455424614185921,Lock on bedroom door,Privacy and safety
1410455424614185921,Exterior security cameras on property,Privacy and safety
1410455424614185921,Smoke alarm,Privacy and safety
1410455424614185921,Carbon monoxide alarm,Privacy and safety
1410455424614185921,Fire extinguisher,Privacy and safety
1410455424614185921,First aid kit,Privacy and safety
1410455424614185921,Wifi,Internet and office
1410455424614185921,Dedicated workspace,Internet and office
1410455424614185921,Kitchen,Kitchen and dining
1410455424614185921,Refrigerator,Kitchen and dining
1410455424614185921,Microwave,Kitchen and dining
1410455424614185921,Cooking basics,Kitchen and dining
1410455424614185921,Dishes and silverware,Kitchen and dining
1410455424614185921,Freezer,Kitchen and dining
1410455424614185921,Dishwasher,Kitchen and dining
1410455424614185921,Stove,Kitchen and dining
1410455424614185921,Oven,Kitchen and dining
1410455424614185921,Hot water kettle,Kitchen and dining
1410455424614185921,Coffee maker,Kitchen and dining
1410455424614185921,Wine glasses,Kitchen and dining
1410455424614185921,Baking sheet,Kitchen and dining
1410455424614185921,Blender,Kitchen and dining
1410455424614185921,Trash compactor,Kitchen and dining
1410455424614185921,Barbecue utensils,Kitchen and dining
1410455424614185921,Dining table,Kitchen and dining
1410455424614185921,Coffee,Kitchen and dining
1410455424614185921,Outdoor dining area,Outdoor
1410455424614185921,Free parking on premises,Parking and facilities
1410455424614185921,Pets allowed,Services
1410455424614185921,Self check-in,Services
1410455424614185921,Keypad,Services
1410455424614185921,Dryer,Not included
1383534710447097074,Hair dryer,Bathroom
1383534710447097074,Cleaning products,Bathroom
1383534710447097074,Shampoo,Bathroom
1383534710447097074,Conditioner,Bathroom
1383534710447097074,Body soap,Bathroom
1383534710447097074,Hot water,Bathroom
1383534710447097074,Shower gel,Bathroom
1383534710447097074,Hangers,Bedroom and laundry
1383534710447097074,Bed linens,Bedroom and laundry
1383534710447097074,Room-darkening shades,Bedroom and laundry
1383534710447097074,Iron,Bedroom and laundry
1383534710447097074,Clothing storage,Bedroom and laundry
1383534710447097074,TV,Entertainment
1383534710447097074,Portable air conditioning,Heating and cooling
1383534710447097074,Ceiling fan,Heating and cooling
1383534710447097074,Portable heater,Heating and cooling
1383534710447097074,Exterior security cameras on property,Home safety
1383534710447097074,Smoke alarm,Home safety
1383534710447097074,Carbon monoxide alarm,Home safety
1383534710447097074,Fire extinguisher,Home safety
1383534710447097074,Wifi,Internet and office
1383534710447097074,Dedicated workspace,Internet and office
1383534710447097074,Kitchen,Kitchen and dining
1383534710447097074,Refrigerator,Kitchen and dining
1383534710447097074,Microwave,Kitchen and dining
1383534710447097074,Mini fridge,Kitchen and dining
1383534710447097074,Freezer,Kitchen and dining
1383534710447097074,Hot water kettle,Kitchen and dining
1383534710447097074,Coffee maker: Keurig coffee machine,Kitchen and dining
1383534710447097074,Wine glasses,Kitchen and dining
1383534710447097074,Toaster,Kitchen and dining
1383534710447097074,Dining table,Kitchen and dining
1383534710447097074,Coffee,Kitchen and dining
1383534710447097074,Private entrance,Location features
1383534710447097074,Laundromat nearby,Location features
1383534710447097074,Private patio or balcony,Outdoor
1383534710447097074,Outdoor dining area,Outdoor
1383534710447097074,Free parking on premises,Parking and facilities
1383534710447097074,Free street parking,Parking and facilities
1383534710447097074,Luggage dropoff allowed,Services
1383534710447097074,Self check-in,Services
1383534710447097074,Keypad,Services
1383534710447097074,Housekeeping - available at extra cost,Services
1383534710447097074,Washer,Not included
1383534710447097074,Dryer,Not included
1383534710447097074,Essentials,Not included
1532754392237645472,Shampoo,Bathroom
1532754392237645472,Conditioner,Bathroom
1532754392237645472,Hot water,Bathroom
1532754392237645472,Shower gel,Bathroom
1532754392237645472,Essentials,Bedroom and laundry
1532754392237645472,Bed linens,Bedroom and laundry
1532754392237645472,Room-darkening shades,Bedroom and laundry
1532754392237645472,TV,Entertainment
1532754392237645472,Air conditioning,Heating and cooling
1532754392237645472,Heating,Heating and cooling
1532754392237645472,Smoke alarm,Home safety
1532754392237645472,Carbon monoxide alarm,Home safety
1532754392237645472,Wifi,Internet and office
1532754392237645472,Gym,Parking and facilities
1532754392237645472,Paid parking on premises,Parking and facilities
1532754392237645472,Luggage dropoff allowed,Services
1532754392237645472,Self check-in,Services
1532754392237645472,Building staff,Services
1532754392237645472,Kitchen,Not included
1532754392237645472,Washer,Not included
1532754392237645472,Hair dryer,Not included
1532754392237645472,Private entrance,Not included
52417197,Garden view,Scenic views
52417197,Hair dryer,Bathroom
52417197,Cleaning products,Bathroom
52417197,Shampoo,Bathroom
52417197,Conditioner,Bathroom
52417197,Body soap,Bathroom
52417197,Hot water,Bathroom
52417197,Shower gel,Bathroom
52417197,Essentials,Bedroom and laundry
52417197,Iron,Bedroom and laundry
52417197,Books and reading material,Entertainment
52417197,Window AC unit,Heating and cooling
52417197,Heating,Heating and cooling
52417197,Lock on bedroom door,Privacy and safety
52417197,Exterior security cameras on property,Privacy and safety
52417197,Smoke alarm,Privacy and safety
52417197,Carbon monoxide alarm,Privacy and safety
52417197,Fire extinguisher,Privacy and safety
52417197,First aid kit,Privacy and safety
52417197,Fast wifi – 125 Mbps,Internet and office
52417197,Dedicated workspace,Internet and office
52417197,Microwave,Kitchen and dining
52417197,Mini fridge,Kitchen and dining
52417197,Laundromat nearby,Location features
52417197,Outdoor furniture,Outdoor
52417197,Outdoor dining area,Outdoor
52417197,Free street parking,Parking and facilities
52417197,Long term stays allowed,Services
52417197,Host greets you,Services
52417197,Kitchen,Not included
52417197,TV,Not included
52417197,Washer,Not included
52417197,Dryer,Not included
44476913,Mountain view,Scenic views
44476913,Washer – In building,Bedroom and laundry
44476913,Dryer – In building,Bedroom and laundry
44476913,Essentials,Bedroom and laundry
44476913,Hangers,Bedroom and laundry
44476913,Bed linens,Bedroom and laundry
44476913,Extra pillows and blankets,Bedroom and laundry
44476913,Iron,Bedroom and laundry
44476913,Clothing storage: closet and dresser,Bedroom and laundry
44476913,"50 inch HDTV with premium cable, standard cable",Entertainment
44476913,Central air conditioning,Heating and cooling
44476913,Central heating,Heating and cooling
44476913,Smoke alarm,Home safety
44476913,Carbon monoxide alarm,Home safety
44476913,Fire extinguisher,Home safety
44476913,First aid kit,Home safety
44476913,Wifi,Internet and office
44476913,Dedicated workspace,Internet and office
44476913,Kitchen,Kitchen and dining
44476913,Refrigerator,Kitchen and dining
44476913,Microwave,Kitchen and dining
44476913,Cooking basics,Kitchen and dining
44476913,Dishes and silverware,Kitchen and dining
44476913,Freezer,Kitchen and dining
44476913,Electric stove,Kitchen and dining
44476913,Oven,Kitchen and dining
44476913,Hot water kettle,Kitchen and dining
44476913,"Coffee maker: french press, Keurig coffee machine",Kitchen and dining
44476913,Wine glasses,Kitchen and dining
44476913,Toaster,Kitchen and dining
44476913,Baking sheet,Kitchen and dining
44476913,Blender,Kitchen and dining
44476913,Dining table,Kitchen and dining
44476913,Coffee,Kitchen and dining
44476913,Private entrance,Location features
44476913,Private patio or balcony,Outdoor
44476913,Private backyard – Fully fenced,Outdoor
44476913,Outdoor furniture,Outdoor
44476913,Outdoor dining area,Outdoor
44476913,Beach essentials,Outdoor
44476913,Free driveway parking on premises – 1 space,Parking and facilities
44476913,Free street parking,Parking and facilities
44476913,EV charger - level 1,Parking and facilities
44476913,Pets allowed,Services
44476913,Luggage dropoff allowed,Services
44476913,Long term stays allowed,Services
44476913,Self check-in,Services
44476913,Building staff,Services
44476913,Exterior security cameras on property,Not included
1451181733743996102,Bathtub,Bathroom
1451181733743996102,Cleaning products,Bathroom
1451181733743996102,Shampoo,Bathroom
1451181733743996102,Conditioner,Bathroom
1451181733743996102,Body soap,Bathroom
1451181733743996102,Washer,Bedroom and laundry
1451181733743996102,Dryer,Bedroom and laundry
1451181733743996102,Essentials,Bedroom and laundry
1451181733743996102,Hangers,Bedroom and laundry
1451181733743996102,TV,Entertainment
1451181733743996102,Air conditioning,Heating and cooling
1451181733743996102,Heating,Heating and cooling
1451181733743996102,Smoke alarm,Home safety
1451181733743996102,Wifi,Internet and office
1451181733743996102,Kitchen,Kitchen and dining
1451181733743996102,Refrigerator,Kitchen and dining
1451181733743996102,Microwave,Kitchen and dining
1451181733743996102,Dishes and silverware,Kitchen and dining
1451181733743996102,Dishwasher,Kitchen and dining
1451181733743996102,Oven,Kitchen and dining
1451181733743996102,Hot water kettle,Kitchen and dining
1451181733743996102,Toaster,Kitchen and dining
1451181733743996102,Trash compactor,Kitchen and dining
1451181733743996102,Dining table,Kitchen and dining
1451181733743996102,Coffee,Kitchen and dining
1451181733743996102,Patio or balcony,Outdoor
1451181733743996102,Free parking on premises,Parking and facilities
1451181733743996102,Self check-in,Services
1451181733743996102,Lockbox,Services
1451181733743996102,Exterior security cameras on property,Not included
1451181733743996102,Hair dryer,Not included
1451181733743996102,Carbon monoxide alarm,Not included
1451181733743996102,Private entrance,Not included
1572304945512433187,Hair dryer,Bathroom
1572304945512433187,Cleaning products,Bathroom
1572304945512433187,Shampoo,Bathroom
1572304945512433187,Conditioner,Bathroom
1572304945512433187,Body soap,Bathroom
1572304945512433187,Hot water,Bathroom
1572304945512433187,Shower gel,Bathroom
1572304945512433187,Hangers,Bedroom and laundry
1572304945512433187,Bed linens,Bedroom and laundry
1572304945512433187,Extra pillows and blankets,Bedroom and laundry
1572304945512433187,Iron,Bedroom and laundry
1572304945512433187,Ethernet connection,Entertainment
1572304945512433187,TV,Entertainment
1572304945512433187,Theme room,Entertainment
1572304945512433187,Air conditioning,Heating and cooling
1572304945512433187,Portable fans,Heating and cooling
1572304945512433187,Heating,Heating and cooling
1572304945512433187,Exterior security cameras on property,Home safety
801336,Ocean view,Scenic views
1572304945512433187,Smoke alarm,Home safety
1572304945512433187,Carbon monoxide alarm,Home safety
1572304945512433187,Fire extinguisher,Home safety
1572304945512433187,First aid kit,Home safety
1572304945512433187,Wifi,Internet and office
1572304945512433187,Dedicated workspace,Internet and office
1572304945512433187,Kitchen,Kitchen and dining
1572304945512433187,Refrigerator,Kitchen and dining
1572304945512433187,Microwave,Kitchen and dining
1572304945512433187,Dishes and silverware,Kitchen and dining
1572304945512433187,Freezer,Kitchen and dining
1572304945512433187,Coffee maker,Kitchen and dining
1572304945512433187,Wine glasses,Kitchen and dining
1572304945512433187,Toaster,Kitchen and dining
1572304945512433187,Trash compactor,Kitchen and dining
1572304945512433187,Dining table,Kitchen and dining
1572304945512433187,Coffee,Kitchen and dining
1572304945512433187,Bread maker,Kitchen and dining
1572304945512433187,Laundromat nearby,Location features
1572304945512433187,Shared patio or balcony,Outdoor
1572304945512433187,Free street parking,Parking and facilities
1572304945512433187,Washer,Not included
1572304945512433187,Dryer,Not included
1572304945512433187,Essentials,Not included
1568359242198093823,Hair dryer,Bathroom
1568359242198093823,Cleaning products,Bathroom
1568359242198093823,Shampoo,Bathroom
1568359242198093823,Conditioner,Bathroom
1568359242198093823,Body soap,Bathroom
1568359242198093823,Hot water,Bathroom
1568359242198093823,Shower gel,Bathroom
1568359242198093823,Washer,Bedroom and laundry
1568359242198093823,Hangers,Bedroom and laundry
1568359242198093823,Bed linens,Bedroom and laundry
1568359242198093823,Iron,Bedroom and laundry
1568359242198093823,Clothing storage,Bedroom and laundry
1568359242198093823,TV,Entertainment
1568359242198093823,Books and reading material,Entertainment
1568359242198093823,Board games,Family
1568359242198093823,Air conditioning,Heating and cooling
1568359242198093823,Heating,Heating and cooling
1568359242198093823,Smoke alarm,Home safety
1568359242198093823,Carbon monoxide alarm,Home safety
1568359242198093823,First aid kit,Home safety
1568359242198093823,Wifi,Internet and office
1568359242198093823,Kitchen,Kitchen and dining
1568359242198093823,Refrigerator,Kitchen and dining
1568359242198093823,Cooking basics,Kitchen and dining
1568359242198093823,Dishes and silverware,Kitchen and dining
1568359242198093823,Freezer,Kitchen and dining
1568359242198093823,Electric stove,Kitchen and dining
1568359242198093823,Oven,Kitchen and dining
1568359242198093823,Hot water kettle,Kitchen and dining
1568359242198093823,Coffee maker,Kitchen and dining
1568359242198093823,Wine glasses,Kitchen and dining
1568359242198093823,Toaster,Kitchen and dining
1568359242198093823,Baking sheet,Kitchen and dining
1568359242198093823,Dining table,Kitchen and dining
1568359242198093823,Coffee,Kitchen and dining
1568359242198093823,Beach access,Location features
1568359242198093823,Beach essentials,Outdoor
1568359242198093823,Paid parking lot off premises,Parking and facilities
1568359242198093823,Long term stays allowed,Services
1568359242198093823,Self check-in,Services
1568359242198093823,Keypad,Services
1568359242198093823,Exterior security cameras on property,Not included
1568359242198093823,Dryer,Not included
1568359242198093823,Essentials,Not included
1072604583533985335,Shampoo,Bathroom
1072604583533985335,Conditioner,Bathroom
1072604583533985335,Body soap,Bathroom
1072604583533985335,Hot water,Bathroom
1072604583533985335,Hangers,Bedroom and laundry
1072604583533985335,Extra pillows and blankets,Bedroom and laundry
1072604583533985335,Room-darkening shades,Bedroom and laundry
1072604583533985335,Iron,Bedroom and laundry
1072604583533985335,Clothing storage: closet and wardrobe,Bedroom and laundry
1072604583533985335,"TV with Amazon Prime Video, Netflix, standard cable",Entertainment
1072604583533985335,Central air conditioning,Heating and cooling
1072604583533985335,Central heating,Heating and cooling
1072604583533985335,Lock on bedroom door,Privacy and safety
1072604583533985335,Exterior security cameras on property,Privacy and safety
1072604583533985335,Smoke alarm,Privacy and safety
1072604583533985335,Carbon monoxide alarm,Privacy and safety
1072604583533985335,Fire extinguisher,Privacy and safety
1072604583533985335,Wifi,Internet and office
1072604583533985335,Microwave,Kitchen and dining
1072604583533985335,Mini fridge,Kitchen and dining
1072604583533985335,Pets allowed,Services
1072604583533985335,Self check-in,Services
1072604583533985335,Lockbox,Services
1072604583533985335,Kitchen,Not included
1072604583533985335,Washer,Not included
1072604583533985335,Dryer,Not included
1072604583533985335,Essentials,Not included
1191641490915728445,Hair dryer,Bathroom
1191641490915728445,Cleaning products,Bathroom
1191641490915728445,Shampoo,Bathroom
1191641490915728445,Conditioner,Bathroom
1191641490915728445,Body soap,Bathroom
1191641490915728445,Hot water,Bathroom
1191641490915728445,Shower gel,Bathroom
1191641490915728445,Washer – In building,Bedroom and laundry
1191641490915728445,Dryer – In building,Bedroom and laundry
1191641490915728445,Essentials,Bedroom and laundry
1191641490915728445,Hangers,Bedroom and laundry
1191641490915728445,Bed linens,Bedroom and laundry
1191641490915728445,Clothing storage,Bedroom and laundry
1191641490915728445,TV,Entertainment
1191641490915728445,Air conditioning,Heating and cooling
1191641490915728445,Smoke alarm,Home safety
1191641490915728445,Carbon monoxide alarm,Home safety
1191641490915728445,First aid kit,Home safety
1191641490915728445,Wifi,Internet and office
1191641490915728445,Microwave,Kitchen and dining
1191641490915728445,Cooking basics,Kitchen and dining
1191641490915728445,Dishes and silverware,Kitchen and dining
1191641490915728445,Mini fridge,Kitchen and dining
1191641490915728445,Electric stove,Kitchen and dining
1191641490915728445,Coffee maker,Kitchen and dining
1191641490915728445,Kitchenette,Kitchen and dining
1191641490915728445,Coffee,Kitchen and dining
1191641490915728445,Private entrance,Location features
1191641490915728445,Free street parking,Parking and facilities
1191641490915728445,Self check-in,Services
1191641490915728445,Lockbox,Services
1191641490915728445,Exterior security cameras on property,Not included
1191641490915728445,Kitchen,Not included
1191641490915728445,Heating,Not included
1542976832602708879,Bathtub,Bathroom
1542976832602708879,Hair dryer,Bathroom
1542976832602708879,Cleaning products,Bathroom
1542976832602708879,Shampoo,Bathroom
1542976832602708879,Pantene conditioner,Bathroom
1542976832602708879,Dove body soap,Bathroom
1542976832602708879,Outdoor shower,Bathroom
1542976832602708879,Hot water,Bathroom
1542976832602708879,Shower gel,Bathroom
1542976832602708879,Washer,Bedroom and laundry
1542976832602708879,Free dryer – In unit,Bedroom and laundry
1542976832602708879,Essentials,Bedroom and laundry
1542976832602708879,Hangers,Bedroom and laundry
1542976832602708879,Bed linens,Bedroom and laundry
1542976832602708879,Extra pillows and blankets,Bedroom and laundry
1542976832602708879,Room-darkening shades,Bedroom and laundry
1542976832602708879,Iron,Bedroom and laundry
1542976832602708879,Clothing storage: walk-in closet and closet,Bedroom and laundry
1542976832602708879,TV,Entertainment
1542976832602708879,Exercise equipment,Entertainment
1542976832602708879,Movie theater,Entertainment
1542976832602708879,Air conditioning,Heating and cooling
1542976832602708879,Central heating,Heating and cooling
1542976832602708879,Exterior security cameras on property,Home safety
1542976832602708879,Smoke alarm,Home safety
1542976832602708879,Carbon monoxide alarm,Home safety
1542976832602708879,Fire extinguisher,Home safety
1542976832602708879,Wifi,Internet and office
1542976832602708879,Kitchen,Kitchen and dining
1542976832602708879,Cooking basics,Kitchen and dining
1542976832602708879,Coffee maker: Nespresso,Kitchen and dining
1542976832602708879,Baking sheet,Kitchen and dining
1542976832602708879,Blender,Kitchen and dining
1542976832602708879,Barbecue utensils,Kitchen and dining
1542976832602708879,Dining table,Kitchen and dining
1542976832602708879,Private entrance,Location features
1542976832602708879,Private patio or balcony,Outdoor
1542976832602708879,Private backyard – Fully fenced,Outdoor
1542976832602708879,Fire pit,Outdoor
1542976832602708879,Outdoor furniture,Outdoor
1542976832602708879,Outdoor dining area,Outdoor
1542976832602708879,"Outdoor kitchen with oven, sink",Outdoor
1542976832602708879,Private BBQ grill,Outdoor
1542976832602708879,Sun loungers,Outdoor
1542976832602708879,Free parking on premises,Parking and facilities
1542976832602708879,Pool,Parking and facilities
1542976832602708879,Hot tub,Parking and facilities
1542976832602708879,Elevator,Parking and facilities
1542976832602708879,Private gym in building,Parking and facilities
1542976832602708879,Paid parking garage on premises – 1 space,Parking and facilities
1542976832602708879,Luggage dropoff allowed,Services
1542976832602708879,Long term stays allowed,Services
624694699394680598,Hair dryer,Bathroom
624694699394680598,Shampoo,Bathroom
624694699394680598,Conditioner,Bathroom
624694699394680598,Body soap,Bathroom
624694699394680598,Hot water,Bathroom
624694699394680598,Shower gel,Bathroom
624694699394680598,Essentials,Bedroom and laundry
624694699394680598,Hangers,Bedroom and laundry
801336,Bathtub,Bathroom
624694699394680598,Bed linens,Bedroom and laundry
624694699394680598,Extra pillows and blankets,Bedroom and laundry
624694699394680598,Iron,Bedroom and laundry
624694699394680598,Clothing storage,Bedroom and laundry
624694699394680598,TV,Entertainment
624694699394680598,Crib,Family
624694699394680598,Air conditioning,Heating and cooling
624694699394680598,Heating,Heating and cooling
624694699394680598,Exterior security cameras on property,Home safety
624694699394680598,Smoke alarm,Home safety
624694699394680598,Carbon monoxide alarm,Home safety
624694699394680598,Fire extinguisher,Home safety
624694699394680598,First aid kit,Home safety
624694699394680598,Wifi,Internet and office
624694699394680598,Kitchen,Kitchen and dining
624694699394680598,Refrigerator,Kitchen and dining
624694699394680598,Microwave,Kitchen and dining
624694699394680598,Cooking basics,Kitchen and dining
624694699394680598,Dishes and silverware,Kitchen and dining
624694699394680598,Mini fridge,Kitchen and dining
624694699394680598,Freezer,Kitchen and dining
624694699394680598,Hot water kettle,Kitchen and dining
624694699394680598,Coffee maker,Kitchen and dining
624694699394680598,Wine glasses,Kitchen and dining
624694699394680598,Toaster,Kitchen and dining
624694699394680598,Dining table,Kitchen and dining
624694699394680598,Coffee,Kitchen and dining
624694699394680598,Laundromat nearby,Location features
624694699394680598,Patio or balcony,Outdoor
624694699394680598,Outdoor furniture,Outdoor
624694699394680598,Pets allowed,Services
624694699394680598,Luggage dropoff allowed,Services
624694699394680598,Self check-in,Services
624694699394680598,Keypad,Services
624694699394680598,Washer,Not included
624694699394680598,Private entrance,Not included
1444468881640185072,Bathtub,Bathroom
1444468881640185072,Hair dryer,Bathroom
1444468881640185072,Cleaning products,Bathroom
1444468881640185072,Shampoo,Bathroom
1444468881640185072,Conditioner,Bathroom
1444468881640185072,Body soap,Bathroom
1444468881640185072,Outdoor shower,Bathroom
1444468881640185072,Hot water,Bathroom
1444468881640185072,Shower gel,Bathroom
1444468881640185072,Dryer – In unit,Bedroom and laundry
1444468881640185072,Essentials,Bedroom and laundry
1444468881640185072,Hangers,Bedroom and laundry
1444468881640185072,Bed linens,Bedroom and laundry
1444468881640185072,Extra pillows and blankets,Bedroom and laundry
1444468881640185072,Room-darkening shades,Bedroom and laundry
1444468881640185072,Iron,Bedroom and laundry
1444468881640185072,Drying rack for clothing,Bedroom and laundry
1444468881640185072,Safe,Bedroom and laundry
1444468881640185072,TV,Entertainment
1444468881640185072,Exercise equipment,Entertainment
1444468881640185072,Air conditioning,Heating and cooling
1444468881640185072,Central heating,Heating and cooling
1444468881640185072,Smoke alarm,Home safety
1444468881640185072,Carbon monoxide alarm,Home safety
1444468881640185072,Fire extinguisher,Home safety
1444468881640185072,First aid kit,Home safety
1444468881640185072,Wifi,Internet and office
1444468881640185072,Dedicated workspace,Internet and office
1444468881640185072,Kitchen,Kitchen and dining
1444468881640185072,Refrigerator,Kitchen and dining
1444468881640185072,Microwave,Kitchen and dining
1444468881640185072,Cooking basics,Kitchen and dining
1444468881640185072,Dishes and silverware,Kitchen and dining
1444468881640185072,Mini fridge,Kitchen and dining
1444468881640185072,Freezer,Kitchen and dining
1444468881640185072,Dishwasher,Kitchen and dining
1444468881640185072,Stove,Kitchen and dining
1444468881640185072,Oven,Kitchen and dining
1444468881640185072,Hot water kettle,Kitchen and dining
1444468881640185072,Coffee maker: Keurig coffee machine,Kitchen and dining
1444468881640185072,Wine glasses,Kitchen and dining
1444468881640185072,Toaster,Kitchen and dining
1444468881640185072,Blender,Kitchen and dining
1444468881640185072,Dining table,Kitchen and dining
1444468881640185072,Backyard - Fully fenced,Outdoor
1444468881640185072,Outdoor furniture,Outdoor
1444468881640185072,Hammock,Outdoor
1444468881640185072,Outdoor dining area,Outdoor
1444468881640185072,Outdoor kitchen,Outdoor
1444468881640185072,BBQ grill,Outdoor
1444468881640185072,Free residential garage on premises,Parking and facilities
1444468881640185072,Pool,Parking and facilities
1444468881640185072,Hot tub,Parking and facilities
1444468881640185072,Elevator,Parking and facilities
1444468881640185072,Gym in building,Parking and facilities
1444468881640185072,Pets allowed,Services
1444468881640185072,Self check-in,Services
1444468881640185072,Keypad,Services
1444468881640185072,Exterior security cameras on property,Not included
1444468881640185072,Washer,Not included
50654386,City skyline view,Scenic views
50654386,Bathtub,Bathroom
50654386,Hair dryer,Bathroom
50654386,Cleaning products,Bathroom
50654386,Shampoo,Bathroom
50654386,Conditioner,Bathroom
50654386,Body soap,Bathroom
50654386,Hot water,Bathroom
50654386,Shower gel,Bathroom
50654386,Free washer – In unit,Bedroom and laundry
50654386,Free dryer – In unit,Bedroom and laundry
50654386,Essentials,Bedroom and laundry
50654386,Hangers,Bedroom and laundry
50654386,Bed linens,Bedroom and laundry
50654386,Extra pillows and blankets,Bedroom and laundry
50654386,Room-darkening shades,Bedroom and laundry
50654386,Drying rack for clothing,Bedroom and laundry
50654386,Clothing storage: closet,Bedroom and laundry
50654386,Record player,Entertainment
50654386,Sound system,Entertainment
50654386,Exercise equipment: yoga mat,Entertainment
50654386,Books and reading material,Entertainment
50654386,Board games,Family
50654386,Central air conditioning,Heating and cooling
50654386,Heating,Heating and cooling
50654386,Lock on bedroom door,Privacy and safety
50654386,Smoke alarm,Privacy and safety
50654386,Carbon monoxide alarm,Privacy and safety
50654386,Fire extinguisher,Privacy and safety
50654386,Wifi,Internet and office
50654386,Dedicated workspace,Internet and office
50654386,Kitchen,Kitchen and dining
50654386,Refrigerator,Kitchen and dining
50654386,Cooking basics,Kitchen and dining
50654386,Dishes and silverware,Kitchen and dining
50654386,Freezer,Kitchen and dining
50654386,Dishwasher,Kitchen and dining
50654386,Stainless steel gas stove,Kitchen and dining
50654386,Fridgedaire stainless steel oven,Kitchen and dining
50654386,Hot water kettle,Kitchen and dining
50654386,Coffee maker,Kitchen and dining
50654386,Wine glasses,Kitchen and dining
50654386,Toaster,Kitchen and dining
50654386,Baking sheet,Kitchen and dining
50654386,Blender,Kitchen and dining
50654386,Rice maker,Kitchen and dining
50654386,Barbecue utensils,Kitchen and dining
50654386,Coffee,Kitchen and dining
50654386,Free street parking,Parking and facilities
50654386,Pets allowed,Services
50654386,Luggage dropoff allowed,Services
50654386,Long term stays allowed,Services
50654386,Self check-in,Services
50654386,Keypad,Services
50654386,Cleaning available during stay,Services
50654386,Exterior security cameras on property,Not included
50654386,TV,Not included
1177739205681115996,Bathtub,Bathroom
1177739205681115996,Hair dryer,Bathroom
1177739205681115996,Cleaning products,Bathroom
1177739205681115996,Shampoo,Bathroom
1177739205681115996,Conditioner,Bathroom
1177739205681115996,Body soap,Bathroom
1177739205681115996,Bidet,Bathroom
1177739205681115996,Hot water,Bathroom
1177739205681115996,Shower gel,Bathroom
1177739205681115996,Essentials,Bedroom and laundry
1177739205681115996,Hangers,Bedroom and laundry
1177739205681115996,Bed linens,Bedroom and laundry
1177739205681115996,Extra pillows and blankets,Bedroom and laundry
1177739205681115996,Room-darkening shades,Bedroom and laundry
1177739205681115996,Clothing storage: closet and dresser,Bedroom and laundry
1177739205681115996,TV,Entertainment
1177739205681115996,High chair,Family
1177739205681115996,Air conditioning,Heating and cooling
1177739205681115996,Central heating,Heating and cooling
1177739205681115996,Heating - split type ductless system,Heating and cooling
1177739205681115996,Lock on bedroom door,Privacy and safety
1177739205681115996,Smoke alarm,Privacy and safety
1177739205681115996,Fire extinguisher,Privacy and safety
1177739205681115996,First aid kit,Privacy and safety
1177739205681115996,Wifi,Internet and office
1177739205681115996,Kitchen,Kitchen and dining
1177739205681115996,Microwave,Kitchen and dining
1177739205681115996,Cooking basics,Kitchen and dining
1177739205681115996,Dishes and silverware,Kitchen and dining
1177739205681115996,Freezer,Kitchen and dining
1177739205681115996,Gas stove,Kitchen and dining
1177739205681115996,Oven,Kitchen and dining
1177739205681115996,Hot water kettle,Kitchen and dining
1177739205681115996,Coffee maker,Kitchen and dining
1177739205681115996,Blender,Kitchen and dining
1177739205681115996,Dining table,Kitchen and dining
1177739205681115996,Coffee,Kitchen and dining
1177739205681115996,Laundromat nearby,Location features
1177739205681115996,Luggage dropoff allowed,Services
1177739205681115996,Exterior security cameras on property,Not included
1177739205681115996,Washer,Not included
1177739205681115996,Dryer,Not included
1177739205681115996,Carbon monoxide alarm,Not included
39729344,Essentials,Bedroom and laundry
39729344,Heating,Heating and cooling
39729344,Exterior security cameras on property,Home safety
39729344,Smoke alarm,Home safety
39729344,Carbon monoxide alarm,Home safety
39729344,Wifi,Internet and office
39729344,Dedicated workspace,Internet and office
39729344,Refrigerator,Kitchen and dining
39729344,Microwave,Kitchen and dining
39729344,Backyard,Outdoor
39729344,Free street parking,Parking and facilities
39729344,Kitchen,Not included
39729344,Washer,Not included
39729344,Dryer,Not included
39729344,Air conditioning,Not included
39729344,Hot water,Not included
1457840464438096239,Hair dryer,Bathroom
1457840464438096239,Cleaning products,Bathroom
1457840464438096239,Shampoo,Bathroom
1457840464438096239,Conditioner,Bathroom
1457840464438096239,Body soap,Bathroom
1457840464438096239,Hot water,Bathroom
1457840464438096239,Shower gel,Bathroom
1457840464438096239,Smoke alarm,Home safety
1457840464438096239,Fire extinguisher,Home safety
1457840464438096239,First aid kit,Home safety
1457840464438096239,Wifi,Internet and office
1457840464438096239,Kitchen,Kitchen and dining
1457840464438096239,Cooking basics,Kitchen and dining
1457840464438096239,Beach access,Location features
1457840464438096239,Paid parking on premises,Parking and facilities
1457840464438096239,Pets allowed,Services
1457840464438096239,Self check-in,Services
1457840464438096239,Lockbox,Services
1457840464438096239,Exterior security cameras on property,Not included
1457840464438096239,TV,Not included
1457840464438096239,Washer,Not included
1457840464438096239,Dryer,Not included
1457840464438096239,Air conditioning,Not included
1457840464438096239,Essentials,Not included
1457840464438096239,Carbon monoxide alarm,Not included
1457840464438096239,Heating,Not included
1555804998521226300,Hair dryer,Bathroom
1555804998521226300,Shampoo,Bathroom
1555804998521226300,Hot water,Bathroom
1555804998521226300,Shower gel,Bathroom
1555804998521226300,Washer,Bedroom and laundry
1555804998521226300,Essentials,Bedroom and laundry
1555804998521226300,Hangers,Bedroom and laundry
1555804998521226300,Bed linens,Bedroom and laundry
1555804998521226300,Extra pillows and blankets,Bedroom and laundry
1555804998521226300,Iron,Bedroom and laundry
1555804998521226300,Ethernet connection,Entertainment
1555804998521226300,TV,Entertainment
1555804998521226300,Board games,Family
1555804998521226300,Air conditioning,Heating and cooling
1555804998521226300,Central heating,Heating and cooling
1555804998521226300,Exterior security cameras on property,Home safety
1555804998521226300,Smoke alarm,Home safety
1555804998521226300,Carbon monoxide alarm,Home safety
1555804998521226300,Fire extinguisher,Home safety
1555804998521226300,First aid kit,Home safety
1555804998521226300,Wifi,Internet and office
1555804998521226300,Dedicated workspace,Internet and office
1555804998521226300,Mini fridge,Kitchen and dining
1555804998521226300,Freezer,Kitchen and dining
1555804998521226300,Hot water kettle,Kitchen and dining
1555804998521226300,Blender,Kitchen and dining
1555804998521226300,Dining table,Kitchen and dining
1555804998521226300,Free street parking,Parking and facilities
1555804998521226300,Paid parking on premises,Parking and facilities
1555804998521226300,Self check-in,Services
1555804998521226300,Lockbox,Services
1555804998521226300,Kitchen,Not included
1555804998521226300,Dryer,Not included
575296507654359448,Garden view,Scenic views
575296507654359448,Bathtub,Bathroom
575296507654359448,Hair dryer,Bathroom
575296507654359448,Cleaning products,Bathroom
575296507654359448,Vegan and Cruelty Free shampoo,Bathroom
575296507654359448,Vegan & Cruelty Free Conditioner conditioner,Bathroom
575296507654359448,Vegan & Cruelty Free Coconut Mango Body Wash body soap,Bathroom
575296507654359448,Hot water,Bathroom
575296507654359448,Shower gel,Bathroom
575296507654359448,Essentials,Bedroom and laundry
575296507654359448,Hangers,Bedroom and laundry
575296507654359448,Bed linens,Bedroom and laundry
575296507654359448,Extra pillows and blankets,Bedroom and laundry
575296507654359448,Iron,Bedroom and laundry
575296507654359448,Clothing storage: closet and dresser,Bedroom and laundry
575296507654359448,"40 inch HDTV with Amazon Prime Video, Fire TV, HBO Max, Netflix",Entertainment
575296507654359448,Books and reading material,Entertainment
575296507654359448,Pack ’n play/Travel crib - available upon request,Family
575296507654359448,Standalone high chair - available upon request,Family
575296507654359448,Children’s dinnerware,Family
575296507654359448,Central air conditioning,Heating and cooling
575296507654359448,Central heating,Heating and cooling
575296507654359448,Lock on bedroom door,Privacy and safety
575296507654359448,Exterior security cameras on property,Privacy and safety
575296507654359448,Smoke alarm,Privacy and safety
575296507654359448,Carbon monoxide alarm,Privacy and safety
575296507654359448,First aid kit,Privacy and safety
575296507654359448,Fast wifi – 170 Mbps,Internet and office
575296507654359448,Kitchen,Kitchen and dining
575296507654359448,LG refrigerator,Kitchen and dining
575296507654359448,Microwave,Kitchen and dining
575296507654359448,Cooking basics,Kitchen and dining
575296507654359448,Dishes and silverware,Kitchen and dining
575296507654359448,Freezer,Kitchen and dining
575296507654359448,Dishwasher,Kitchen and dining
575296507654359448,LG stainless steel stove,Kitchen and dining
575296507654359448,LG stainless steel oven,Kitchen and dining
575296507654359448,Hot water kettle,Kitchen and dining
575296507654359448,Coffee maker: drip coffee maker,Kitchen and dining
575296507654359448,Wine glasses,Kitchen and dining
575296507654359448,Toaster,Kitchen and dining
575296507654359448,Baking sheet,Kitchen and dining
575296507654359448,Blender,Kitchen and dining
575296507654359448,Barbecue utensils,Kitchen and dining
575296507654359448,Dining table,Kitchen and dining
575296507654359448,Coffee,Kitchen and dining
575296507654359448,Private entrance,Location features
575296507654359448,Laundromat nearby,Location features
575296507654359448,Beach essentials,Outdoor
575296507654359448,Free street parking,Parking and facilities
575296507654359448,Single level home,Parking and facilities
575296507654359448,Luggage dropoff allowed,Services
575296507654359448,Long term stays allowed,Services
575296507654359448,Self check-in,Services
575296507654359448,Keypad,Services
575296507654359448,Free washer – In unit,Not included
638561028843920472,Mountain view,Scenic views
638561028843920472,Bathtub,Bathroom
638561028843920472,Hair dryer,Bathroom
638561028843920472,Cleaning products,Bathroom
638561028843920472,Dove shampoo,Bathroom
638561028843920472,Dove conditioner,Bathroom
638561028843920472,Dove body soap,Bathroom
638561028843920472,Hot water,Bathroom
638561028843920472,Shower gel,Bathroom
638561028843920472,Paid washer – In building,Bedroom and laundry
638561028843920472,Paid dryer – In building,Bedroom and laundry
638561028843920472,Essentials,Bedroom and laundry
638561028843920472,Hangers,Bedroom and laundry
638561028843920472,Bed linens,Bedroom and laundry
638561028843920472,Extra pillows and blankets,Bedroom and laundry
638561028843920472,Room-darkening shades,Bedroom and laundry
638561028843920472,Iron,Bedroom and laundry
638561028843920472,Drying rack for clothing,Bedroom and laundry
638561028843920472,Safe,Bedroom and laundry
638561028843920472,Mosquito net,Bedroom and laundry
638561028843920472,Clothing storage: closet,Bedroom and laundry
638561028843920472,Ethernet connection,Entertainment
638561028843920472,TV,Entertainment
638561028843920472,Central air conditioning,Heating and cooling
638561028843920472,Portable heater,Heating and cooling
638561028843920472,Exterior security cameras on property,Home safety
638561028843920472,Smoke alarm,Home safety
638561028843920472,Carbon monoxide alarm,Home safety
638561028843920472,Fire extinguisher,Home safety
638561028843920472,First aid kit,Home safety
638561028843920472,Wifi,Internet and office
638561028843920472,Dedicated workspace,Internet and office
638561028843920472,Kitchen,Kitchen and dining
638561028843920472,Refrigerator,Kitchen and dining
638561028843920472,Microwave,Kitchen and dining
638561028843920472,Cooking basics,Kitchen and dining
638561028843920472,Dishes and silverware,Kitchen and dining
638561028843920472,Freezer,Kitchen and dining
638561028843920472,Gas stove,Kitchen and dining
638561028843920472,Oven,Kitchen and dining
638561028843920472,Coffee maker: french press,Kitchen and dining
638561028843920472,Wine glasses,Kitchen and dining
638561028843920472,Baking sheet,Kitchen and dining
638561028843920472,Dining table,Kitchen and dining
638561028843920472,Coffee,Kitchen and dining
638561028843920472,Laundromat nearby,Location features
638561028843920472,Free street parking,Parking and facilities
638561028843920472,Paid parking lot on premises – 1 space,Parking and facilities
638561028843920472,Single level home,Parking and facilities
638561028843920472,Pets allowed,Services
1167995766552835416,Hair dryer,Bathroom
1167995766552835416,Body soap,Bathroom
1167995766552835416,Hot water,Bathroom
1167995766552835416,Washer,Bedroom and laundry
1167995766552835416,Free dryer – In unit,Bedroom and laundry
1167995766552835416,Bed linens,Bedroom and laundry
1167995766552835416,Clothing storage: closet and wardrobe,Bedroom and laundry
1167995766552835416,TV,Entertainment
1167995766552835416,Air conditioning,Heating and cooling
13674799,Coffee maker,Kitchen and dining
1167995766552835416,Heating - split type ductless system,Heating and cooling
1167995766552835416,Lock on bedroom door,Privacy and safety
1167995766552835416,Exterior security cameras on property,Privacy and safety
1167995766552835416,Smoke alarm,Privacy and safety
1167995766552835416,Carbon monoxide alarm,Privacy and safety
1167995766552835416,Fire extinguisher,Privacy and safety
1167995766552835416,First aid kit,Privacy and safety
1167995766552835416,Wifi,Internet and office
1167995766552835416,Kitchen,Kitchen and dining
1167995766552835416,Refrigerator,Kitchen and dining
1167995766552835416,Microwave,Kitchen and dining
1167995766552835416,Cooking basics,Kitchen and dining
1167995766552835416,Dishes and silverware,Kitchen and dining
1167995766552835416,Freezer,Kitchen and dining
1167995766552835416,Dishwasher,Kitchen and dining
1167995766552835416,Stainless steel gas stove,Kitchen and dining
1167995766552835416,Stainless steel single oven,Kitchen and dining
1167995766552835416,Coffee maker: Keurig coffee machine,Kitchen and dining
1167995766552835416,Toaster,Kitchen and dining
1167995766552835416,Baking sheet,Kitchen and dining
1167995766552835416,Blender,Kitchen and dining
1167995766552835416,Dining table,Kitchen and dining
1167995766552835416,Shared backyard – Fully fenced,Outdoor
1167995766552835416,Outdoor furniture,Outdoor
1167995766552835416,BBQ grill,Outdoor
1167995766552835416,Free street parking,Parking and facilities
1167995766552835416,Essentials,Not included
1167995766552835416,Shampoo,Not included
1167995766552835416,Private entrance,Not included
1052767826783426157,Hair dryer,Bathroom
1052767826783426157,Cleaning products,Bathroom
1052767826783426157,Shampoo,Bathroom
1052767826783426157,Body soap,Bathroom
1052767826783426157,Hot water,Bathroom
1052767826783426157,Shower gel,Bathroom
1052767826783426157,Essentials,Bedroom and laundry
1052767826783426157,Hangers,Bedroom and laundry
1052767826783426157,Bed linens,Bedroom and laundry
1052767826783426157,Extra pillows and blankets,Bedroom and laundry
1052767826783426157,Room-darkening shades,Bedroom and laundry
1052767826783426157,Iron,Bedroom and laundry
1052767826783426157,Clothing storage,Bedroom and laundry
1052767826783426157,TV,Entertainment
1052767826783426157,Ceiling fan,Heating and cooling
1052767826783426157,Portable fans,Heating and cooling
1052767826783426157,Heating,Heating and cooling
1052767826783426157,Smoke alarm,Home safety
1052767826783426157,Carbon monoxide alarm,Home safety
1052767826783426157,Fire extinguisher,Home safety
1052767826783426157,Wifi,Internet and office
1052767826783426157,Kitchen,Kitchen and dining
1052767826783426157,Refrigerator,Kitchen and dining
1052767826783426157,Microwave,Kitchen and dining
1052767826783426157,Cooking basics,Kitchen and dining
1052767826783426157,Dishes and silverware,Kitchen and dining
1052767826783426157,Freezer,Kitchen and dining
1052767826783426157,Stove,Kitchen and dining
1052767826783426157,Oven,Kitchen and dining
1052767826783426157,Hot water kettle,Kitchen and dining
1052767826783426157,Coffee maker,Kitchen and dining
1052767826783426157,Toaster,Kitchen and dining
1052767826783426157,Baking sheet,Kitchen and dining
1052767826783426157,Blender,Kitchen and dining
1052767826783426157,Dining table,Kitchen and dining
1052767826783426157,Laundromat nearby,Location features
1052767826783426157,Free street parking,Parking and facilities
1052767826783426157,Paid parking off premises,Parking and facilities
1052767826783426157,Long term stays allowed,Services
1052767826783426157,Self check-in,Services
1052767826783426157,Lockbox,Services
1052767826783426157,Exterior security cameras on property,Not included
1052767826783426157,Washer,Not included
1052767826783426157,Dryer,Not included
1052767826783426157,Air conditioning,Not included
13674799,Bathtub,Bathroom
13674799,Hair dryer,Bathroom
13674799,Shampoo,Bathroom
13674799,Conditioner,Bathroom
13674799,Body soap,Bathroom
13674799,Hot water,Bathroom
13674799,Shower gel,Bathroom
13674799,Essentials,Bedroom and laundry
13674799,Hangers,Bedroom and laundry
13674799,Bed linens,Bedroom and laundry
13674799,Extra pillows and blankets,Bedroom and laundry
13674799,Iron,Bedroom and laundry
13674799,Clothing storage: dresser,Bedroom and laundry
13674799,TV with standard cable,Entertainment
13674799,High chair,Family
13674799,Air conditioning,Heating and cooling
13674799,Ceiling fan,Heating and cooling
13674799,Heating,Heating and cooling
13674799,Smoke alarm,Home safety
13674799,Wifi,Internet and office
13674799,Microwave,Kitchen and dining
13674799,Dishes and silverware,Kitchen and dining
13674799,Mini fridge,Kitchen and dining
13674799,Kitchenette,Kitchen and dining
13674799,Private entrance,Location features
13674799,Laundromat nearby,Location features
13674799,Backyard,Outdoor
13674799,Free street parking,Parking and facilities
13674799,Luggage dropoff allowed,Services
13674799,Self check-in,Services
13674799,Keypad,Services
13674799,Lock on bedroom door,Privacy and safety
13674799,Kitchen,Privacy and safety
13674799,Washer,Privacy and safety
13674799,Dryer,Privacy and safety
13674799,Carbon monoxide alarm,Privacy and safety
1449333582048837621,Hair dryer,Bathroom
1449333582048837621,Cleaning products,Bathroom
1449333582048837621,Shampoo,Bathroom
1449333582048837621,Conditioner,Bathroom
1449333582048837621,Body soap,Bathroom
1449333582048837621,Bidet,Bathroom
1449333582048837621,Hot water,Bathroom
1449333582048837621,Essentials,Bedroom and laundry
1449333582048837621,Hangers,Bedroom and laundry
1449333582048837621,Bed linens,Bedroom and laundry
1449333582048837621,Iron,Bedroom and laundry
1449333582048837621,Clothing storage,Bedroom and laundry
1449333582048837621,TV,Entertainment
1449333582048837621,Pack ’n play/Travel crib - available upon request,Family
1449333582048837621,Air conditioning,Heating and cooling
1449333582048837621,Heating,Heating and cooling
1449333582048837621,Smoke alarm,Home safety
1449333582048837621,Carbon monoxide alarm,Home safety
1449333582048837621,First aid kit,Home safety
1449333582048837621,Wifi,Internet and office
1449333582048837621,Dedicated workspace,Internet and office
1449333582048837621,Kitchen,Kitchen and dining
1449333582048837621,Refrigerator,Kitchen and dining
1449333582048837621,Microwave,Kitchen and dining
1449333582048837621,Cooking basics,Kitchen and dining
1449333582048837621,Freezer,Kitchen and dining
1449333582048837621,Stove,Kitchen and dining
1449333582048837621,Oven,Kitchen and dining
1449333582048837621,Hot water kettle,Kitchen and dining
1449333582048837621,Coffee maker,Kitchen and dining
1449333582048837621,Wine glasses,Kitchen and dining
1449333582048837621,Coffee,Kitchen and dining
1449333582048837621,Private entrance,Location features
1449333582048837621,Laundromat nearby,Location features
1449333582048837621,Paid parking off premises,Parking and facilities
1449333582048837621,Self check-in,Services
1449333582048837621,Lockbox,Services
1449333582048837621,Exterior security cameras on property,Not included
1449333582048837621,Washer,Not included
1011664069029780820,Courtyard view,Scenic views
1011664069029780820,Hair dryer,Bathroom
1011664069029780820,Cleaning products,Bathroom
1011664069029780820,Shampoo,Bathroom
1011664069029780820,Conditioner,Bathroom
1011664069029780820,Body soap,Bathroom
1011664069029780820,Hot water,Bathroom
1011664069029780820,Shower gel,Bathroom
1011664069029780820,Essentials,Bedroom and laundry
1011664069029780820,Hangers,Bedroom and laundry
1011664069029780820,Bed linens,Bedroom and laundry
1011664069029780820,Extra pillows and blankets,Bedroom and laundry
1011664069029780820,Room-darkening shades,Bedroom and laundry
1011664069029780820,Iron,Bedroom and laundry
1011664069029780820,Clothing storage: closet,Bedroom and laundry
1011664069029780820,Window AC unit,Heating and cooling
1011664069029780820,Heating,Heating and cooling
1011664069029780820,Lock on bedroom door,Privacy and safety
1011664069029780820,Exterior security cameras on property,Privacy and safety
1011664069029780820,Smoke alarm,Privacy and safety
1011664069029780820,Carbon monoxide alarm,Privacy and safety
1011664069029780820,Fire extinguisher,Privacy and safety
1011664069029780820,First aid kit,Privacy and safety
1011664069029780820,Wifi,Internet and office
1011664069029780820,Kitchen,Kitchen and dining
1011664069029780820,Refrigerator,Kitchen and dining
1011664069029780820,Microwave,Kitchen and dining
1011664069029780820,Cooking basics,Kitchen and dining
1011664069029780820,Dishes and silverware,Kitchen and dining
1011664069029780820,Freezer,Kitchen and dining
1011664069029780820,LG gas stove,Kitchen and dining
1011664069029780820,Oven,Kitchen and dining
1011664069029780820,Hot water kettle,Kitchen and dining
1011664069029780820,Dining table,Kitchen and dining
1011664069029780820,Free street parking,Parking and facilities
1011664069029780820,Luggage dropoff allowed,Services
1011664069029780820,Long term stays allowed,Services
1011664069029780820,Self check-in,Services
1011664069029780820,Keypad,Services
1011664069029780820,Cleaning available during stay,Services
1011664069029780820,TV,Not included
1011664069029780820,Washer,Not included
1011664069029780820,Private entrance,Not included
968356497739578739,Bathtub,Bathroom
968356497739578739,Hair dryer,Bathroom
968356497739578739,Conditioner,Bathroom
968356497739578739,Body soap,Bathroom
968356497739578739,Hot water,Bathroom
968356497739578739,Shower gel,Bathroom
968356497739578739,Essentials,Bedroom and laundry
968356497739578739,Hangers,Bedroom and laundry
968356497739578739,Bed linens,Bedroom and laundry
968356497739578739,Extra pillows and blankets,Bedroom and laundry
968356497739578739,Clothing storage: dresser,Bedroom and laundry
968356497739578739,TV,Entertainment
968356497739578739,Window guards,Family
968356497739578739,Air conditioning,Heating and cooling
968356497739578739,Central heating,Heating and cooling
968356497739578739,Portable heater,Heating and cooling
968356497739578739,Smoke alarm,Home safety
968356497739578739,Carbon monoxide alarm,Home safety
968356497739578739,Fire extinguisher,Home safety
968356497739578739,First aid kit,Home safety
968356497739578739,Wifi,Internet and office
968356497739578739,Dedicated workspace,Internet and office
968356497739578739,Kitchen,Kitchen and dining
968356497739578739,Refrigerator,Kitchen and dining
968356497739578739,Microwave,Kitchen and dining
968356497739578739,Cooking basics,Kitchen and dining
968356497739578739,Dishes and silverware,Kitchen and dining
968356497739578739,Dishwasher,Kitchen and dining
968356497739578739,Stove,Kitchen and dining
968356497739578739,Oven,Kitchen and dining
968356497739578739,Coffee maker: Nespresso,Kitchen and dining
968356497739578739,Wine glasses,Kitchen and dining
968356497739578739,Baking sheet,Kitchen and dining
968356497739578739,Dining table,Kitchen and dining
968356497739578739,Coffee,Kitchen and dining
968356497739578739,Laundromat nearby,Location features
968356497739578739,Pets allowed,Services
968356497739578739,Self check-in,Services
968356497739578739,Lockbox,Services
968356497739578739,Exterior security cameras on property,Not included
968356497739578739,Washer,Not included
968356497739578739,Dryer,Not included
1250415588517175726,Hair dryer,Bathroom
1250415588517175726,Shampoo,Bathroom
1250415588517175726,Body soap,Bathroom
1250415588517175726,Hot water,Bathroom
1250415588517175726,Shower gel,Bathroom
1250415588517175726,Essentials,Bedroom and laundry
1250415588517175726,Hangers,Bedroom and laundry
1250415588517175726,Bed linens,Bedroom and laundry
1250415588517175726,Room-darkening shades,Bedroom and laundry
1250415588517175726,Iron,Bedroom and laundry
1250415588517175726,55 inch HDTV with Apple TV,Entertainment
1250415588517175726,Books and reading material,Entertainment
1250415588517175726,Air conditioning,Heating and cooling
1250415588517175726,Radiant heating,Heating and cooling
1250415588517175726,Exterior security cameras on property,Home safety
1250415588517175726,Smoke alarm,Home safety
1250415588517175726,Carbon monoxide alarm,Home safety
1250415588517175726,Fire extinguisher,Home safety
1250415588517175726,Fast wifi – 93 Mbps,Internet and office
1250415588517175726,Dedicated workspace,Internet and office
1250415588517175726,Microwave,Kitchen and dining
1250415588517175726,Mini fridge,Kitchen and dining
1250415588517175726,Hot water kettle,Kitchen and dining
1250415588517175726,Toaster,Kitchen and dining
1250415588517175726,Coffee,Kitchen and dining
1250415588517175726,Laundromat nearby,Location features
1250415588517175726,Free street parking,Parking and facilities
1250415588517175726,Self check-in,Services
1250415588517175726,Lockbox,Services
1250415588517175726,Lock on bedroom door,Privacy and safety
1250415588517175726,Kitchen,Privacy and safety
1250415588517175726,Washer,Privacy and safety
1250415588517175726,Dryer,Privacy and safety
1577810983034771791,Bathtub,Bathroom
1577810983034771791,Hair dryer,Bathroom
1577810983034771791,Cleaning products,Bathroom
1577810983034771791,Shampoo,Bathroom
1577810983034771791,Conditioner,Bathroom
1577810983034771791,Body soap,Bathroom
1577810983034771791,Shower gel,Bathroom
1577810983034771791,Washer – In building,Bedroom and laundry
1577810983034771791,Dryer – In building,Bedroom and laundry
1577810983034771791,Essentials,Bedroom and laundry
1577810983034771791,Hangers,Bedroom and laundry
1577810983034771791,Clothing storage,Bedroom and laundry
1577810983034771791,TV,Entertainment
1577810983034771791,Ceiling fan,Heating and cooling
1577810983034771791,Wifi,Internet and office
1577810983034771791,Kitchen,Kitchen and dining
1577810983034771791,Microwave,Kitchen and dining
1577810983034771791,Toaster,Kitchen and dining
1577810983034771791,Elevator,Parking and facilities
1577810983034771791,Paid street parking off premises,Parking and facilities
1577810983034771791,Self check-in,Services
1577810983034771791,Lockbox,Services
1516700100033014957,Dedicated workspace,Internet and office
1577810983034771791,Exterior security cameras on property,Not included
1577810983034771791,Air conditioning,Not included
1577810983034771791,Smoke alarm,Not included
1577810983034771791,Carbon monoxide alarm,Not included
1577810983034771791,Private entrance,Not included
1577810983034771791,Heating,Not included
1524141310441759146,Bathtub,Bathroom
1524141310441759146,Hair dryer,Bathroom
1524141310441759146,Shampoo,Bathroom
1524141310441759146,Hot water,Bathroom
1524141310441759146,Shower gel,Bathroom
1524141310441759146,Paid washer – In building,Bedroom and laundry
1524141310441759146,Paid dryer – In building,Bedroom and laundry
1524141310441759146,Hangers,Bedroom and laundry
1524141310441759146,Bed linens,Bedroom and laundry
1524141310441759146,Room-darkening shades,Bedroom and laundry
1524141310441759146,Iron,Bedroom and laundry
1524141310441759146,Clothing storage,Bedroom and laundry
1524141310441759146,48 inch HDTV with Roku,Entertainment
1524141310441759146,Air conditioning,Heating and cooling
1524141310441759146,Heating,Heating and cooling
1524141310441759146,Smoke alarm,Home safety
1524141310441759146,Carbon monoxide alarm,Home safety
1524141310441759146,Wifi,Internet and office
1524141310441759146,Kitchen,Kitchen and dining
1524141310441759146,Refrigerator,Kitchen and dining
1524141310441759146,Microwave,Kitchen and dining
1524141310441759146,Cooking basics,Kitchen and dining
1524141310441759146,Dishes and silverware,Kitchen and dining
1524141310441759146,Stove,Kitchen and dining
1524141310441759146,Oven,Kitchen and dining
1524141310441759146,Hot water kettle,Kitchen and dining
1524141310441759146,Coffee maker,Kitchen and dining
1524141310441759146,Dining table,Kitchen and dining
1524141310441759146,Private entrance,Location features
1524141310441759146,Outdoor furniture,Outdoor
1524141310441759146,Free parking on premises,Parking and facilities
1524141310441759146,Self check-in,Services
1524141310441759146,Lockbox,Services
1524141310441759146,Essentials,Not included
1197132248327674617,Bathtub,Bathroom
1197132248327674617,Hair dryer,Bathroom
1197132248327674617,Cleaning products,Bathroom
1197132248327674617,Shampoo,Bathroom
1197132248327674617,Conditioner,Bathroom
1197132248327674617,Body soap,Bathroom
1197132248327674617,Hot water,Bathroom
1197132248327674617,Shower gel,Bathroom
1197132248327674617,Hangers,Bedroom and laundry
1197132248327674617,Bed linens,Bedroom and laundry
1197132248327674617,Extra pillows and blankets,Bedroom and laundry
1197132248327674617,Room-darkening shades,Bedroom and laundry
1197132248327674617,Clothing storage,Bedroom and laundry
1197132248327674617,TV,Entertainment
1197132248327674617,Air conditioning,Heating and cooling
1197132248327674617,Heating,Heating and cooling
1197132248327674617,Smoke alarm,Home safety
1197132248327674617,Carbon monoxide alarm,Home safety
1197132248327674617,Wifi,Internet and office
1197132248327674617,Mini fridge,Kitchen and dining
1197132248327674617,Dining table,Kitchen and dining
1197132248327674617,Private entrance,Location features
1197132248327674617,Laundromat nearby,Location features
1197132248327674617,Patio or balcony,Outdoor
1197132248327674617,Backyard,Outdoor
1197132248327674617,Outdoor dining area,Outdoor
1197132248327674617,Sun loungers,Outdoor
1197132248327674617,Free street parking,Parking and facilities
1197132248327674617,Self check-in,Services
1197132248327674617,Keypad,Services
1197132248327674617,Exterior security cameras on property,Not included
1197132248327674617,Kitchen,Not included
1197132248327674617,Washer,Not included
1197132248327674617,Dryer,Not included
1197132248327674617,Essentials,Not included
1516700100033014957,Bathtub,Bathroom
1516700100033014957,Hair dryer,Bathroom
1516700100033014957,Hot water,Bathroom
1516700100033014957,Shower gel,Bathroom
1516700100033014957,Washer,Bedroom and laundry
1516700100033014957,Free dryer,Bedroom and laundry
1516700100033014957,Hangers,Bedroom and laundry
1516700100033014957,Bed linens,Bedroom and laundry
1516700100033014957,Extra pillows and blankets,Bedroom and laundry
1516700100033014957,Iron,Bedroom and laundry
1516700100033014957,Clothing storage,Bedroom and laundry
1516700100033014957,TV,Entertainment
1516700100033014957,Books and reading material,Entertainment
1516700100033014957,Central air conditioning,Heating and cooling
1516700100033014957,Heating,Heating and cooling
1516700100033014957,Noise decibel monitors on property,Home safety
1516700100033014957,Exterior security cameras on property,Home safety
1516700100033014957,Smoke alarm,Home safety
1516700100033014957,Carbon monoxide alarm,Home safety
1516700100033014957,Wifi,Internet and office
3259107,Hot water,Bathroom
1516700100033014957,Kitchen,Kitchen and dining
1516700100033014957,Refrigerator,Kitchen and dining
1516700100033014957,Microwave,Kitchen and dining
1516700100033014957,Cooking basics,Kitchen and dining
1516700100033014957,Dishes and silverware,Kitchen and dining
1516700100033014957,Freezer,Kitchen and dining
1516700100033014957,Dishwasher,Kitchen and dining
1516700100033014957,Stove,Kitchen and dining
1516700100033014957,Oven,Kitchen and dining
1516700100033014957,Hot water kettle,Kitchen and dining
1516700100033014957,Coffee maker,Kitchen and dining
1516700100033014957,Wine glasses,Kitchen and dining
1516700100033014957,Toaster,Kitchen and dining
1516700100033014957,Blender,Kitchen and dining
1516700100033014957,Rice maker,Kitchen and dining
1516700100033014957,Dining table,Kitchen and dining
1516700100033014957,Coffee,Kitchen and dining
1516700100033014957,Shared BBQ grill,Outdoor
1516700100033014957,Elevator,Parking and facilities
1516700100033014957,Shared gym in building,Parking and facilities
1516700100033014957,Long term stays allowed,Services
1516700100033014957,Essentials,Not included
1109823537876520834,Bathtub,Bathroom
1109823537876520834,Hair dryer,Bathroom
1109823537876520834,Cleaning products,Bathroom
1109823537876520834,Shampoo,Bathroom
1109823537876520834,Conditioner,Bathroom
1109823537876520834,Body soap,Bathroom
1109823537876520834,Hot water,Bathroom
1109823537876520834,Shower gel,Bathroom
1109823537876520834,Paid washer – In building,Bedroom and laundry
1109823537876520834,Paid dryer – In building,Bedroom and laundry
1109823537876520834,Essentials,Bedroom and laundry
1109823537876520834,Hangers,Bedroom and laundry
1109823537876520834,Bed linens,Bedroom and laundry
1109823537876520834,Extra pillows and blankets,Bedroom and laundry
1109823537876520834,Iron,Bedroom and laundry
1109823537876520834,Drying rack for clothing,Bedroom and laundry
1109823537876520834,Clothing storage,Bedroom and laundry
1109823537876520834,TV,Entertainment
1109823537876520834,Window AC unit,Heating and cooling
1109823537876520834,Ceiling fan,Heating and cooling
1109823537876520834,Heating,Heating and cooling
1109823537876520834,Smoke alarm,Home safety
1109823537876520834,Carbon monoxide alarm,Home safety
1109823537876520834,Fire extinguisher,Home safety
1109823537876520834,First aid kit,Home safety
1109823537876520834,Wifi,Internet and office
1109823537876520834,Dedicated workspace,Internet and office
1109823537876520834,Refrigerator,Kitchen and dining
1109823537876520834,Microwave,Kitchen and dining
1109823537876520834,Cooking basics,Kitchen and dining
1109823537876520834,Mini fridge,Kitchen and dining
1109823537876520834,Freezer,Kitchen and dining
1109823537876520834,Wine glasses,Kitchen and dining
1109823537876520834,Beach access,Location features
1109823537876520834,Laundromat nearby,Location features
1109823537876520834,Patio or balcony,Outdoor
1109823537876520834,Shared backyard – Fully fenced,Outdoor
1109823537876520834,Elevator,Parking and facilities
1109823537876520834,Paid parking off premises,Parking and facilities
1109823537876520834,Luggage dropoff allowed,Services
1109823537876520834,Long term stays allowed,Services
1109823537876520834,Self check-in,Services
1109823537876520834,Smart lock,Services
1109823537876520834,Exterior security cameras on property,Not included
1109823537876520834,Kitchen,Not included
1109823537876520834,Private entrance,Not included
18022636,Hair dryer,Bathroom
18022636,Shampoo,Bathroom
18022636,Hot water,Bathroom
18022636,Essentials,Bedroom and laundry
18022636,Hangers,Bedroom and laundry
18022636,Bed linens,Bedroom and laundry
18022636,Extra pillows and blankets,Bedroom and laundry
18022636,Iron,Bedroom and laundry
18022636,TV with standard cable,Entertainment
18022636,Children’s books and toys,Family
18022636,High chair,Family
18022636,Air conditioning,Heating and cooling
18022636,Heating,Heating and cooling
18022636,Smoke alarm,Home safety
18022636,Carbon monoxide alarm,Home safety
18022636,Wifi,Internet and office
18022636,Kitchen,Kitchen and dining
18022636,Refrigerator,Kitchen and dining
18022636,Dishes and silverware,Kitchen and dining
18022636,Coffee maker,Kitchen and dining
18022636,Private entrance,Location features
18022636,Free street parking,Parking and facilities
18022636,Luggage dropoff allowed,Services
18022636,Long term stays allowed,Services
18022636,Self check-in,Services
18022636,Keypad,Services
18022636,Washer,Not included
18022636,Dryer,Not included
3259107,Hair dryer,Bathroom
3259107,Cleaning products,Bathroom
3259107,Shampoo,Bathroom
3259107,Conditioner,Bathroom
3259107,Essentials,Bedroom and laundry
3259107,TV with standard cable,Entertainment
3259107,Heating,Heating and cooling
3259107,Exterior security cameras on property,Home safety
3259107,Smoke alarm,Home safety
3259107,Carbon monoxide alarm,Home safety
3259107,Wifi,Internet and office
3259107,Refrigerator,Kitchen and dining
3259107,Microwave,Kitchen and dining
3259107,Dishes and silverware,Kitchen and dining
3259107,Coffee maker,Kitchen and dining
3259107,Patio or balcony,Outdoor
3259107,Free street parking,Parking and facilities
3259107,Self check-in,Services
3259107,Lockbox,Services
3259107,Kitchen,Not included
3259107,Air conditioning,Not included
724702772019188387,Courtyard view,Scenic views
724702772019188387,City skyline view,Scenic views
724702772019188387,Garden view,Scenic views
724702772019188387,Hair dryer,Bathroom
724702772019188387,Cleaning products,Bathroom
724702772019188387,Shampoo,Bathroom
724702772019188387,Target conditioner,Bathroom
724702772019188387,Body soap,Bathroom
724702772019188387,Hot water,Bathroom
724702772019188387,Shower gel,Bathroom
724702772019188387,Free washer – In building,Bedroom and laundry
724702772019188387,Free dryer – In building,Bedroom and laundry
724702772019188387,Essentials,Bedroom and laundry
724702772019188387,Hangers,Bedroom and laundry
724702772019188387,Bed linens,Bedroom and laundry
724702772019188387,Extra pillows and blankets,Bedroom and laundry
724702772019188387,Iron,Bedroom and laundry
724702772019188387,"Clothing storage: walk-in closet, closet, and wardrobe",Bedroom and laundry
724702772019188387,9 inch HDTV with Roku,Entertainment
724702772019188387,Books and reading material,Entertainment
724702772019188387,Board games,Family
724702772019188387,Air conditioning,Heating and cooling
724702772019188387,Indoor fireplace,Heating and cooling
724702772019188387,Portable fans,Heating and cooling
724702772019188387,Radiant heating,Heating and cooling
724702772019188387,Noise decibel monitors on property,Home safety
724702772019188387,Exterior security cameras on property,Home safety
724702772019188387,Smoke alarm,Home safety
724702772019188387,Carbon monoxide alarm,Home safety
724702772019188387,Fire extinguisher,Home safety
724702772019188387,First aid kit,Home safety
724702772019188387,Wifi,Internet and office
724702772019188387,Dedicated workspace,Internet and office
724702772019188387,Kitchen,Kitchen and dining
724702772019188387,GE refrigerator,Kitchen and dining
724702772019188387,Microwave,Kitchen and dining
724702772019188387,Cooking basics,Kitchen and dining
724702772019188387,Dishes and silverware,Kitchen and dining
724702772019188387,Freezer,Kitchen and dining
724702772019188387,Gas stove,Kitchen and dining
724702772019188387,Stainless steel oven,Kitchen and dining
724702772019188387,Hot water kettle,Kitchen and dining
724702772019188387,Coffee maker,Kitchen and dining
724702772019188387,Wine glasses,Kitchen and dining
724702772019188387,Toaster,Kitchen and dining
724702772019188387,Baking sheet,Kitchen and dining
724702772019188387,Blender,Kitchen and dining
724702772019188387,Coffee,Kitchen and dining
724702772019188387,Free street parking,Parking and facilities
724702772019188387,Pets allowed,Services
724702772019188387,Luggage dropoff allowed,Services
724702772019188387,Long term stays allowed,Services
724702772019188387,Self check-in,Services
724702772019188387,Smart lock,Services
724702772019188387,Cleaning available during stay,Services
1359851844467685956,Hair dryer,Bathroom
1359851844467685956,Shampoo,Bathroom
1359851844467685956,Conditioner,Bathroom
1359851844467685956,Washer,Bedroom and laundry
1359851844467685956,Dryer,Bedroom and laundry
1359851844467685956,Essentials,Bedroom and laundry
1359851844467685956,Hangers,Bedroom and laundry
1359851844467685956,Iron,Bedroom and laundry
1359851844467685956,Ethernet connection,Entertainment
1359851844467685956,TV,Entertainment
1359851844467685956,Air conditioning,Heating and cooling
1359851844467685956,Central heating,Heating and cooling
1359851844467685956,Smoke alarm,Home safety
1359851844467685956,Carbon monoxide alarm,Home safety
1359851844467685956,Wifi,Internet and office
1359851844467685956,Dedicated workspace,Internet and office
1359851844467685956,Kitchen,Kitchen and dining
1359851844467685956,Refrigerator,Kitchen and dining
1359851844467685956,Microwave,Kitchen and dining
1359851844467685956,Cooking basics,Kitchen and dining
1359851844467685956,Dishes and silverware,Kitchen and dining
1359851844467685956,Stove,Kitchen and dining
1359851844467685956,Coffee maker,Kitchen and dining
1359851844467685956,Toaster,Kitchen and dining
1359851844467685956,Coffee,Kitchen and dining
1359851844467685956,Private patio or balcony,Outdoor
1359851844467685956,Free street parking,Parking and facilities
1359851844467685956,Paid parking garage on premises – 1 space,Parking and facilities
1359851844467685956,Private entrance,Not included
1368345301156208073,Bathtub,Bathroom
1368345301156208073,Hair dryer,Bathroom
1368345301156208073,Cleaning products,Bathroom
1368345301156208073,Shampoo,Bathroom
1368345301156208073,Conditioner,Bathroom
1368345301156208073,Body soap,Bathroom
1368345301156208073,Hot water,Bathroom
1368345301156208073,Shower gel,Bathroom
1368345301156208073,Washer,Bedroom and laundry
1368345301156208073,Paid dryer – In building,Bedroom and laundry
1368345301156208073,Hangers,Bedroom and laundry
1368345301156208073,Bed linens,Bedroom and laundry
1368345301156208073,Extra pillows and blankets,Bedroom and laundry
1368345301156208073,Iron,Bedroom and laundry
1368345301156208073,Drying rack for clothing,Bedroom and laundry
1368345301156208073,Clothing storage,Bedroom and laundry
1368345301156208073,TV,Entertainment
1368345301156208073,Air conditioning,Heating and cooling
1368345301156208073,Ceiling fan,Heating and cooling
1368345301156208073,Heating,Heating and cooling
1368345301156208073,Lock on bedroom door,Privacy and safety
1368345301156208073,Exterior security cameras on property,Privacy and safety
1368345301156208073,Smoke alarm,Privacy and safety
1368345301156208073,Carbon monoxide alarm,Privacy and safety
1368345301156208073,Fire extinguisher,Privacy and safety
1368345301156208073,First aid kit,Privacy and safety
1368345301156208073,Wifi,Internet and office
1368345301156208073,Dedicated workspace,Internet and office
1368345301156208073,Hot water kettle,Kitchen and dining
1368345301156208073,Coffee maker,Kitchen and dining
1368345301156208073,Coffee,Kitchen and dining
1368345301156208073,Laundromat nearby,Location features
1368345301156208073,Luggage dropoff allowed,Services
1368345301156208073,Long term stays allowed,Services
1368345301156208073,Self check-in,Services
1368345301156208073,Keypad,Services
1368345301156208073,Housekeeping available every day - available at extra cost,Services
1368345301156208073,Kitchen,Not included
1368345301156208073,Essentials,Not included
1368345301156208073,Private entrance,Not included
1131458412663503638,Bathtub,Bathroom
1131458412663503638,Hair dryer,Bathroom
1131458412663503638,Cleaning products,Bathroom
1131458412663503638,Shampoo,Bathroom
1131458412663503638,Conditioner,Bathroom
1131458412663503638,Body soap,Bathroom
1131458412663503638,Hot water,Bathroom
1131458412663503638,Essentials,Bedroom and laundry
1131458412663503638,Hangers,Bedroom and laundry
1131458412663503638,Bed linens,Bedroom and laundry
1131458412663503638,Room-darkening shades,Bedroom and laundry
1131458412663503638,Clothing storage,Bedroom and laundry
1131458412663503638,TV,Entertainment
1131458412663503638,Books and reading material,Entertainment
1131458412663503638,Air conditioning,Heating and cooling
1131458412663503638,Heating - split type ductless system,Heating and cooling
1131458412663503638,Exterior security cameras on property,Home safety
1131458412663503638,Smoke alarm,Home safety
1131458412663503638,Carbon monoxide alarm,Home safety
1131458412663503638,Fire extinguisher,Home safety
1131458412663503638,Wifi,Internet and office
1131458412663503638,Dedicated workspace,Internet and office
1131458412663503638,Kitchen,Kitchen and dining
1131458412663503638,Refrigerator,Kitchen and dining
1131458412663503638,Microwave,Kitchen and dining
1131458412663503638,Cooking basics,Kitchen and dining
1131458412663503638,Dishes and silverware,Kitchen and dining
1131458412663503638,Freezer,Kitchen and dining
1131458412663503638,Induction stove,Kitchen and dining
1131458412663503638,Hot water kettle,Kitchen and dining
1131458412663503638,Coffee maker,Kitchen and dining
1131458412663503638,Toaster,Kitchen and dining
1131458412663503638,Dining table,Kitchen and dining
1131458412663503638,Private entrance,Location features
1131458412663503638,Free street parking,Parking and facilities
1131458412663503638,Long term stays allowed,Services
1131458412663503638,Self check-in,Services
1131458412663503638,Smart lock,Services
1131458412663503638,Washer,Not included
1131458412663503638,Dryer,Not included
51872416,Hair dryer,Bathroom
51872416,Shampoo,Bathroom
51872416,Body soap,Bathroom
51872416,Hot water,Bathroom
51872416,Essentials,Bedroom and laundry
51872416,Bed linens,Bedroom and laundry
51872416,Iron,Bedroom and laundry
51872416,Air conditioning,Heating and cooling
51872416,Indoor fireplace,Heating and cooling
51872416,Heating,Heating and cooling
51872416,Lock on bedroom door,Privacy and safety
51872416,Exterior security cameras on property,Privacy and safety
51872416,Smoke alarm,Privacy and safety
51872416,Carbon monoxide alarm,Privacy and safety
51872416,Wifi,Internet and office
51872416,Dedicated workspace,Internet and office
51872416,Kitchen,Kitchen and dining
51872416,Refrigerator,Kitchen and dining
51872416,Microwave,Kitchen and dining
51872416,Cooking basics,Kitchen and dining
51872416,Dishes and silverware,Kitchen and dining
51872416,Stove,Kitchen and dining
51872416,Oven,Kitchen and dining
51872416,Coffee maker,Kitchen and dining
51872416,Free street parking,Parking and facilities
51872416,Self check-in,Services
51872416,Lockbox,Services
51872416,TV,Not included
51872416,Washer,Not included
51872416,Dryer,Not included
1524453622586913569,Bathtub,Bathroom
1524453622586913569,Hair dryer,Bathroom
1524453622586913569,Shampoo,Bathroom
1524453622586913569,Conditioner,Bathroom
1524453622586913569,Body soap,Bathroom
1524453622586913569,Hot water,Bathroom
1524453622586913569,Shower gel,Bathroom
1524453622586913569,Free washer – In unit,Bedroom and laundry
1524453622586913569,Free dryer – In unit,Bedroom and laundry
1524453622586913569,Essentials,Bedroom and laundry
1524453622586913569,Hangers,Bedroom and laundry
1524453622586913569,Extra pillows and blankets,Bedroom and laundry
1524453622586913569,Iron,Bedroom and laundry
1524453622586913569,Clothing storage: walk-in closet,Bedroom and laundry
1524453622586913569,TV,Entertainment
1524453622586913569,Pack ’n play/Travel crib - always at the listing,Family
1524453622586913569,Fireplace guards,Family
1524453622586913569,Central air conditioning,Heating and cooling
1524453622586913569,Indoor fireplace,Heating and cooling
1524453622586913569,Central heating,Heating and cooling
1524453622586913569,Smoke alarm,Home safety
1524453622586913569,Carbon monoxide alarm,Home safety
1524453622586913569,Fire extinguisher,Home safety
1524453622586913569,First aid kit,Home safety
1524453622586913569,Wifi,Internet and office
1524453622586913569,Kitchen,Kitchen and dining
1524453622586913569,Microwave,Kitchen and dining
1524453622586913569,Cooking basics,Kitchen and dining
1524453622586913569,Dishes and silverware,Kitchen and dining
1524453622586913569,Freezer,Kitchen and dining
1524453622586913569,Dishwasher,Kitchen and dining
1524453622586913569,Stove,Kitchen and dining
1524453622586913569,Oven,Kitchen and dining
1524453622586913569,Hot water kettle,Kitchen and dining
1524453622586913569,Coffee maker: drip coffee maker,Kitchen and dining
1524453622586913569,Wine glasses,Kitchen and dining
1524453622586913569,Toaster,Kitchen and dining
1524453622586913569,Dining table,Kitchen and dining
1524453622586913569,Coffee,Kitchen and dining
1524453622586913569,Private entrance,Location features
1524453622586913569,Private patio or balcony,Outdoor
1524453622586913569,Sun loungers,Outdoor
1524453622586913569,Free parking on premises,Parking and facilities
1524453622586913569,Pool,Parking and facilities
1524453622586913569,Hot tub,Parking and facilities
1524453622586913569,Elevator,Parking and facilities
1524453622586913569,Private gym in building,Parking and facilities
1524453622586913569,Paid parking on premises,Parking and facilities
1524453622586913569,Single level home,Parking and facilities
1524453622586913569,Pets allowed,Services
1524453622586913569,Long term stays allowed,Services
1524453622586913569,Self check-in,Services
1524453622586913569,Smart lock,Services
1524453622586913569,Exterior security cameras on property,Not included
1069562125382859559,Bathtub,Bathroom
1069562125382859559,Hair dryer,Bathroom
1069562125382859559,Cleaning products,Bathroom
1069562125382859559,Shampoo,Bathroom
1069562125382859559,Conditioner,Bathroom
1069562125382859559,Body soap,Bathroom
1069562125382859559,Hot water,Bathroom
1069562125382859559,Shower gel,Bathroom
1069562125382859559,Free washer – In unit,Bedroom and laundry
1069562125382859559,Free dryer – In unit,Bedroom and laundry
1069562125382859559,Essentials,Bedroom and laundry
1069562125382859559,Hangers,Bedroom and laundry
1069562125382859559,Bed linens,Bedroom and laundry
1069562125382859559,Extra pillows and blankets,Bedroom and laundry
1069562125382859559,Room-darkening shades,Bedroom and laundry
1069562125382859559,Iron,Bedroom and laundry
1069562125382859559,Drying rack for clothing,Bedroom and laundry
1069562125382859559,Clothing storage: walk-in closet,Bedroom and laundry
1069562125382859559,55 inch HDTV with Netflix,Entertainment
1069562125382859559,Exercise equipment,Entertainment
1069562125382859559,Pool table,Entertainment
1069562125382859559,Arcade games,Entertainment
1069562125382859559,Books and reading material,Entertainment
1069562125382859559,Central air conditioning,Heating and cooling
1069562125382859559,Ceiling fan,Heating and cooling
1069562125382859559,Central heating,Heating and cooling
1069562125382859559,Smoke alarm,Home safety
1069562125382859559,Carbon monoxide alarm,Home safety
1069562125382859559,Fire extinguisher,Home safety
1069562125382859559,First aid kit,Home safety
1069562125382859559,Wifi,Internet and office
1069562125382859559,Dedicated workspace,Internet and office
1069562125382859559,Kitchen,Kitchen and dining
1069562125382859559,Refrigerator,Kitchen and dining
1069562125382859559,Microwave,Kitchen and dining
1069562125382859559,Cooking basics,Kitchen and dining
1069562125382859559,Dishes and silverware,Kitchen and dining
1069562125382859559,Mini fridge,Kitchen and dining
1069562125382859559,Freezer,Kitchen and dining
1069562125382859559,Dishwasher,Kitchen and dining
1069562125382859559,Samsung stainless steel gas stove,Kitchen and dining
1069562125382859559,Samsung stainless steel double oven,Kitchen and dining
1069562125382859559,Hot water kettle,Kitchen and dining
1069562125382859559,Coffee maker: Keurig coffee machine,Kitchen and dining
1069562125382859559,Wine glasses,Kitchen and dining
1069562125382859559,Toaster,Kitchen and dining
1069562125382859559,Baking sheet,Kitchen and dining
1069562125382859559,Trash compactor,Kitchen and dining
1069562125382859559,Barbecue utensils,Kitchen and dining
1069562125382859559,Coffee,Kitchen and dining
1069562125382859559,Waterfront,Location features
1069562125382859559,Beach access,Location features
1069562125382859559,Laundromat nearby,Location features
1069562125382859559,Patio or balcony,Outdoor
1069562125382859559,Fire pit,Outdoor
1069562125382859559,Outdoor dining area,Outdoor
1069562125382859559,BBQ grill,Outdoor
1069562125382859559,Beach essentials,Outdoor
1069562125382859559,Sun loungers,Outdoor
1069562125382859559,Free street parking,Parking and facilities
1069562125382859559,"Shared outdoor pool - available all year, open specific hours",Parking and facilities
1069562125382859559,Elevator,Parking and facilities
1069562125382859559,EV charger - level 2,Parking and facilities
1069562125382859559,Shared gym in building,Parking and facilities
1069562125382859559,Luggage dropoff allowed,Services
1069562125382859559,Long term stays allowed,Services
1069562125382859559,Self check-in,Services
1069562125382859559,Lockbox,Services
1069562125382859559,Cleaning available during stay,Services
1069562125382859559,Exterior security cameras on property,Not included
1069562125382859559,Private entrance,Not included
1438561016220045910,Bathtub,Bathroom
1438561016220045910,Hair dryer,Bathroom
1438561016220045910,Cleaning products,Bathroom
1438561016220045910,Shampoo,Bathroom
1438561016220045910,Conditioner,Bathroom
1438561016220045910,Body soap,Bathroom
1438561016220045910,Hot water,Bathroom
1438561016220045910,Shower gel,Bathroom
1438561016220045910,Essentials,Bedroom and laundry
1438561016220045910,Hangers,Bedroom and laundry
1438561016220045910,Bed linens,Bedroom and laundry
1438561016220045910,Extra pillows and blankets,Bedroom and laundry
1438561016220045910,Iron,Bedroom and laundry
1438561016220045910,Clothing storage,Bedroom and laundry
1438561016220045910,Air conditioning,Heating and cooling
1438561016220045910,Ceiling fan,Heating and cooling
1438561016220045910,Heating,Heating and cooling
1438561016220045910,Lock on bedroom door,Privacy and safety
1438561016220045910,Exterior security cameras on property,Privacy and safety
1438561016220045910,Smoke alarm,Privacy and safety
1438561016220045910,Carbon monoxide alarm,Privacy and safety
1438561016220045910,Fire extinguisher,Privacy and safety
1438561016220045910,First aid kit,Privacy and safety
1438561016220045910,Wifi,Internet and office
1438561016220045910,Kitchen,Kitchen and dining
1438561016220045910,Refrigerator,Kitchen and dining
1438561016220045910,Microwave,Kitchen and dining
1438561016220045910,Cooking basics,Kitchen and dining
1438561016220045910,Dishes and silverware,Kitchen and dining
1438561016220045910,Dishwasher,Kitchen and dining
1438561016220045910,Stove,Kitchen and dining
1438561016220045910,Oven,Kitchen and dining
1438561016220045910,Wine glasses,Kitchen and dining
1438561016220045910,Dining table,Kitchen and dining
1438561016220045910,Coffee,Kitchen and dining
1438561016220045910,Free parking on premises,Parking and facilities
1438561016220045910,Free street parking,Parking and facilities
1438561016220045910,Self check-in,Services
1438561016220045910,Keypad,Services
1438561016220045910,TV,Not included
1438561016220045910,Paid washer – In unit,Not included
1438561016220045910,Private entrance,Not included
45841551,Mountain view,Scenic views
45841551,Bathtub,Bathroom
45841551,Hair dryer,Bathroom
45841551,Cleaning products,Bathroom
45841551,Essentials,Bedroom and laundry
45841551,Hangers,Bedroom and laundry
45841551,Bed linens,Bedroom and laundry
45841551,Extra pillows and blankets,Bedroom and laundry
45841551,Room-darkening shades,Bedroom and laundry
45841551,Iron,Bedroom and laundry
45841551,Clothing storage: walk-in closet,Bedroom and laundry
45841551,"HDTV with HBO Max, Netflix, Roku, Amazon Prime Video",Entertainment
45841551,Books and reading material,Entertainment
45841551,Central air conditioning,Heating and cooling
45841551,Heating,Heating and cooling
45841551,Exterior security cameras on property,Home safety
45841551,Smoke alarm,Home safety
45841551,Carbon monoxide alarm,Home safety
45841551,Fire extinguisher,Home safety
45841551,First aid kit,Home safety
45841551,Wifi,Internet and office
45841551,Dedicated workspace,Internet and office
45841551,Pocket wifi,Internet and office
45841551,Microwave,Kitchen and dining
45841551,Dishes and silverware,Kitchen and dining
45841551,Mini fridge,Kitchen and dining
45841551,Hot water kettle,Kitchen and dining
45841551,Coffee maker: Keurig coffee machine,Kitchen and dining
45841551,Wine glasses,Kitchen and dining
45841551,Toaster,Kitchen and dining
45841551,Coffee,Kitchen and dining
45841551,Private entrance,Location features
45841551,Laundromat nearby,Location features
45841551,Patio or balcony,Outdoor
45841551,Outdoor furniture,Outdoor
45841551,Sun loungers,Outdoor
45841551,Free parking on premises,Parking and facilities
45841551,Free street parking,Parking and facilities
45841551,Hot tub,Parking and facilities
45841551,Private sauna,Parking and facilities
45841551,Pets allowed,Services
45841551,Long term stays allowed,Services
45841551,Self check-in,Services
45841551,Smart lock,Services
45841551,Cleaning available during stay,Services
45841551,Kitchen,Not included
45841551,Washer,Not included
45841551,Dryer,Not included
917337949513910656,Hair dryer,Bathroom
917337949513910656,Cleaning products,Bathroom
917337949513910656,Shampoo,Bathroom
917337949513910656,Conditioner,Bathroom
917337949513910656,Body soap,Bathroom
917337949513910656,Outdoor shower,Bathroom
917337949513910656,Hot water,Bathroom
917337949513910656,Shower gel,Bathroom
917337949513910656,Washer,Bedroom and laundry
917337949513910656,Dryer,Bedroom and laundry
917337949513910656,Essentials,Bedroom and laundry
917337949513910656,Hangers,Bedroom and laundry
917337949513910656,Bed linens,Bedroom and laundry
917337949513910656,Extra pillows and blankets,Bedroom and laundry
917337949513910656,Room-darkening shades,Bedroom and laundry
917337949513910656,Iron,Bedroom and laundry
917337949513910656,Clothing storage,Bedroom and laundry
917337949513910656,Ethernet connection,Entertainment
917337949513910656,TV,Entertainment
917337949513910656,Exercise equipment,Entertainment
917337949513910656,Books and reading material,Entertainment
917337949513910656,Theme room,Entertainment
917337949513910656,Children’s dinnerware,Family
917337949513910656,Outlet covers,Family
917337949513910656,Air conditioning,Heating and cooling
917337949513910656,Heating,Heating and cooling
917337949513910656,Smoke alarm,Home safety
917337949513910656,Carbon monoxide alarm,Home safety
917337949513910656,Fire extinguisher,Home safety
917337949513910656,Wifi,Internet and office
917337949513910656,Dedicated workspace,Internet and office
917337949513910656,Kitchen,Kitchen and dining
917337949513910656,Microwave,Kitchen and dining
917337949513910656,Cooking basics,Kitchen and dining
917337949513910656,Dishes and silverware,Kitchen and dining
917337949513910656,Mini fridge,Kitchen and dining
917337949513910656,Freezer,Kitchen and dining
917337949513910656,Dishwasher,Kitchen and dining
917337949513910656,Stove,Kitchen and dining
917337949513910656,Oven,Kitchen and dining
917337949513910656,Coffee maker,Kitchen and dining
917337949513910656,Blender,Kitchen and dining
917337949513910656,Dining table,Kitchen and dining
917337949513910656,Coffee,Kitchen and dining
917337949513910656,Patio or balcony,Outdoor
917337949513910656,Fire pit,Outdoor
917337949513910656,Outdoor furniture,Outdoor
917337949513910656,Outdoor dining area,Outdoor
917337949513910656,Shared BBQ grill: gas,Outdoor
917337949513910656,Free street parking,Parking and facilities
917337949513910656,Pool,Parking and facilities
917337949513910656,Hot tub,Parking and facilities
917337949513910656,Elevator,Parking and facilities
917337949513910656,EV charger,Parking and facilities
917337949513910656,Gym,Parking and facilities
917337949513910656,Paid parking on premises,Parking and facilities
917337949513910656,Pets allowed,Services
917337949513910656,Exterior security cameras on property,Not included
3527764,Hair dryer,Bathroom
3527764,Shampoo,Bathroom
3527764,Hot water,Bathroom
3527764,Washer,Bedroom and laundry
3527764,Dryer,Bedroom and laundry
3527764,Essentials,Bedroom and laundry
3527764,Hangers,Bedroom and laundry
3527764,Bed linens,Bedroom and laundry
3527764,Extra pillows and blankets,Bedroom and laundry
3527764,Iron,Bedroom and laundry
3527764,Clothing storage,Bedroom and laundry
3527764,TV,Entertainment
3527764,Air conditioning,Heating and cooling
3527764,Heating,Heating and cooling
3527764,Lock on bedroom door,Privacy and safety
3527764,Smoke alarm,Privacy and safety
3527764,Carbon monoxide alarm,Privacy and safety
3527764,Fire extinguisher,Privacy and safety
3527764,Wifi,Internet and office
3527764,Dedicated workspace,Internet and office
3527764,Kitchen,Kitchen and dining
3527764,Refrigerator,Kitchen and dining
3527764,Microwave,Kitchen and dining
3527764,Cooking basics,Kitchen and dining
3527764,Dishes and silverware,Kitchen and dining
3527764,Stove,Kitchen and dining
3527764,Oven,Kitchen and dining
3527764,Coffee maker,Kitchen and dining
3527764,Patio or balcony,Outdoor
3527764,Backyard,Outdoor
3527764,Bikes,Outdoor
3527764,Free street parking,Parking and facilities
3527764,Self check-in,Services
3527764,Keypad,Services
1101004232568386733,Hair dryer,Bathroom
1101004232568386733,Shampoo,Bathroom
1101004232568386733,Conditioner,Bathroom
1101004232568386733,Body soap,Bathroom
1101004232568386733,Hot water,Bathroom
1101004232568386733,Free washer – In unit,Bedroom and laundry
1101004232568386733,Free dryer – In unit,Bedroom and laundry
1101004232568386733,Essentials,Bedroom and laundry
1101004232568386733,Hangers,Bedroom and laundry
1101004232568386733,Bed linens,Bedroom and laundry
1101004232568386733,Extra pillows and blankets,Bedroom and laundry
1101004232568386733,Iron,Bedroom and laundry
1101004232568386733,55 inch TV,Entertainment
1101004232568386733,Air conditioning,Heating and cooling
1101004232568386733,Portable fans,Heating and cooling
1101004232568386733,Central heating,Heating and cooling
1101004232568386733,Noise decibel monitors on property,Home safety
1101004232568386733,Exterior security cameras on property,Home safety
1101004232568386733,Smoke alarm,Home safety
1101004232568386733,Carbon monoxide alarm,Home safety
1101004232568386733,First aid kit,Home safety
1101004232568386733,Wifi,Internet and office
1101004232568386733,Dedicated workspace,Internet and office
1101004232568386733,Kitchen,Kitchen and dining
1101004232568386733,Refrigerator,Kitchen and dining
1101004232568386733,Microwave,Kitchen and dining
1101004232568386733,Cooking basics,Kitchen and dining
1101004232568386733,Dishes and silverware,Kitchen and dining
1101004232568386733,Freezer,Kitchen and dining
1101004232568386733,Dishwasher,Kitchen and dining
1101004232568386733,Stainless steel oven,Kitchen and dining
1101004232568386733,"Coffee maker: drip coffee maker, Keurig coffee machine",Kitchen and dining
1101004232568386733,Wine glasses,Kitchen and dining
1101004232568386733,Toaster,Kitchen and dining
1101004232568386733,Baking sheet,Kitchen and dining
1101004232568386733,Blender,Kitchen and dining
1101004232568386733,Beach access,Location features
1101004232568386733,Private entrance,Location features
1101004232568386733,Bikes,Outdoor
1101004232568386733,Free parking on premises,Parking and facilities
1101004232568386733,Free street parking,Parking and facilities
1101004232568386733,Pets allowed,Services
1101004232568386733,Self check-in,Services
1101004232568386733,Lockbox,Services
1574378936697932937,Hair dryer,Bathroom
1574378936697932937,Cleaning products,Bathroom
1574378936697932937,Shampoo,Bathroom
1574378936697932937,Conditioner,Bathroom
1574378936697932937,Body soap,Bathroom
1574378936697932937,Shower gel,Bathroom
1574378936697932937,Hangers,Bedroom and laundry
1574378936697932937,Bed linens,Bedroom and laundry
1574378936697932937,Extra pillows and blankets,Bedroom and laundry
1574378936697932937,Iron,Bedroom and laundry
1574378936697932937,Clothing storage: closet,Bedroom and laundry
1574378936697932937,Ethernet connection,Entertainment
1574378936697932937,TV,Entertainment
1574378936697932937,Theme room,Entertainment
1574378936697932937,Air conditioning,Heating and cooling
1574378936697932937,Heating,Heating and cooling
1574378936697932937,Exterior security cameras on property,Home safety
1574378936697932937,Smoke alarm,Home safety
1574378936697932937,Carbon monoxide alarm,Home safety
1574378936697932937,First aid kit,Home safety
1574378936697932937,Wifi,Internet and office
1574378936697932937,Refrigerator,Kitchen and dining
1574378936697932937,Microwave,Kitchen and dining
1574378936697932937,Dishes and silverware,Kitchen and dining
1574378936697932937,Freezer,Kitchen and dining
1574378936697932937,Coffee maker,Kitchen and dining
1574378936697932937,Wine glasses,Kitchen and dining
1574378936697932937,Toaster,Kitchen and dining
1574378936697932937,Trash compactor,Kitchen and dining
1574378936697932937,Dining table,Kitchen and dining
1574378936697932937,Coffee,Kitchen and dining
1574378936697932937,Bread maker,Kitchen and dining
1574378936697932937,Laundromat nearby,Location features
1574378936697932937,Patio or balcony,Outdoor
1574378936697932937,Free street parking,Parking and facilities
1574378936697932937,Kitchen,Not included
1574378936697932937,Washer,Not included
1574378936697932937,Dryer,Not included
1574378936697932937,Essentials,Not included
1574378936697932937,Hot water,Not included
1450862669308335601,Hair dryer,Bathroom
1450862669308335601,Shampoo,Bathroom
1450862669308335601,Conditioner,Bathroom
1450862669308335601,Hot water,Bathroom
1450862669308335601,Shower gel,Bathroom
1450862669308335601,Essentials,Bedroom and laundry
1450862669308335601,Bed linens,Bedroom and laundry
1450862669308335601,Room-darkening shades,Bedroom and laundry
1450862669308335601,TV,Entertainment
1450862669308335601,Air conditioning,Heating and cooling
1450862669308335601,Heating,Heating and cooling
1450862669308335601,Smoke alarm,Home safety
1450862669308335601,Wifi,Internet and office
1450862669308335601,Elevator,Parking and facilities
1450862669308335601,Luggage dropoff allowed,Services
1450862669308335601,Self check-in,Services
1450862669308335601,Building staff,Services
1450862669308335601,Kitchen,Not included
1450862669308335601,Washer,Not included
1450862669308335601,Carbon monoxide alarm,Not included
1450862669308335601,Private entrance,Not included
799731614530696207,Hair dryer,Bathroom
799731614530696207,Cleaning products,Bathroom
799731614530696207,Shampoo,Bathroom
799731614530696207,Conditioner,Bathroom
799731614530696207,Dove body soap,Bathroom
799731614530696207,Bidet,Bathroom
799731614530696207,Hot water,Bathroom
799731614530696207,Shower gel,Bathroom
799731614530696207,Essentials,Bedroom and laundry
799731614530696207,Hangers,Bedroom and laundry
799731614530696207,Bed linens,Bedroom and laundry
799731614530696207,Extra pillows and blankets,Bedroom and laundry
799731614530696207,Iron,Bedroom and laundry
799731614530696207,Mosquito net,Bedroom and laundry
799731614530696207,Clothing storage,Bedroom and laundry
799731614530696207,TV,Entertainment
799731614530696207,Books and reading material,Entertainment
799731614530696207,Air conditioning,Heating and cooling
799731614530696207,Portable fans,Heating and cooling
799731614530696207,Heating,Heating and cooling
799731614530696207,Smoke alarm,Home safety
799731614530696207,Fire extinguisher,Home safety
799731614530696207,Wifi,Internet and office
799731614530696207,Dedicated workspace,Internet and office
799731614530696207,Kitchen,Kitchen and dining
799731614530696207,Refrigerator,Kitchen and dining
799731614530696207,Microwave,Kitchen and dining
799731614530696207,Cooking basics,Kitchen and dining
799731614530696207,Dishes and silverware,Kitchen and dining
799731614530696207,Freezer,Kitchen and dining
799731614530696207,Stove,Kitchen and dining
799731614530696207,Oven,Kitchen and dining
799731614530696207,Hot water kettle,Kitchen and dining
799731614530696207,Coffee maker,Kitchen and dining
799731614530696207,Wine glasses,Kitchen and dining
799731614530696207,Toaster,Kitchen and dining
799731614530696207,Blender,Kitchen and dining
799731614530696207,Dining table,Kitchen and dining
799731614530696207,Private entrance,Location features
799731614530696207,Laundromat nearby,Location features
799731614530696207,Free street parking,Parking and facilities
799731614530696207,Private living room,Parking and facilities
799731614530696207,Luggage dropoff allowed,Services
799731614530696207,Long term stays allowed,Services
799731614530696207,Lock on bedroom door,Privacy and safety
799731614530696207,Exterior security cameras on property,Privacy and safety
799731614530696207,Washer,Privacy and safety
799731614530696207,Dryer,Privacy and safety
799731614530696207,Carbon monoxide alarm,Privacy and safety
1436233742340482947,Hair dryer,Bathroom
1436233742340482947,Shampoo,Bathroom
1436233742340482947,Body soap,Bathroom
1436233742340482947,Hot water,Bathroom
1436233742340482947,Essentials,Bedroom and laundry
1436233742340482947,Hangers,Bedroom and laundry
1436233742340482947,Bed linens,Bedroom and laundry
1436233742340482947,Extra pillows and blankets,Bedroom and laundry
1436233742340482947,Iron,Bedroom and laundry
1436233742340482947,Air conditioning,Heating and cooling
1436233742340482947,Indoor fireplace,Heating and cooling
1436233742340482947,Heating,Heating and cooling
1436233742340482947,Lock on bedroom door,Privacy and safety
1436233742340482947,Smoke alarm,Privacy and safety
1436233742340482947,Carbon monoxide alarm,Privacy and safety
1436233742340482947,Wifi,Internet and office
1436233742340482947,Dedicated workspace,Internet and office
1436233742340482947,Kitchen,Kitchen and dining
1436233742340482947,Refrigerator,Kitchen and dining
1436233742340482947,Microwave,Kitchen and dining
1436233742340482947,Cooking basics,Kitchen and dining
1436233742340482947,Dishes and silverware,Kitchen and dining
1436233742340482947,Stove,Kitchen and dining
1436233742340482947,Oven,Kitchen and dining
1436233742340482947,Coffee maker,Kitchen and dining
1436233742340482947,Free street parking,Parking and facilities
1436233742340482947,Self check-in,Services
1436233742340482947,Lockbox,Services
1436233742340482947,Exterior security cameras on property,Not included
1436233742340482947,TV,Not included
1436233742340482947,Washer,Not included
1436233742340482947,Dryer,Not included
20651581,Hair dryer,Bathroom
20651581,Cleaning products,Bathroom
20651581,Shampoo,Bathroom
20651581,Conditioner,Bathroom
20651581,Body soap,Bathroom
20651581,Hot water,Bathroom
20651581,Shower gel,Bathroom
20651581,Essentials,Bedroom and laundry
20651581,Hangers,Bedroom and laundry
20651581,Bed linens,Bedroom and laundry
20651581,Extra pillows and blankets,Bedroom and laundry
20651581,Iron,Bedroom and laundry
20651581,"TV with Amazon Prime Video, Apple TV, Disney+, HBO Max, Hulu, Netflix, Roku",Entertainment
20651581,Beats Pill Bluetooth sound system,Entertainment
20651581,Books and reading material,Entertainment
20651581,AC - split type ductless system,Heating and cooling
20651581,Portable fans,Heating and cooling
20651581,Radiant heating,Heating and cooling
20651581,Smoke alarm,Home safety
20651581,Carbon monoxide alarm,Home safety
20651581,Fire extinguisher,Home safety
20651581,First aid kit,Home safety
20651581,Wifi,Internet and office
20651581,Mini Fridge with Freezer refrigerator,Kitchen and dining
20651581,Microwave,Kitchen and dining
20651581,Dishes and silverware,Kitchen and dining
20651581,Mini fridge,Kitchen and dining
20651581,Freezer,Kitchen and dining
20651581,Hot water kettle,Kitchen and dining
20651581,Coffee maker: Keurig coffee machine,Kitchen and dining
20651581,Wine glasses,Kitchen and dining
20651581,Kitchenette,Kitchen and dining
20651581,Coffee,Kitchen and dining
20651581,Private entrance,Location features
20651581,Laundromat nearby,Location features
20651581,Free street parking,Parking and facilities
20651581,Private living room,Parking and facilities
20651581,Self check-in,Services
20651581,Keypad,Services
20651581,Kitchen,Not included
20651581,Washer,Not included
20651581,Dryer,Not included
1999243,Hair dryer,Bathroom
1999243,Shampoo,Bathroom
1999243,Hot water,Bathroom
1999243,Shower gel,Bathroom
1999243,Washer,Bedroom and laundry
1999243,Dryer,Bedroom and laundry
1999243,Essentials,Bedroom and laundry
1999243,Hangers,Bedroom and laundry
1999243,Bed linens,Bedroom and laundry
1999243,Extra pillows and blankets,Bedroom and laundry
1999243,Iron,Bedroom and laundry
1999243,Air conditioning,Heating and cooling
1999243,Indoor fireplace,Heating and cooling
1999243,Heating,Heating and cooling
1999243,Smoke alarm,Home safety
1999243,Fire extinguisher,Home safety
1999243,First aid kit,Home safety
1999243,Wifi,Internet and office
1999243,Kitchen,Kitchen and dining
1999243,Refrigerator,Kitchen and dining
1999243,Microwave,Kitchen and dining
1999243,Cooking basics,Kitchen and dining
1999243,Dishes and silverware,Kitchen and dining
1999243,Stove,Kitchen and dining
1999243,Oven,Kitchen and dining
1999243,Coffee maker,Kitchen and dining
1999243,Backyard,Outdoor
1999243,Pets allowed,Services
1999243,Lock on bedroom door,Privacy and safety
1999243,TV,Privacy and safety
1999243,Carbon monoxide alarm,Privacy and safety
1566996074462617006,Bathtub,Bathroom
1566996074462617006,Hair dryer,Bathroom
1566996074462617006,Shampoo,Bathroom
1566996074462617006,Body soap,Bathroom
1566996074462617006,Hot water,Bathroom
1566996074462617006,Shower gel,Bathroom
1566996074462617006,Essentials,Bedroom and laundry
1566996074462617006,Hangers,Bedroom and laundry
1566996074462617006,Bed linens,Bedroom and laundry
1566996074462617006,Extra pillows and blankets,Bedroom and laundry
1566996074462617006,Room-darkening shades,Bedroom and laundry
1566996074462617006,Iron,Bedroom and laundry
1566996074462617006,Clothing storage,Bedroom and laundry
1566996074462617006,TV,Entertainment
1566996074462617006,Books and reading material,Entertainment
1566996074462617006,Air conditioning,Heating and cooling
1566996074462617006,Heating,Heating and cooling
1566996074462617006,Exterior security cameras on property,Home safety
1566996074462617006,Smoke alarm,Home safety
1566996074462617006,Carbon monoxide alarm,Home safety
1566996074462617006,Fire extinguisher,Home safety
1566996074462617006,Wifi,Internet and office
1566996074462617006,Dedicated workspace,Internet and office
1566996074462617006,Microwave,Kitchen and dining
1566996074462617006,Mini fridge,Kitchen and dining
1566996074462617006,Hot water kettle,Kitchen and dining
1566996074462617006,Dining table,Kitchen and dining
1566996074462617006,Coffee,Kitchen and dining
1566996074462617006,Laundromat nearby,Location features
1566996074462617006,Free street parking,Parking and facilities
1566996074462617006,Self check-in,Services
1566996074462617006,Lockbox,Services
1566996074462617006,Kitchen,Not included
1566996074462617006,Washer,Not included
1566996074462617006,Dryer,Not included
50153384,Bathtub,Bathroom
50153384,Hair dryer,Bathroom
50153384,Cleaning products,Bathroom
50153384,Shampoo,Bathroom
50153384,Conditioner,Bathroom
50153384,Body soap,Bathroom
50153384,Hot water,Bathroom
50153384,Shower gel,Bathroom
50153384,Free washer – In unit,Bedroom and laundry
50153384,Free dryer – In unit,Bedroom and laundry
50153384,Essentials,Bedroom and laundry
50153384,Hangers,Bedroom and laundry
50153384,Bed linens,Bedroom and laundry
50153384,Extra pillows and blankets,Bedroom and laundry
50153384,Room-darkening shades,Bedroom and laundry
50153384,Iron,Bedroom and laundry
50153384,Clothing storage,Bedroom and laundry
50153384,HDTV,Entertainment
50153384,Piano,Entertainment
50153384,Record player,Entertainment
50153384,Sound system,Entertainment
50153384,Central air conditioning,Heating and cooling
50153384,Central heating,Heating and cooling
50153384,Portable heater,Heating and cooling
50153384,Lock on bedroom door,Privacy and safety
50153384,Exterior security cameras on property,Privacy and safety
50153384,Smoke alarm,Privacy and safety
50153384,Carbon monoxide alarm,Privacy and safety
50153384,Fast wifi – 205 Mbps,Internet and office
50153384,Dedicated workspace,Internet and office
50153384,Kitchen,Kitchen and dining
50153384,Refrigerator,Kitchen and dining
50153384,Microwave,Kitchen and dining
50153384,Cooking basics,Kitchen and dining
50153384,Dishes and silverware,Kitchen and dining
50153384,Freezer,Kitchen and dining
50153384,Dishwasher,Kitchen and dining
50153384,Induction stove,Kitchen and dining
50153384,Oven,Kitchen and dining
50153384,Hot water kettle,Kitchen and dining
50153384,"Coffee maker: french press, Nespresso",Kitchen and dining
50153384,Wine glasses,Kitchen and dining
50153384,Toaster,Kitchen and dining
50153384,Baking sheet,Kitchen and dining
50153384,Blender,Kitchen and dining
50153384,Barbecue utensils,Kitchen and dining
50153384,Dining table,Kitchen and dining
50153384,Coffee,Kitchen and dining
50153384,Shared patio or balcony,Outdoor
50153384,Backyard,Outdoor
50153384,Outdoor furniture,Outdoor
50153384,BBQ grill,Outdoor
50153384,Sun loungers,Outdoor
50153384,Free street parking,Parking and facilities
50153384,Luggage dropoff allowed,Services
50153384,Long term stays allowed,Services
50153384,Self check-in,Services
50153384,Smart lock,Services
834008038484975991,Bathtub,Bathroom
834008038484975991,Hair dryer,Bathroom
834008038484975991,Cleaning products,Bathroom
834008038484975991,Shampoo,Bathroom
834008038484975991,Conditioner,Bathroom
834008038484975991,Body soap,Bathroom
834008038484975991,Hot water,Bathroom
834008038484975991,Shower gel,Bathroom
834008038484975991,Paid washer – In building,Bedroom and laundry
834008038484975991,Paid dryer – In building,Bedroom and laundry
834008038484975991,Essentials,Bedroom and laundry
834008038484975991,Hangers,Bedroom and laundry
834008038484975991,Bed linens,Bedroom and laundry
834008038484975991,Extra pillows and blankets,Bedroom and laundry
834008038484975991,Room-darkening shades,Bedroom and laundry
834008038484975991,Iron,Bedroom and laundry
834008038484975991,Clothing storage,Bedroom and laundry
834008038484975991,"HDTV with Apple TV, Hulu, Netflix, HBO Max, Amazon Prime Video, Disney+",Entertainment
834008038484975991,Window AC unit,Heating and cooling
834008038484975991,Ceiling fan,Heating and cooling
834008038484975991,Radiant heating,Heating and cooling
834008038484975991,Exterior security cameras on property,Home safety
834008038484975991,Smoke alarm,Home safety
834008038484975991,Carbon monoxide alarm,Home safety
834008038484975991,Fire extinguisher,Home safety
834008038484975991,Wifi,Internet and office
834008038484975991,Dedicated workspace,Internet and office
834008038484975991,Kitchen,Kitchen and dining
834008038484975991,Refrigerator,Kitchen and dining
834008038484975991,Microwave,Kitchen and dining
834008038484975991,Cooking basics,Kitchen and dining
834008038484975991,Dishes and silverware,Kitchen and dining
834008038484975991,Freezer,Kitchen and dining
834008038484975991,Stove,Kitchen and dining
834008038484975991,Oven,Kitchen and dining
834008038484975991,Coffee maker: Keurig coffee machine,Kitchen and dining
834008038484975991,Wine glasses,Kitchen and dining
834008038484975991,Toaster,Kitchen and dining
834008038484975991,Baking sheet,Kitchen and dining
834008038484975991,Dining table,Kitchen and dining
834008038484975991,Coffee,Kitchen and dining
834008038484975991,Waterfront,Location features
834008038484975991,Laundromat nearby,Location features
834008038484975991,Elevator,Parking and facilities
834008038484975991,Paid parking garage off premises,Parking and facilities
834008038484975991,Luggage dropoff allowed,Services
834008038484975991,Long term stays allowed,Services
834008038484975991,Self check-in,Services
834008038484975991,Lockbox,Services
834008038484975991,Private entrance,Not included
1177486926345069371,Bathtub,Bathroom
1177486926345069371,Hair dryer,Bathroom
1177486926345069371,Shampoo,Bathroom
1177486926345069371,Conditioner,Bathroom
1177486926345069371,Body soap,Bathroom
1177486926345069371,Hot water,Bathroom
1177486926345069371,Shower gel,Bathroom
1177486926345069371,Essentials,Bedroom and laundry
1177486926345069371,Hangers,Bedroom and laundry
1177486926345069371,Bed linens,Bedroom and laundry
1177486926345069371,Room-darkening shades,Bedroom and laundry
1177486926345069371,Iron,Bedroom and laundry
1177486926345069371,TV,Entertainment
1177486926345069371,Pack ’n play/Travel crib - available upon request,Family
1177486926345069371,Air conditioning,Heating and cooling
1177486926345069371,Heating,Heating and cooling
1177486926345069371,Smoke alarm,Home safety
1177486926345069371,Carbon monoxide alarm,Home safety
1177486926345069371,Fast wifi – 133 Mbps,Internet and office
1177486926345069371,Dedicated workspace,Internet and office
1177486926345069371,Microwave,Kitchen and dining
1177486926345069371,Mini fridge,Kitchen and dining
1177486926345069371,Coffee maker,Kitchen and dining
1177486926345069371,Coffee,Kitchen and dining
1177486926345069371,Laundromat nearby,Location features
1177486926345069371,Elevator,Parking and facilities
1177486926345069371,Gym,Parking and facilities
1177486926345069371,Paid parking off premises,Parking and facilities
1177486926345069371,Pets allowed,Services
1177486926345069371,Self check-in,Services
1177486926345069371,Smart lock,Services
1177486926345069371,Housekeeping - available at extra cost,Services
1177486926345069371,Kitchen,Not included
1177486926345069371,Washer,Not included
1177486926345069371,Private entrance,Not included
1388743231740997415,Hair dryer,Bathroom
1388743231740997415,Cleaning products,Bathroom
1388743231740997415,Shampoo,Bathroom
1388743231740997415,Body soap,Bathroom
1388743231740997415,Hot water,Bathroom
1388743231740997415,Shower gel,Bathroom
1388743231740997415,Essentials,Bedroom and laundry
1388743231740997415,Hangers,Bedroom and laundry
1388743231740997415,Bed linens,Bedroom and laundry
1388743231740997415,Extra pillows and blankets,Bedroom and laundry
1388743231740997415,Room-darkening shades,Bedroom and laundry
1388743231740997415,Iron,Bedroom and laundry
1388743231740997415,Clothing storage: closet,Bedroom and laundry
1388743231740997415,TV,Entertainment
1388743231740997415,Air conditioning,Heating and cooling
1388743231740997415,Ceiling fan,Heating and cooling
1388743231740997415,Central heating,Heating and cooling
1388743231740997415,Lock on bedroom door,Privacy and safety
1388743231740997415,Exterior security cameras on property,Privacy and safety
1388743231740997415,Smoke alarm,Privacy and safety
1388743231740997415,Carbon monoxide alarm,Privacy and safety
1388743231740997415,Fire extinguisher,Privacy and safety
1388743231740997415,First aid kit,Privacy and safety
1388743231740997415,Wifi,Internet and office
1388743231740997415,Dedicated workspace,Internet and office
1388743231740997415,Kitchen,Kitchen and dining
1388743231740997415,Refrigerator,Kitchen and dining
1388743231740997415,Microwave,Kitchen and dining
1388743231740997415,Cooking basics,Kitchen and dining
1388743231740997415,Dishes and silverware,Kitchen and dining
1388743231740997415,Freezer,Kitchen and dining
1388743231740997415,Dishwasher,Kitchen and dining
1388743231740997415,Stove,Kitchen and dining
1388743231740997415,Oven,Kitchen and dining
1388743231740997415,Hot water kettle,Kitchen and dining
1388743231740997415,Coffee maker: Keurig coffee machine,Kitchen and dining
1388743231740997415,Wine glasses,Kitchen and dining
1388743231740997415,Toaster,Kitchen and dining
1388743231740997415,Trash compactor,Kitchen and dining
1388743231740997415,Dining table,Kitchen and dining
1388743231740997415,Coffee,Kitchen and dining
1388743231740997415,Laundromat nearby,Location features
1388743231740997415,Luggage dropoff allowed,Services
1388743231740997415,Self check-in,Services
1388743231740997415,Keypad,Services
1388743231740997415,Housekeeping available every day,Services
1388743231740997415,Washer,Not included
1388743231740997415,Dryer,Not included
30561576,Mountain view,Scenic views
30561576,Park view,Scenic views
30561576,Bathtub,Bathroom
30561576,Hair dryer,Bathroom
30561576,Cleaning products,Bathroom
30561576,Shampoo,Bathroom
30561576,Conditioner,Bathroom
30561576,Body soap,Bathroom
30561576,Hot water,Bathroom
30561576,Shower gel,Bathroom
30561576,Paid washer – In building,Bedroom and laundry
30561576,Paid dryer – In building,Bedroom and laundry
30561576,Essentials,Bedroom and laundry
30561576,Hangers,Bedroom and laundry
30561576,Bed linens,Bedroom and laundry
30561576,Extra pillows and blankets,Bedroom and laundry
30561576,Room-darkening shades,Bedroom and laundry
30561576,Iron,Bedroom and laundry
30561576,Clothing storage: closet,Bedroom and laundry
30561576,Ethernet connection,Entertainment
30561576,TV with standard cable,Entertainment
30561576,Air conditioning,Heating and cooling
30561576,Ceiling fan,Heating and cooling
30561576,Heating,Heating and cooling
30561576,Smoke alarm,Home safety
30561576,Carbon monoxide alarm,Home safety
30561576,First aid kit,Home safety
30561576,Wifi,Internet and office
30561576,Dedicated workspace,Internet and office
30561576,Kitchen,Kitchen and dining
30561576,Refrigerator,Kitchen and dining
30561576,Microwave,Kitchen and dining
30561576,Cooking basics,Kitchen and dining
30561576,Dishes and silverware,Kitchen and dining
30561576,Freezer,Kitchen and dining
30561576,Dishwasher,Kitchen and dining
30561576,Stainless steel stove,Kitchen and dining
30561576,Stainless steel oven,Kitchen and dining
30561576,Coffee maker,Kitchen and dining
30561576,Wine glasses,Kitchen and dining
30561576,Baking sheet,Kitchen and dining
30561576,Dining table,Kitchen and dining
30561576,Private entrance,Location features
30561576,Laundromat nearby,Location features
30561576,Patio or balcony,Outdoor
30561576,Backyard,Outdoor
30561576,Outdoor furniture,Outdoor
30561576,Shared pool,Parking and facilities
30561576,Elevator,Parking and facilities
30561576,Paid street parking off premises,Parking and facilities
30561576,Single level home,Parking and facilities
30561576,Pets allowed,Services
30561576,Exterior security cameras on property,Not included
1063918014388720472,Hot water,Bathroom
1063918014388720472,Essentials,Bedroom and laundry
1063918014388720472,Bed linens,Bedroom and laundry
1063918014388720472,Air conditioning,Heating and cooling
1063918014388720472,Central heating,Heating and cooling
1063918014388720472,Lock on bedroom door,Privacy and safety
1063918014388720472,Noise decibel monitors on property,Privacy and safety
1063918014388720472,Exterior security cameras on property,Privacy and safety
1063918014388720472,Smoke alarm,Privacy and safety
1063918014388720472,Carbon monoxide alarm,Privacy and safety
1063918014388720472,Wifi,Internet and office
1063918014388720472,Dedicated workspace,Internet and office
1063918014388720472,Kitchen,Kitchen and dining
1063918014388720472,Microwave,Kitchen and dining
1063918014388720472,Cooking basics,Kitchen and dining
1063918014388720472,Dishes and silverware,Kitchen and dining
1063918014388720472,Wine glasses,Kitchen and dining
1063918014388720472,Host greets you,Services
1063918014388720472,TV,Not included
1063918014388720472,Paid washer,Not included
1063918014388720472,Paid dryer – In unit,Not included
801336,Beach view,Scenic views
801336,City skyline view,Scenic views
801336,Garden view,Scenic views
801336,Hair dryer,Bathroom
801336,Cleaning products,Bathroom
801336,Shampoo,Bathroom
801336,Conditioner,Bathroom
801336,Body soap,Bathroom
801336,Hot water,Bathroom
801336,Shower gel,Bathroom
801336,Essentials,Bedroom and laundry
801336,Hangers,Bedroom and laundry
801336,Bed linens,Bedroom and laundry
801336,Extra pillows and blankets,Bedroom and laundry
801336,Room-darkening shades,Bedroom and laundry
801336,Iron,Bedroom and laundry
801336,Clothing storage: dresser,Bedroom and laundry
801336,TV,Entertainment
801336,Piano,Entertainment
801336,"Exercise equipment: free weights, yoga mat",Entertainment
801336,Books and reading material,Entertainment
801336,Portable fans,Heating and cooling
801336,Heating,Heating and cooling
801336,Lock on bedroom door,Privacy and safety
801336,Smoke alarm,Privacy and safety
801336,Carbon monoxide alarm,Privacy and safety
801336,Fire extinguisher,Privacy and safety
801336,First aid kit,Privacy and safety
801336,Wifi,Internet and office
801336,Dedicated workspace,Internet and office
801336,Kitchen,Kitchen and dining
801336,Refrigerator,Kitchen and dining
801336,Microwave,Kitchen and dining
801336,Cooking basics,Kitchen and dining
801336,Dishes and silverware,Kitchen and dining
801336,Freezer,Kitchen and dining
801336,Dishwasher,Kitchen and dining
801336,Stove,Kitchen and dining
801336,Oven,Kitchen and dining
801336,Hot water kettle,Kitchen and dining
801336,Coffee maker,Kitchen and dining
801336,Wine glasses,Kitchen and dining
801336,Toaster,Kitchen and dining
801336,Dining table,Kitchen and dining
801336,Coffee,Kitchen and dining
801336,Shared beach access,Location features
801336,Laundromat nearby,Location features
801336,Shared patio or balcony,Outdoor
801336,Outdoor furniture,Outdoor
801336,Outdoor dining area,Outdoor
801336,Beach essentials,Outdoor
801336,Free street parking,Parking and facilities
801336,Single level home,Parking and facilities
801336,Pets allowed,Services
801336,Luggage dropoff allowed,Services
801336,Breakfast,Services
801336,Self check-in,Services
801336,Keypad,Services
801336,Exterior security cameras on property,Not included
801336,Washer,Not included
801336,Dryer,Not included
801336,Air conditioning,Not included
1157779514728006766,Hair dryer,Bathroom
1157779514728006766,Cleaning products,Bathroom
1157779514728006766,Shampoo,Bathroom
1157779514728006766,Conditioner,Bathroom
1157779514728006766,Body soap,Bathroom
1157779514728006766,Hot water,Bathroom
1157779514728006766,Shower gel,Bathroom
1157779514728006766,Washer,Bedroom and laundry
1157779514728006766,Dryer,Bedroom and laundry
1157779514728006766,Essentials,Bedroom and laundry
1157779514728006766,Hangers,Bedroom and laundry
1157779514728006766,Bed linens,Bedroom and laundry
1157779514728006766,Room-darkening shades,Bedroom and laundry
1157779514728006766,Clothing storage,Bedroom and laundry
1157779514728006766,Ethernet connection,Entertainment
1157779514728006766,TV,Entertainment
1157779514728006766,Books and reading material,Entertainment
1157779514728006766,Children’s books and toys,Family
1157779514728006766,Board games,Family
1157779514728006766,Air conditioning,Heating and cooling
1157779514728006766,Heating,Heating and cooling
1157779514728006766,Lock on bedroom door,Privacy and safety
1157779514728006766,Exterior security cameras on property,Privacy and safety
1157779514728006766,Smoke alarm,Privacy and safety
1157779514728006766,Carbon monoxide alarm,Privacy and safety
1157779514728006766,Fire extinguisher,Privacy and safety
1157779514728006766,Fast wifi – 125 Mbps,Internet and office
1157779514728006766,Dedicated workspace,Internet and office
1157779514728006766,Kitchen,Kitchen and dining
1157779514728006766,Refrigerator,Kitchen and dining
1157779514728006766,Microwave,Kitchen and dining
1157779514728006766,Cooking basics,Kitchen and dining
1157779514728006766,Dishes and silverware,Kitchen and dining
1157779514728006766,Freezer,Kitchen and dining
1157779514728006766,Dishwasher,Kitchen and dining
1157779514728006766,Stove,Kitchen and dining
1157779514728006766,Oven,Kitchen and dining
1157779514728006766,Hot water kettle,Kitchen and dining
1157779514728006766,Coffee maker,Kitchen and dining
1157779514728006766,Wine glasses,Kitchen and dining
1157779514728006766,Toaster,Kitchen and dining
1157779514728006766,Baking sheet,Kitchen and dining
1157779514728006766,Dining table,Kitchen and dining
1157779514728006766,Coffee,Kitchen and dining
1157779514728006766,Outdoor furniture,Outdoor
1157779514728006766,Free parking on premises,Parking and facilities
1157779514728006766,Long term stays allowed,Services
1157779514728006766,Private entrance,Not included
1231323082370617486,Hair dryer,Bathroom
1231323082370617486,Cleaning products,Bathroom
1231323082370617486,Shampoo,Bathroom
1231323082370617486,Body soap,Bathroom
1231323082370617486,Bidet,Bathroom
1231323082370617486,Hot water,Bathroom
1231323082370617486,Shower gel,Bathroom
1231323082370617486,Essentials,Bedroom and laundry
1231323082370617486,Hangers,Bedroom and laundry
1231323082370617486,Bed linens,Bedroom and laundry
1231323082370617486,Extra pillows and blankets,Bedroom and laundry
1231323082370617486,Room-darkening shades,Bedroom and laundry
1231323082370617486,Iron,Bedroom and laundry
1231323082370617486,Safe,Bedroom and laundry
1231323082370617486,Clothing storage,Bedroom and laundry
1231323082370617486,TV,Entertainment
1231323082370617486,Air conditioning,Heating and cooling
1231323082370617486,Ceiling fan,Heating and cooling
1231323082370617486,Heating,Heating and cooling
1231323082370617486,Lock on bedroom door,Privacy and safety
1231323082370617486,Exterior security cameras on property,Privacy and safety
1231323082370617486,Smoke alarm,Privacy and safety
1231323082370617486,Carbon monoxide alarm,Privacy and safety
1231323082370617486,Fire extinguisher,Privacy and safety
1231323082370617486,First aid kit,Privacy and safety
1231323082370617486,Wifi,Internet and office
1231323082370617486,Dedicated workspace,Internet and office
1231323082370617486,Kitchen,Kitchen and dining
1231323082370617486,Refrigerator,Kitchen and dining
1231323082370617486,Microwave,Kitchen and dining
1231323082370617486,Cooking basics,Kitchen and dining
1231323082370617486,Dishes and silverware,Kitchen and dining
1231323082370617486,Dishwasher,Kitchen and dining
1231323082370617486,Stove,Kitchen and dining
1231323082370617486,Oven,Kitchen and dining
1231323082370617486,Hot water kettle,Kitchen and dining
1231323082370617486,Coffee maker,Kitchen and dining
1231323082370617486,Wine glasses,Kitchen and dining
1231323082370617486,Toaster,Kitchen and dining
1231323082370617486,Baking sheet,Kitchen and dining
1231323082370617486,Trash compactor,Kitchen and dining
1231323082370617486,Dining table,Kitchen and dining
1231323082370617486,Coffee,Kitchen and dining
1231323082370617486,Laundromat nearby,Location features
1231323082370617486,Free parking on premises,Parking and facilities
1231323082370617486,Luggage dropoff allowed,Services
1231323082370617486,Long term stays allowed,Services
1231323082370617486,Self check-in,Services
1231323082370617486,Keypad,Services
1231323082370617486,Washer,Not included
1231323082370617486,Dryer,Not included
701279449329328106,Bathtub,Bathroom
701279449329328106,Cleaning products,Bathroom
701279449329328106,Shampoo,Bathroom
701279449329328106,Conditioner,Bathroom
701279449329328106,Body soap,Bathroom
701279449329328106,Hot water,Bathroom
701279449329328106,Washer,Bedroom and laundry
701279449329328106,Dryer,Bedroom and laundry
701279449329328106,Essentials,Bedroom and laundry
701279449329328106,Bed linens,Bedroom and laundry
701279449329328106,HDTV with premium cable,Entertainment
701279449329328106,Central air conditioning,Heating and cooling
701279449329328106,Heating,Heating and cooling
701279449329328106,Lock on bedroom door,Privacy and safety
701279449329328106,Smoke alarm,Privacy and safety
701279449329328106,Wifi,Internet and office
701279449329328106,Dedicated workspace,Internet and office
701279449329328106,Kitchen,Kitchen and dining
701279449329328106,Cooking basics,Kitchen and dining
701279449329328106,Dishes and silverware,Kitchen and dining
701279449329328106,Outdoor dining area,Outdoor
701279449329328106,Exterior security cameras on property,Not included
701279449329328106,Carbon monoxide alarm,Not included
764578441677175829,Bathtub,Bathroom
764578441677175829,Hair dryer,Bathroom
764578441677175829,Shampoo,Bathroom
764578441677175829,Dove body soap,Bathroom
764578441677175829,Hot water,Bathroom
764578441677175829,Shower gel,Bathroom
764578441677175829,Essentials,Bedroom and laundry
764578441677175829,Hangers,Bedroom and laundry
764578441677175829,Bed linens,Bedroom and laundry
764578441677175829,Extra pillows and blankets,Bedroom and laundry
764578441677175829,Room-darkening shades,Bedroom and laundry
764578441677175829,Iron,Bedroom and laundry
764578441677175829,Clothing storage,Bedroom and laundry
764578441677175829,"TV with Fire TV, Amazon Prime Video",Entertainment
764578441677175829,Board games,Family
764578441677175829,Air conditioning,Heating and cooling
764578441677175829,Ceiling fan,Heating and cooling
764578441677175829,Portable fans,Heating and cooling
764578441677175829,Heating,Heating and cooling
764578441677175829,Lock on bedroom door,Privacy and safety
764578441677175829,Exterior security cameras on property,Privacy and safety
764578441677175829,Smoke alarm,Privacy and safety
764578441677175829,Carbon monoxide alarm,Privacy and safety
764578441677175829,Fire extinguisher,Privacy and safety
764578441677175829,First aid kit,Privacy and safety
764578441677175829,Wifi,Internet and office
764578441677175829,Dedicated workspace,Internet and office
764578441677175829,Refrigerator,Kitchen and dining
764578441677175829,Microwave,Kitchen and dining
764578441677175829,Dishes and silverware,Kitchen and dining
764578441677175829,Mini fridge,Kitchen and dining
764578441677175829,Hot water kettle,Kitchen and dining
764578441677175829,Coffee maker: drip coffee maker,Kitchen and dining
764578441677175829,Wine glasses,Kitchen and dining
764578441677175829,Blender,Kitchen and dining
764578441677175829,Laundromat nearby,Location features
764578441677175829,Free parking on premises,Parking and facilities
764578441677175829,Self check-in,Services
764578441677175829,Lockbox,Services
764578441677175829,Kitchen,Not included
764578441677175829,Washer,Not included
764578441677175829,Dryer,Not included
32191306,Hair dryer,Bathroom
32191306,Washer,Bedroom and laundry
32191306,Dryer,Bedroom and laundry
32191306,Essentials,Bedroom and laundry
32191306,Hangers,Bedroom and laundry
32191306,Iron,Bedroom and laundry
32191306,Air conditioning,Heating and cooling
32191306,Heating,Heating and cooling
32191306,Smoke alarm,Home safety
32191306,Carbon monoxide alarm,Home safety
32191306,Fire extinguisher,Home safety
32191306,First aid kit,Home safety
32191306,Wifi,Internet and office
32191306,Kitchen,Kitchen and dining
32191306,Elevator,Parking and facilities
32191306,Private living room,Parking and facilities
32191306,Lock on bedroom door,Privacy and safety
32191306,TV,Privacy and safety
32191306,Hot water,Privacy and safety
1005914845377005142,Bathtub,Bathroom
1005914845377005142,Hair dryer,Bathroom
1005914845377005142,Cleaning products,Bathroom
1005914845377005142,Shampoo,Bathroom
1005914845377005142,Conditioner,Bathroom
1005914845377005142,Hot water,Bathroom
1005914845377005142,Washer – In building,Bedroom and laundry
1005914845377005142,Dryer – In building,Bedroom and laundry
1005914845377005142,Essentials,Bedroom and laundry
1005914845377005142,Hangers,Bedroom and laundry
1005914845377005142,Bed linens,Bedroom and laundry
1005914845377005142,Iron,Bedroom and laundry
1005914845377005142,TV,Entertainment
1005914845377005142,Exercise equipment,Entertainment
1005914845377005142,Pack ’n play/Travel crib - available upon request,Family
1005914845377005142,Air conditioning,Heating and cooling
1005914845377005142,Heating,Heating and cooling
1005914845377005142,Noise decibel monitors on property,Home safety
1005914845377005142,Smoke alarm,Home safety
1005914845377005142,Carbon monoxide alarm,Home safety
1005914845377005142,First aid kit,Home safety
1005914845377005142,Wifi,Internet and office
1005914845377005142,Dedicated workspace,Internet and office
1005914845377005142,Kitchen,Kitchen and dining
1005914845377005142,Refrigerator,Kitchen and dining
1005914845377005142,Microwave,Kitchen and dining
1005914845377005142,Cooking basics,Kitchen and dining
1005914845377005142,Dishes and silverware,Kitchen and dining
1005914845377005142,Dishwasher,Kitchen and dining
1005914845377005142,Stove,Kitchen and dining
1005914845377005142,Oven,Kitchen and dining
1005914845377005142,Coffee maker,Kitchen and dining
1005914845377005142,Wine glasses,Kitchen and dining
1005914845377005142,Toaster,Kitchen and dining
1005914845377005142,Dining table,Kitchen and dining
1005914845377005142,Gym,Parking and facilities
1005914845377005142,Paid parking off premises,Parking and facilities
1005914845377005142,Pets allowed,Services
1005914845377005142,Self check-in,Services
1005914845377005142,Smart lock,Services
1005914845377005142,Exterior security cameras on property,Not included
1005914845377005142,Private entrance,Not included
900091690790861317,Mountain view,Scenic views
900091690790861317,Valley view,Scenic views
900091690790861317,City skyline view,Scenic views
900091690790861317,Garden view,Scenic views
900091690790861317,Bathtub,Bathroom
900091690790861317,Hair dryer,Bathroom
900091690790861317,Shampoo,Bathroom
900091690790861317,Conditioner,Bathroom
900091690790861317,Body soap,Bathroom
900091690790861317,Hot water,Bathroom
900091690790861317,Shower gel,Bathroom
900091690790861317,Free washer – In unit,Bedroom and laundry
900091690790861317,Free dryer – In unit,Bedroom and laundry
900091690790861317,Hangers,Bedroom and laundry
900091690790861317,Bed linens,Bedroom and laundry
900091690790861317,Extra pillows and blankets,Bedroom and laundry
900091690790861317,Room-darkening shades,Bedroom and laundry
900091690790861317,Iron,Bedroom and laundry
900091690790861317,Clothing storage: closet,Bedroom and laundry
900091690790861317,Ethernet connection,Entertainment
900091690790861317,"65 inch HDTV with Amazon Prime Video, HBO Max, Hulu, Netflix, Roku",Entertainment
900091690790861317,Bluetooth sound system,Entertainment
900091690790861317,Ping pong table,Entertainment
900091690790861317,Pool table,Entertainment
900091690790861317,Arcade games,Entertainment
900091690790861317,Books and reading material,Entertainment
900091690790861317,Theme room,Entertainment
900091690790861317,Board games,Family
900091690790861317,Babysitter recommendations,Family
900091690790861317,Central air conditioning,Heating and cooling
900091690790861317,Indoor fireplace: electric,Heating and cooling
900091690790861317,Central heating,Heating and cooling
900091690790861317,Smoke alarm,Home safety
900091690790861317,Carbon monoxide alarm,Home safety
900091690790861317,Fire extinguisher,Home safety
900091690790861317,Wifi,Internet and office
900091690790861317,Dedicated workspace,Internet and office
900091690790861317,Kitchen,Kitchen and dining
900091690790861317,Refrigerator,Kitchen and dining
900091690790861317,Microwave,Kitchen and dining
900091690790861317,Cooking basics,Kitchen and dining
900091690790861317,Dishes and silverware,Kitchen and dining
900091690790861317,Mini fridge,Kitchen and dining
900091690790861317,Freezer,Kitchen and dining
900091690790861317,Dishwasher,Kitchen and dining
900091690790861317,Stainless steel gas stove,Kitchen and dining
900091690790861317,Stainless steel double oven,Kitchen and dining
900091690790861317,Coffee maker: drip coffee maker,Kitchen and dining
900091690790861317,Wine glasses,Kitchen and dining
900091690790861317,Toaster,Kitchen and dining
900091690790861317,Baking sheet,Kitchen and dining
900091690790861317,Blender,Kitchen and dining
900091690790861317,Barbecue utensils,Kitchen and dining
900091690790861317,Dining table,Kitchen and dining
900091690790861317,Private entrance,Location features
900091690790861317,Laundromat nearby,Location features
900091690790861317,Private patio or balcony,Outdoor
900091690790861317,Private backyard – Fully fenced,Outdoor
900091690790861317,Fire pit,Outdoor
900091690790861317,Outdoor furniture,Outdoor
900091690790861317,BBQ grill,Outdoor
900091690790861317,Beach essentials,Outdoor
900091690790861317,Sun loungers,Outdoor
900091690790861317,Free driveway parking on premises – 2 spaces,Parking and facilities
900091690790861317,Free street parking,Parking and facilities
900091690790861317,Private gym in building,Parking and facilities
900091690790861317,Luggage dropoff allowed,Services
900091690790861317,Long term stays allowed,Services
900091690790861317,Self check-in,Services
900091690790861317,Lockbox,Services
900091690790861317,Cleaning available during stay,Services
900091690790861317,Exterior security cameras on property,Not included
900091690790861317,Essentials,Not included
956520617714991004,Bathtub,Bathroom
956520617714991004,Hair dryer,Bathroom
956520617714991004,Cleaning products,Bathroom
956520617714991004,Shampoo,Bathroom
956520617714991004,Conditioner,Bathroom
956520617714991004,Body soap,Bathroom
956520617714991004,Outdoor shower,Bathroom
956520617714991004,Hot water,Bathroom
956520617714991004,Shower gel,Bathroom
956520617714991004,Free washer – In unit,Bedroom and laundry
956520617714991004,Free dryer – In unit,Bedroom and laundry
956520617714991004,Essentials,Bedroom and laundry
956520617714991004,Hangers,Bedroom and laundry
956520617714991004,Bed linens,Bedroom and laundry
956520617714991004,Extra pillows and blankets,Bedroom and laundry
956520617714991004,Room-darkening shades,Bedroom and laundry
956520617714991004,Iron,Bedroom and laundry
956520617714991004,Mosquito net,Bedroom and laundry
956520617714991004,Clothing storage: closet,Bedroom and laundry
956520617714991004,Ethernet connection,Entertainment
956520617714991004,TV,Entertainment
956520617714991004,Exercise equipment,Entertainment
956520617714991004,Pool table,Entertainment
956520617714991004,Movie theater,Entertainment
956520617714991004,Central air conditioning,Heating and cooling
956520617714991004,Ceiling fan,Heating and cooling
956520617714991004,Central heating,Heating and cooling
956520617714991004,Exterior security cameras on property,Home safety
956520617714991004,Smoke alarm,Home safety
956520617714991004,Carbon monoxide alarm,Home safety
956520617714991004,Fire extinguisher,Home safety
956520617714991004,Wifi,Internet and office
956520617714991004,Kitchen,Kitchen and dining
956520617714991004,Refrigerator,Kitchen and dining
956520617714991004,Microwave,Kitchen and dining
956520617714991004,Cooking basics,Kitchen and dining
956520617714991004,Dishes and silverware,Kitchen and dining
956520617714991004,Freezer,Kitchen and dining
956520617714991004,Dishwasher,Kitchen and dining
956520617714991004,Stove,Kitchen and dining
956520617714991004,Oven,Kitchen and dining
956520617714991004,Hot water kettle,Kitchen and dining
956520617714991004,Coffee maker: drip coffee maker,Kitchen and dining
956520617714991004,Wine glasses,Kitchen and dining
956520617714991004,Toaster,Kitchen and dining
956520617714991004,Blender,Kitchen and dining
956520617714991004,Trash compactor,Kitchen and dining
956520617714991004,Dining table,Kitchen and dining
956520617714991004,Coffee,Kitchen and dining
956520617714991004,Private entrance,Location features
956520617714991004,Laundromat nearby,Location features
956520617714991004,Patio or balcony,Outdoor
956520617714991004,Backyard,Outdoor
956520617714991004,Fire pit,Outdoor
956520617714991004,Outdoor furniture,Outdoor
956520617714991004,Outdoor dining area,Outdoor
956520617714991004,BBQ grill,Outdoor
956520617714991004,Sun loungers,Outdoor
956520617714991004,Free parking on premises – 1 space,Parking and facilities
956520617714991004,Pool - available all year,Parking and facilities
956520617714991004,Hot tub,Parking and facilities
956520617714991004,Elevator,Parking and facilities
956520617714991004,Gym,Parking and facilities
956520617714991004,Pets allowed,Services
956520617714991004,Long term stays allowed,Services
956520617714991004,Self check-in,Services
956520617714991004,Smart lock,Services
956520617714991004,Cleaning available during stay,Services
1274819693947567069,Bathtub,Bathroom
1274819693947567069,Hair dryer,Bathroom
1274819693947567069,Cleaning products,Bathroom
1274819693947567069,Costco shampoo,Bathroom
1274819693947567069,Costco conditioner,Bathroom
1274819693947567069,Costco body soap,Bathroom
1274819693947567069,Hot water,Bathroom
1274819693947567069,Essentials,Bedroom and laundry
1274819693947567069,Hangers,Bedroom and laundry
1274819693947567069,Bed linens,Bedroom and laundry
1274819693947567069,Extra pillows and blankets,Bedroom and laundry
1274819693947567069,Iron,Bedroom and laundry
1274819693947567069,Drying rack for clothing,Bedroom and laundry
1274819693947567069,Safe,Bedroom and laundry
1274819693947567069,Ethernet connection,Entertainment
1274819693947567069,TV,Entertainment
1274819693947567069,Pack ’n play/Travel crib - always at the listing,Family
1274819693947567069,Air conditioning,Heating and cooling
1274819693947567069,Central heating,Heating and cooling
1274819693947567069,Exterior security cameras on property,Home safety
1274819693947567069,Smoke alarm,Home safety
1274819693947567069,Carbon monoxide alarm,Home safety
1274819693947567069,First aid kit,Home safety
1274819693947567069,Wifi,Internet and office
1274819693947567069,Kitchen,Kitchen and dining
1274819693947567069,Refrigerator,Kitchen and dining
1274819693947567069,Microwave,Kitchen and dining
1274819693947567069,Cooking basics,Kitchen and dining
1274819693947567069,Dishes and silverware,Kitchen and dining
1274819693947567069,Freezer,Kitchen and dining
1274819693947567069,Induction stove,Kitchen and dining
1274819693947567069,Stainless steel oven,Kitchen and dining
1274819693947567069,Hot water kettle,Kitchen and dining
1274819693947567069,"Coffee maker: drip coffee maker, espresso machine, pour-over coffee",Kitchen and dining
1274819693947567069,Wine glasses,Kitchen and dining
1274819693947567069,Toaster,Kitchen and dining
1274819693947567069,Dining table,Kitchen and dining
1274819693947567069,Coffee,Kitchen and dining
1274819693947567069,Outdoor dining area,Outdoor
1274819693947567069,Free parking on premises,Parking and facilities
1274819693947567069,Pets allowed,Services
1274819693947567069,Luggage dropoff allowed,Services
1274819693947567069,Washer,Not included
1274819693947567069,Dryer,Not included
51498,Hair dryer,Bathroom
51498,Cleaning products,Bathroom
51498,Shampoo,Bathroom
51498,Conditioner,Bathroom
51498,Body soap,Bathroom
51498,Outdoor shower,Bathroom
51498,Hot water,Bathroom
51498,Shower gel,Bathroom
51498,Free washer – In building,Bedroom and laundry
51498,Essentials,Bedroom and laundry
51498,Hangers,Bedroom and laundry
51498,Bed linens,Bedroom and laundry
51498,Extra pillows and blankets,Bedroom and laundry
51498,Iron,Bedroom and laundry
51498,Clothing storage: wardrobe,Bedroom and laundry
51498,"HDTV with Amazon Prime Video, Apple TV, HBO Max, Netflix, Roku, DVD player",Entertainment
51498,Sound system,Entertainment
51498,Central air conditioning,Heating and cooling
51498,Central heating,Heating and cooling
51498,Smoke alarm,Home safety
51498,Carbon monoxide alarm,Home safety
51498,Fire extinguisher,Home safety
51498,First aid kit,Home safety
51498,Wifi,Internet and office
51498,Dedicated workspace,Internet and office
51498,Microwave,Kitchen and dining
51498,Cooking basics,Kitchen and dining
51498,Dishes and silverware,Kitchen and dining
51498,Mini fridge,Kitchen and dining
51498,Hot water kettle,Kitchen and dining
51498,Coffee maker: drip coffee maker,Kitchen and dining
51498,Wine glasses,Kitchen and dining
51498,Toaster,Kitchen and dining
51498,Kitchenette,Kitchen and dining
51498,Coffee,Kitchen and dining
51498,Private entrance,Location features
51498,Laundromat nearby,Location features
51498,Patio or balcony,Outdoor
51498,Shared backyard – Fully fenced,Outdoor
51498,Outdoor furniture,Outdoor
51498,Outdoor dining area,Outdoor
51498,Beach essentials,Outdoor
51498,Free street parking,Parking and facilities
51498,"Private hot tub - available all year, open 24 hours",Parking and facilities
51498,Single level home,Parking and facilities
51498,Luggage dropoff allowed,Services
51498,Long term stays allowed,Services
51498,Exterior security cameras on property,Not included
51498,Kitchen,Not included
51498,Free dryer – In building,Not included
1580670972866443959,Bathtub,Bathroom
1580670972866443959,Hair dryer,Bathroom
1580670972866443959,Cleaning products,Bathroom
1580670972866443959,Shampoo,Bathroom
1580670972866443959,Kirkland conditioner,Bathroom
1580670972866443959,Body soap,Bathroom
1580670972866443959,Bidet,Bathroom
1580670972866443959,Outdoor shower,Bathroom
1580670972866443959,Hot water,Bathroom
1580670972866443959,Shower gel,Bathroom
1580670972866443959,Washer,Bedroom and laundry
1580670972866443959,Free dryer – In unit,Bedroom and laundry
1580670972866443959,Essentials,Bedroom and laundry
1580670972866443959,Hangers,Bedroom and laundry
1580670972866443959,Bed linens,Bedroom and laundry
1580670972866443959,Iron,Bedroom and laundry
1580670972866443959,Drying rack for clothing,Bedroom and laundry
1580670972866443959,Clothing storage: walk-in closet,Bedroom and laundry
1580670972866443959,Ethernet connection,Entertainment
1580670972866443959,TV,Entertainment
1580670972866443959,Game console: Nintendo Switch,Entertainment
1580670972866443959,Exercise equipment,Entertainment
1580670972866443959,Crib - available upon request,Family
1580670972866443959,Window guards,Family
1580670972866443959,Board games,Family
1580670972866443959,Air conditioning,Heating and cooling
1580670972866443959,Ceiling fan,Heating and cooling
1580670972866443959,Central heating,Heating and cooling
1580670972866443959,Smoke alarm,Home safety
1580670972866443959,Carbon monoxide alarm,Home safety
1580670972866443959,Fire extinguisher,Home safety
1580670972866443959,First aid kit,Home safety
1580670972866443959,Wifi,Internet and office
1580670972866443959,Dedicated workspace,Internet and office
1580670972866443959,Kitchen,Kitchen and dining
1580670972866443959,Refrigerator,Kitchen and dining
1580670972866443959,Microwave,Kitchen and dining
1580670972866443959,Cooking basics,Kitchen and dining
1580670972866443959,Dishes and silverware,Kitchen and dining
1580670972866443959,Freezer,Kitchen and dining
1580670972866443959,Dishwasher,Kitchen and dining
1580670972866443959,Stainless steel double oven,Kitchen and dining
1580670972866443959,Hot water kettle,Kitchen and dining
1580670972866443959,Coffee maker: Nespresso,Kitchen and dining
1580670972866443959,Wine glasses,Kitchen and dining
1580670972866443959,Toaster,Kitchen and dining
1580670972866443959,Blender,Kitchen and dining
1580670972866443959,Dining table,Kitchen and dining
1580670972866443959,Coffee,Kitchen and dining
1580670972866443959,Waterfront,Location features
1580670972866443959,Beach access,Location features
1580670972866443959,Private entrance,Location features
1580670972866443959,Private patio or balcony,Outdoor
1580670972866443959,Outdoor furniture,Outdoor
1580670972866443959,BBQ grill,Outdoor
1580670972866443959,Beach essentials,Outdoor
1580670972866443959,Free parking on premises,Parking and facilities
1580670972866443959,Pool,Parking and facilities
1580670972866443959,Elevator,Parking and facilities
1580670972866443959,EV charger - level 1,Parking and facilities
1580670972866443959,Shared gym in building,Parking and facilities
1580670972866443959,Pets allowed,Services
1580670972866443959,Self check-in,Services
1580670972866443959,Smart lock,Services
16580,Hair dryer,Bathroom
1580670972866443959,Exterior security cameras on property,Not included
1348820973051082801,Bathtub,Bathroom
1348820973051082801,Hair dryer,Bathroom
1348820973051082801,Cleaning products,Bathroom
1348820973051082801,Shampoo,Bathroom
1348820973051082801,Conditioner,Bathroom
1348820973051082801,Body soap,Bathroom
1348820973051082801,Hot water,Bathroom
1348820973051082801,Shower gel,Bathroom
1348820973051082801,Essentials,Bedroom and laundry
1348820973051082801,Hangers,Bedroom and laundry
1348820973051082801,Bed linens,Bedroom and laundry
1348820973051082801,Room-darkening shades,Bedroom and laundry
1348820973051082801,Iron,Bedroom and laundry
1348820973051082801,Clothing storage,Bedroom and laundry
1348820973051082801,TV,Entertainment
1348820973051082801,Board games,Family
1348820973051082801,Air conditioning,Heating and cooling
1348820973051082801,Heating,Heating and cooling
1348820973051082801,Smoke alarm,Home safety
1348820973051082801,Carbon monoxide alarm,Home safety
1348820973051082801,Fire extinguisher,Home safety
1348820973051082801,First aid kit,Home safety
1348820973051082801,Wifi,Internet and office
1348820973051082801,Dedicated workspace,Internet and office
1348820973051082801,Kitchen,Kitchen and dining
1348820973051082801,Refrigerator,Kitchen and dining
1348820973051082801,Microwave,Kitchen and dining
1348820973051082801,Cooking basics,Kitchen and dining
1348820973051082801,Dishes and silverware,Kitchen and dining
1348820973051082801,Freezer,Kitchen and dining
1348820973051082801,Dishwasher,Kitchen and dining
1348820973051082801,Stove,Kitchen and dining
1348820973051082801,Oven,Kitchen and dining
1348820973051082801,Hot water kettle,Kitchen and dining
1348820973051082801,Coffee maker: Keurig coffee machine,Kitchen and dining
1348820973051082801,Wine glasses,Kitchen and dining
1348820973051082801,Toaster,Kitchen and dining
1348820973051082801,Baking sheet,Kitchen and dining
1348820973051082801,Blender,Kitchen and dining
1348820973051082801,Coffee,Kitchen and dining
1348820973051082801,Free parking garage on premises – 1 space,Parking and facilities
1348820973051082801,Elevator,Parking and facilities
1348820973051082801,Long term stays allowed,Services
1348820973051082801,Self check-in,Services
1348820973051082801,Lockbox,Services
1348820973051082801,Exterior security cameras on property,Not included
1348820973051082801,Paid washer – In building,Not included
1348820973051082801,Private entrance,Not included
942924161054079470,Bathtub,Bathroom
942924161054079470,Hair dryer,Bathroom
942924161054079470,Cleaning products,Bathroom
942924161054079470,Shampoo,Bathroom
942924161054079470,Conditioner,Bathroom
942924161054079470,Body soap,Bathroom
942924161054079470,Hot water,Bathroom
942924161054079470,Shower gel,Bathroom
942924161054079470,Paid washer – In building,Bedroom and laundry
942924161054079470,Paid dryer – In building,Bedroom and laundry
942924161054079470,Essentials,Bedroom and laundry
942924161054079470,Hangers,Bedroom and laundry
942924161054079470,Bed linens,Bedroom and laundry
942924161054079470,Room-darkening shades,Bedroom and laundry
942924161054079470,Iron,Bedroom and laundry
942924161054079470,Clothing storage: closet and dresser,Bedroom and laundry
942924161054079470,65 inch HDTV,Entertainment
942924161054079470,Air conditioning,Heating and cooling
942924161054079470,Ceiling fan,Heating and cooling
942924161054079470,Heating,Heating and cooling
942924161054079470,Smoke alarm,Home safety
942924161054079470,Carbon monoxide alarm,Home safety
942924161054079470,First aid kit,Home safety
942924161054079470,Wifi,Internet and office
942924161054079470,Dedicated workspace,Internet and office
942924161054079470,Kitchen,Kitchen and dining
942924161054079470,Refrigerator,Kitchen and dining
942924161054079470,Microwave,Kitchen and dining
942924161054079470,Cooking basics,Kitchen and dining
942924161054079470,Dishes and silverware,Kitchen and dining
942924161054079470,Freezer,Kitchen and dining
942924161054079470,Gas stove,Kitchen and dining
942924161054079470,Oven,Kitchen and dining
942924161054079470,Hot water kettle,Kitchen and dining
942924161054079470,Coffee maker: drip coffee maker,Kitchen and dining
942924161054079470,Wine glasses,Kitchen and dining
942924161054079470,Toaster,Kitchen and dining
942924161054079470,Blender,Kitchen and dining
942924161054079470,Dining table,Kitchen and dining
942924161054079470,Coffee,Kitchen and dining
942924161054079470,Free parking on premises,Parking and facilities
942924161054079470,Self check-in,Services
942924161054079470,Keypad,Services
942924161054079470,Exterior security cameras on property,Not included
942924161054079470,Private entrance,Not included
16580,City skyline view,Scenic views
16580,Shampoo,Bathroom
16580,Hot water,Bathroom
16580,Washer,Bedroom and laundry
16580,Dryer,Bedroom and laundry
16580,Essentials,Bedroom and laundry
16580,Hangers,Bedroom and laundry
16580,Bed linens,Bedroom and laundry
16580,Extra pillows and blankets,Bedroom and laundry
16580,Iron,Bedroom and laundry
16580,TV,Entertainment
16580,Air conditioning,Heating and cooling
16580,Heating,Heating and cooling
16580,Lock on bedroom door,Privacy and safety
16580,Smoke alarm,Privacy and safety
16580,Carbon monoxide alarm,Privacy and safety
16580,Fire extinguisher,Privacy and safety
16580,First aid kit,Privacy and safety
16580,Wifi,Internet and office
16580,Dedicated workspace,Internet and office
16580,Kitchen,Kitchen and dining
16580,Refrigerator,Kitchen and dining
16580,Microwave,Kitchen and dining
16580,Cooking basics,Kitchen and dining
16580,Dishes and silverware,Kitchen and dining
16580,Dishwasher,Kitchen and dining
16580,Stove,Kitchen and dining
16580,Oven,Kitchen and dining
16580,Coffee maker,Kitchen and dining
16580,Shared patio or balcony,Outdoor
16580,Backyard,Outdoor
16580,Free parking on premises,Parking and facilities
16580,Free street parking,Parking and facilities
16580,Elevator,Parking and facilities
16580,Gym,Parking and facilities
16580,Luggage dropoff allowed,Services
16580,Self check-in,Services
16580,Lockbox,Services
16580,Exterior security cameras on property,Not included
704610101267844712,Bathtub,Bathroom
704610101267844712,Hair dryer,Bathroom
704610101267844712,Cleaning products,Bathroom
704610101267844712,Eco shampoo,Bathroom
704610101267844712,Eco conditioner,Bathroom
704610101267844712,Eco body soap,Bathroom
704610101267844712,Bidet,Bathroom
704610101267844712,Hot water,Bathroom
704610101267844712,Shower gel,Bathroom
704610101267844712,Essentials,Bedroom and laundry
704610101267844712,Hangers,Bedroom and laundry
704610101267844712,Bed linens,Bedroom and laundry
704610101267844712,Iron,Bedroom and laundry
704610101267844712,Mosquito net,Bedroom and laundry
704610101267844712,Clothing storage: closet,Bedroom and laundry
704610101267844712,Ethernet connection,Entertainment
704610101267844712,55 inch HDTV with Netflix,Entertainment
704610101267844712,Window guards,Family
704610101267844712,Window AC unit,Heating and cooling
704610101267844712,Central heating,Heating and cooling
704610101267844712,Lock on bedroom door,Privacy and safety
704610101267844712,Exterior security cameras on property,Privacy and safety
704610101267844712,Smoke alarm,Privacy and safety
704610101267844712,Carbon monoxide alarm,Privacy and safety
704610101267844712,Fire extinguisher,Privacy and safety
704610101267844712,First aid kit,Privacy and safety
704610101267844712,Fast wifi – 303 Mbps,Internet and office
704610101267844712,Dedicated workspace,Internet and office
704610101267844712,Microwave,Kitchen and dining
704610101267844712,Mini fridge,Kitchen and dining
704610101267844712,"Coffee maker: drip coffee maker, french press",Kitchen and dining
704610101267844712,Coffee,Kitchen and dining
704610101267844712,Luggage dropoff allowed,Services
704610101267844712,Long term stays allowed,Services
704610101267844712,Self check-in,Services
704610101267844712,Keypad,Services
704610101267844712,Kitchen,Not included
704610101267844712,Washer,Not included
704610101267844712,Dryer,Not included
992758163619203613,Hair dryer,Bathroom
992758163619203613,Cleaning products,Bathroom
992758163619203613,Shampoo,Bathroom
992758163619203613,Conditioner,Bathroom
992758163619203613,Body soap,Bathroom
992758163619203613,Hot water,Bathroom
992758163619203613,Shower gel,Bathroom
992758163619203613,Hangers,Bedroom and laundry
992758163619203613,Bed linens,Bedroom and laundry
992758163619203613,Iron,Bedroom and laundry
992758163619203613,Clothing storage,Bedroom and laundry
992758163619203613,TV,Entertainment
992758163619203613,Air conditioning,Heating and cooling
992758163619203613,Portable fans,Heating and cooling
992758163619203613,Heating,Heating and cooling
992758163619203613,Smoke alarm,Home safety
992758163619203613,Carbon monoxide alarm,Home safety
992758163619203613,First aid kit,Home safety
992758163619203613,Wifi,Internet and office
992758163619203613,Dedicated workspace,Internet and office
992758163619203613,Kitchen,Kitchen and dining
992758163619203613,Refrigerator,Kitchen and dining
992758163619203613,Microwave,Kitchen and dining
992758163619203613,Cooking basics,Kitchen and dining
992758163619203613,Dishes and silverware,Kitchen and dining
992758163619203613,Freezer,Kitchen and dining
992758163619203613,Gas stove,Kitchen and dining
992758163619203613,Oven,Kitchen and dining
992758163619203613,Hot water kettle,Kitchen and dining
992758163619203613,Coffee maker,Kitchen and dining
992758163619203613,Wine glasses,Kitchen and dining
992758163619203613,Toaster,Kitchen and dining
992758163619203613,Dining table,Kitchen and dining
992758163619203613,Coffee,Kitchen and dining
992758163619203613,Exterior security cameras on property,Not included
992758163619203613,Washer,Not included
992758163619203613,Dryer,Not included
992758163619203613,Essentials,Not included
891285103107762478,Bathtub,Bathroom
891285103107762478,Hair dryer,Bathroom
891285103107762478,Cleaning products,Bathroom
891285103107762478,Shampoo,Bathroom
891285103107762478,Conditioner,Bathroom
891285103107762478,Body soap,Bathroom
891285103107762478,Hot water,Bathroom
891285103107762478,Shower gel,Bathroom
891285103107762478,Essentials,Bedroom and laundry
891285103107762478,Hangers,Bedroom and laundry
891285103107762478,Bed linens,Bedroom and laundry
891285103107762478,Extra pillows and blankets,Bedroom and laundry
891285103107762478,Room-darkening shades,Bedroom and laundry
891285103107762478,Iron,Bedroom and laundry
891285103107762478,Mosquito net,Bedroom and laundry
891285103107762478,Clothing storage,Bedroom and laundry
891285103107762478,"40 inch TV with Hulu, Netflix",Entertainment
891285103107762478,Air conditioning,Heating and cooling
891285103107762478,Ceiling fan,Heating and cooling
891285103107762478,Heating,Heating and cooling
891285103107762478,Exterior security cameras on property,Home safety
891285103107762478,Smoke alarm,Home safety
891285103107762478,Carbon monoxide alarm,Home safety
891285103107762478,First aid kit,Home safety
891285103107762478,Wifi,Internet and office
891285103107762478,Dedicated workspace,Internet and office
891285103107762478,Kitchen,Kitchen and dining
891285103107762478,Refrigerator,Kitchen and dining
891285103107762478,Microwave,Kitchen and dining
891285103107762478,Cooking basics,Kitchen and dining
891285103107762478,Dishes and silverware,Kitchen and dining
891285103107762478,Freezer,Kitchen and dining
891285103107762478,Dishwasher,Kitchen and dining
891285103107762478,Stainless steel gas stove,Kitchen and dining
891285103107762478,Stainless steel oven,Kitchen and dining
891285103107762478,Coffee maker: french press,Kitchen and dining
891285103107762478,Wine glasses,Kitchen and dining
891285103107762478,Baking sheet,Kitchen and dining
891285103107762478,Blender,Kitchen and dining
891285103107762478,Dining table,Kitchen and dining
891285103107762478,Coffee,Kitchen and dining
891285103107762478,Private entrance,Location features
891285103107762478,Laundromat nearby,Location features
891285103107762478,Free street parking,Parking and facilities
891285103107762478,Paid street parking off premises,Parking and facilities
891285103107762478,Single level home,Parking and facilities
891285103107762478,Pets allowed,Services
891285103107762478,Washer,Not included
891285103107762478,Dryer,Not included
1055102817407551734,Hair dryer,Bathroom
1055102817407551734,Shampoo,Bathroom
1055102817407551734,Bidet,Bathroom
1055102817407551734,Hot water,Bathroom
1055102817407551734,Shower gel,Bathroom
1055102817407551734,Essentials,Bedroom and laundry
1055102817407551734,Hangers,Bedroom and laundry
1055102817407551734,Bed linens,Bedroom and laundry
1055102817407551734,Extra pillows and blankets,Bedroom and laundry
1055102817407551734,Room-darkening shades,Bedroom and laundry
1055102817407551734,Iron,Bedroom and laundry
1055102817407551734,Clothing storage,Bedroom and laundry
1055102817407551734,TV,Entertainment
1055102817407551734,Heating,Heating and cooling
1055102817407551734,Lock on bedroom door,Privacy and safety
1055102817407551734,Smoke alarm,Privacy and safety
1055102817407551734,Carbon monoxide alarm,Privacy and safety
1055102817407551734,Fire extinguisher,Privacy and safety
1055102817407551734,First aid kit,Privacy and safety
1055102817407551734,Wifi,Internet and office
1055102817407551734,Dedicated workspace,Internet and office
1055102817407551734,Kitchen,Kitchen and dining
1055102817407551734,Refrigerator,Kitchen and dining
1055102817407551734,Microwave,Kitchen and dining
1055102817407551734,Cooking basics,Kitchen and dining
1055102817407551734,Dishes and silverware,Kitchen and dining
1055102817407551734,Freezer,Kitchen and dining
1055102817407551734,Dishwasher,Kitchen and dining
1055102817407551734,Stove,Kitchen and dining
1055102817407551734,Oven,Kitchen and dining
1055102817407551734,Hot water kettle,Kitchen and dining
1055102817407551734,Coffee maker,Kitchen and dining
1055102817407551734,Wine glasses,Kitchen and dining
1055102817407551734,Toaster,Kitchen and dining
1055102817407551734,Blender,Kitchen and dining
1055102817407551734,Trash compactor,Kitchen and dining
1055102817407551734,Coffee,Kitchen and dining
1055102817407551734,Laundromat nearby,Location features
1055102817407551734,Shared patio or balcony,Outdoor
1055102817407551734,Self check-in,Services
1055102817407551734,Smart lock,Services
1055102817407551734,Exterior security cameras on property,Not included
1055102817407551734,Washer,Not included
1055102817407551734,Dryer,Not included
1055102817407551734,Air conditioning,Not included
1388617371798467387,Hair dryer,Bathroom
1388617371798467387,Cleaning products,Bathroom
1388617371798467387,Shampoo,Bathroom
1388617371798467387,Body soap,Bathroom
1388617371798467387,Hot water,Bathroom
1388617371798467387,Shower gel,Bathroom
1388617371798467387,Essentials,Bedroom and laundry
1388617371798467387,Hangers,Bedroom and laundry
1388617371798467387,Bed linens,Bedroom and laundry
1388617371798467387,Extra pillows and blankets,Bedroom and laundry
1388617371798467387,Room-darkening shades,Bedroom and laundry
1388617371798467387,Iron,Bedroom and laundry
1388617371798467387,Clothing storage: dresser,Bedroom and laundry
1388617371798467387,TV,Entertainment
1388617371798467387,Air conditioning,Heating and cooling
1388617371798467387,Ceiling fan,Heating and cooling
1388617371798467387,Central heating,Heating and cooling
1388617371798467387,Lock on bedroom door,Privacy and safety
1388617371798467387,Exterior security cameras on property,Privacy and safety
1388617371798467387,Smoke alarm,Privacy and safety
1388617371798467387,Carbon monoxide alarm,Privacy and safety
1388617371798467387,Fire extinguisher,Privacy and safety
1388617371798467387,First aid kit,Privacy and safety
1388617371798467387,Wifi,Internet and office
1388617371798467387,Dedicated workspace,Internet and office
1388617371798467387,Kitchen,Kitchen and dining
1388617371798467387,Refrigerator,Kitchen and dining
1388617371798467387,Microwave,Kitchen and dining
1388617371798467387,Cooking basics,Kitchen and dining
1388617371798467387,Dishes and silverware,Kitchen and dining
1388617371798467387,Freezer,Kitchen and dining
1388617371798467387,Dishwasher,Kitchen and dining
1388617371798467387,Stove,Kitchen and dining
1388617371798467387,Oven,Kitchen and dining
1388617371798467387,Hot water kettle,Kitchen and dining
1388617371798467387,Coffee maker: Keurig coffee machine,Kitchen and dining
1388617371798467387,Wine glasses,Kitchen and dining
1388617371798467387,Toaster,Kitchen and dining
1388617371798467387,Dining table,Kitchen and dining
1388617371798467387,Coffee,Kitchen and dining
1388617371798467387,Laundromat nearby,Location features
1388617371798467387,Paid parking on premises,Parking and facilities
1388617371798467387,Luggage dropoff allowed,Services
1388617371798467387,Long term stays allowed,Services
1388617371798467387,Self check-in,Services
1388617371798467387,Keypad,Services
1388617371798467387,Housekeeping available every day,Services
1388617371798467387,Washer,Not included
1388617371798467387,Dryer,Not included
1385444743317351076,Hot water,Bathroom
1385444743317351076,Paid washer – In unit,Bedroom and laundry
1385444743317351076,Paid dryer – In unit,Bedroom and laundry
1385444743317351076,Clothing storage: closet,Bedroom and laundry
1385444743317351076,Air conditioning,Heating and cooling
1385444743317351076,Heating,Heating and cooling
1385444743317351076,Smoke alarm,Home safety
1385444743317351076,Carbon monoxide alarm,Home safety
1385444743317351076,Fire extinguisher,Home safety
1385444743317351076,Wifi,Internet and office
1385444743317351076,Microwave,Kitchen and dining
1385444743317351076,Mini fridge,Kitchen and dining
1385444743317351076,Hot water kettle,Kitchen and dining
1385444743317351076,Dining table,Kitchen and dining
1385444743317351076,Lock on bedroom door,Privacy and safety
1385444743317351076,Exterior security cameras on property,Privacy and safety
1385444743317351076,Kitchen,Privacy and safety
1385444743317351076,TV,Privacy and safety
1385444743317351076,Essentials,Privacy and safety
19086522,Bathtub,Bathroom
19086522,Hair dryer,Bathroom
19086522,Cleaning products,Bathroom
19086522,Shampoo,Bathroom
19086522,Conditioner,Bathroom
19086522,Body soap,Bathroom
19086522,Hot water,Bathroom
19086522,Shower gel,Bathroom
19086522,Essentials,Bedroom and laundry
19086522,Hangers,Bedroom and laundry
19086522,Bed linens,Bedroom and laundry
19086522,Room-darkening shades,Bedroom and laundry
19086522,Drying rack for clothing,Bedroom and laundry
19086522,Clothing storage: walk-in closet,Bedroom and laundry
19086522,Portable air conditioning,Heating and cooling
19086522,Window AC unit,Heating and cooling
19086522,Central heating,Heating and cooling
19086522,Lock on bedroom door,Privacy and safety
19086522,Exterior security cameras on property,Privacy and safety
19086522,Smoke alarm,Privacy and safety
19086522,Carbon monoxide alarm,Privacy and safety
19086522,Wifi,Internet and office
19086522,Dedicated workspace,Internet and office
19086522,Kitchen,Kitchen and dining
19086522,Refrigerator,Kitchen and dining
19086522,Microwave,Kitchen and dining
19086522,Dishes and silverware,Kitchen and dining
19086522,Freezer,Kitchen and dining
19086522,Hot water kettle,Kitchen and dining
19086522,Wine glasses,Kitchen and dining
19086522,Dining table,Kitchen and dining
19086522,Laundromat nearby,Location features
19086522,Luggage dropoff allowed,Services
19086522,Host greets you,Services
19086522,TV,Not included
19086522,Washer,Not included
19086522,Dryer,Not included
1166118086665626216,Bathtub,Bathroom
1166118086665626216,Cleaning products,Bathroom
1166118086665626216,Shampoo,Bathroom
1166118086665626216,Conditioner,Bathroom
1166118086665626216,Body soap,Bathroom
1166118086665626216,Bidet,Bathroom
1166118086665626216,Hot water,Bathroom
1166118086665626216,Washer,Bedroom and laundry
1166118086665626216,Dryer – In building,Bedroom and laundry
1166118086665626216,Hangers,Bedroom and laundry
1166118086665626216,Bed linens,Bedroom and laundry
1166118086665626216,Extra pillows and blankets,Bedroom and laundry
1166118086665626216,Room-darkening shades,Bedroom and laundry
1166118086665626216,Iron,Bedroom and laundry
1166118086665626216,Clothing storage,Bedroom and laundry
1166118086665626216,TV,Entertainment
1166118086665626216,Window guards,Family
1166118086665626216,Air conditioning,Heating and cooling
1166118086665626216,Heating,Heating and cooling
1166118086665626216,Lock on bedroom door,Privacy and safety
1166118086665626216,Smoke alarm,Privacy and safety
1166118086665626216,Carbon monoxide alarm,Privacy and safety
1166118086665626216,Fire extinguisher,Privacy and safety
1166118086665626216,Wifi,Internet and office
1166118086665626216,Dedicated workspace,Internet and office
1166118086665626216,Kitchen,Kitchen and dining
1166118086665626216,Refrigerator,Kitchen and dining
1166118086665626216,Microwave,Kitchen and dining
1166118086665626216,Cooking basics,Kitchen and dining
1166118086665626216,Dishes and silverware,Kitchen and dining
1166118086665626216,Mini fridge,Kitchen and dining
1166118086665626216,Freezer,Kitchen and dining
1166118086665626216,Dishwasher,Kitchen and dining
1166118086665626216,Gas stove,Kitchen and dining
1166118086665626216,Oven,Kitchen and dining
1166118086665626216,Hot water kettle,Kitchen and dining
1166118086665626216,Wine glasses,Kitchen and dining
1166118086665626216,Toaster,Kitchen and dining
1166118086665626216,Coffee,Kitchen and dining
1166118086665626216,Private entrance,Location features
1166118086665626216,Laundromat nearby,Location features
1166118086665626216,Free street parking,Parking and facilities
1166118086665626216,Pets allowed,Services
1166118086665626216,Long term stays allowed,Services
1166118086665626216,Exterior security cameras on property,Not included
1166118086665626216,Essentials,Not included
1433746376656090683,Bathtub,Bathroom
1433746376656090683,Shampoo,Bathroom
1433746376656090683,Conditioner,Bathroom
1433746376656090683,Hot water,Bathroom
1433746376656090683,Washer,Bedroom and laundry
1433746376656090683,Free dryer,Bedroom and laundry
1433746376656090683,Hangers,Bedroom and laundry
1433746376656090683,Bed linens,Bedroom and laundry
1433746376656090683,Room-darkening shades,Bedroom and laundry
1433746376656090683,Iron,Bedroom and laundry
1433746376656090683,Clothing storage,Bedroom and laundry
1433746376656090683,TV,Entertainment
1433746376656090683,Exercise equipment,Entertainment
1433746376656090683,Air conditioning,Heating and cooling
1433746376656090683,Heating,Heating and cooling
1433746376656090683,Exterior security cameras on property,Home safety
1433746376656090683,Smoke alarm,Home safety
1433746376656090683,Carbon monoxide alarm,Home safety
1433746376656090683,Fire extinguisher,Home safety
1433746376656090683,Wifi,Internet and office
1433746376656090683,Kitchen,Kitchen and dining
1433746376656090683,Fire pit,Outdoor
1433746376656090683,Outdoor dining area,Outdoor
1433746376656090683,Free carport on premises – 1 space,Parking and facilities
1433746376656090683,Pool,Parking and facilities
1433746376656090683,Hot tub,Parking and facilities
1433746376656090683,Elevator,Parking and facilities
1433746376656090683,EV charger,Parking and facilities
1433746376656090683,Private gym in building,Parking and facilities
1433746376656090683,Self check-in,Services
1433746376656090683,Keypad,Services
1433746376656090683,Essentials,Not included
746115,City skyline view,Scenic views
746115,Mountain view,Scenic views
746115,Ocean view,Scenic views
746115,Hair dryer,Bathroom
746115,Cleaning products,Bathroom
746115,Shampoo,Bathroom
746115,Conditioner,Bathroom
746115,Body soap,Bathroom
746115,Hot water,Bathroom
746115,Shower gel,Bathroom
746115,Essentials,Bedroom and laundry
746115,Hangers,Bedroom and laundry
746115,Bed linens,Bedroom and laundry
746115,Extra pillows and blankets,Bedroom and laundry
746115,Room-darkening shades,Bedroom and laundry
746115,Iron,Bedroom and laundry
746115,Clothing storage: dresser,Bedroom and laundry
746115,"60 inch HDTV with Amazon Prime Video, HBO Max, Hulu, Netflix, Roku",Entertainment
746115,Books and reading material,Entertainment
746115,AC - split type ductless system,Heating and cooling
746115,Portable fans,Heating and cooling
746115,Heating - split type ductless system,Heating and cooling
746115,Exterior security cameras on property,Home safety
746115,Smoke alarm,Home safety
746115,Carbon monoxide alarm,Home safety
746115,Fire extinguisher,Home safety
746115,First aid kit,Home safety
746115,Fast wifi – 69 Mbps,Internet and office
746115,Dedicated workspace,Internet and office
746115,Kitchen,Kitchen and dining
746115,Refrigerator,Kitchen and dining
746115,Microwave,Kitchen and dining
746115,Cooking basics,Kitchen and dining
746115,Dishes and silverware,Kitchen and dining
746115,Freezer,Kitchen and dining
746115,Dishwasher,Kitchen and dining
746115,Stainless steel gas stove,Kitchen and dining
746115,Hot water kettle,Kitchen and dining
746115,Coffee maker: drip coffee maker,Kitchen and dining
746115,Wine glasses,Kitchen and dining
746115,Toaster,Kitchen and dining
746115,Dining table,Kitchen and dining
746115,Coffee,Kitchen and dining
746115,Private entrance,Location features
746115,Laundromat nearby,Location features
746115,Private patio or balcony,Outdoor
746115,Outdoor furniture,Outdoor
746115,Hammock,Outdoor
746115,Outdoor dining area,Outdoor
746115,Free carport on premises – 1 space,Parking and facilities
746115,Free street parking,Parking and facilities
746115,Single level home,Parking and facilities
746115,Self check-in,Services
746115,Smart lock,Services
746115,Washer,Not included
746115,Dryer,Not included
669305594749936462,Bathtub,Bathroom
669305594749936462,Hair dryer,Bathroom
669305594749936462,Cleaning products,Bathroom
669305594749936462,Shampoo,Bathroom
669305594749936462,Conditioner,Bathroom
669305594749936462,Body soap,Bathroom
669305594749936462,Hot water,Bathroom
669305594749936462,Shower gel,Bathroom
669305594749936462,Essentials,Bedroom and laundry
669305594749936462,Hangers,Bedroom and laundry
669305594749936462,Bed linens,Bedroom and laundry
669305594749936462,Room-darkening shades,Bedroom and laundry
669305594749936462,Iron,Bedroom and laundry
669305594749936462,Clothing storage,Bedroom and laundry
669305594749936462,Air conditioning,Heating and cooling
669305594749936462,Heating,Heating and cooling
669305594749936462,Smoke alarm,Home safety
669305594749936462,Carbon monoxide alarm,Home safety
669305594749936462,Fire extinguisher,Home safety
669305594749936462,Wifi,Internet and office
669305594749936462,Dedicated workspace,Internet and office
669305594749936462,Kitchen,Kitchen and dining
669305594749936462,Refrigerator,Kitchen and dining
669305594749936462,Microwave,Kitchen and dining
669305594749936462,Cooking basics,Kitchen and dining
669305594749936462,Dishes and silverware,Kitchen and dining
669305594749936462,Mini fridge,Kitchen and dining
669305594749936462,Freezer,Kitchen and dining
669305594749936462,Hot water kettle,Kitchen and dining
669305594749936462,Coffee maker: Keurig coffee machine,Kitchen and dining
669305594749936462,Wine glasses,Kitchen and dining
669305594749936462,Dining table,Kitchen and dining
669305594749936462,Coffee,Kitchen and dining
669305594749936462,Laundromat nearby,Location features
669305594749936462,Free street parking,Parking and facilities
669305594749936462,Long term stays allowed,Services
669305594749936462,Self check-in,Services
669305594749936462,Keypad,Services
669305594749936462,Exterior security cameras on property,Not included
669305594749936462,TV,Not included
669305594749936462,Washer,Not included
669305594749936462,Dryer,Not included
53707410,Bathtub,Bathroom
53707410,Hair dryer,Bathroom
53707410,Hot water,Bathroom
53707410,Essentials,Bedroom and laundry
53707410,Hangers,Bedroom and laundry
53707410,Bed linens,Bedroom and laundry
53707410,Iron,Bedroom and laundry
53707410,TV,Entertainment
53707410,Air conditioning,Heating and cooling
53707410,Heating,Heating and cooling
53707410,Lock on bedroom door,Privacy and safety
53707410,Exterior security cameras on property,Privacy and safety
53707410,Smoke alarm,Privacy and safety
53707410,Carbon monoxide alarm,Privacy and safety
53707410,Fire extinguisher,Privacy and safety
53707410,First aid kit,Privacy and safety
53707410,Wifi,Internet and office
53707410,Dedicated workspace,Internet and office
53707410,Kitchen,Kitchen and dining
53707410,Refrigerator,Kitchen and dining
53707410,Microwave,Kitchen and dining
53707410,Cooking basics,Kitchen and dining
53707410,Dishes and silverware,Kitchen and dining
53707410,Freezer,Kitchen and dining
53707410,Dishwasher,Kitchen and dining
53707410,Hot water kettle,Kitchen and dining
53707410,Coffee maker,Kitchen and dining
53707410,Wine glasses,Kitchen and dining
53707410,Dining table,Kitchen and dining
53707410,Coffee,Kitchen and dining
53707410,Laundromat nearby,Location features
53707410,Shared backyard – Not fully fenced,Outdoor
53707410,Free street parking,Parking and facilities
53707410,Private living room,Parking and facilities
53707410,Self check-in,Services
53707410,Keypad,Services
53707410,Washer,Not included
53707410,Dryer,Not included
1111609937553723816,Hair dryer,Bathroom
1111609937553723816,Shampoo,Bathroom
1111609937553723816,Body soap,Bathroom
1111609937553723816,Essentials,Bedroom and laundry
1111609937553723816,Hangers,Bedroom and laundry
1111609937553723816,Bed linens,Bedroom and laundry
1111609937553723816,Iron,Bedroom and laundry
1111609937553723816,Safe,Bedroom and laundry
1111609937553723816,TV with standard cable,Entertainment
1111609937553723816,Air conditioning,Heating and cooling
1111609937553723816,Heating,Heating and cooling
1111609937553723816,Smoke alarm,Home safety
1111609937553723816,Carbon monoxide alarm,Home safety
1111609937553723816,Fire extinguisher,Home safety
1111609937553723816,Wifi,Internet and office
1111609937553723816,Dedicated workspace,Internet and office
1111609937553723816,Private entrance,Location features
1111609937553723816,Elevator,Parking and facilities
1111609937553723816,Paid parking off premises,Parking and facilities
1111609937553723816,Long term stays allowed,Services
1111609937553723816,Host greets you,Services
1111609937553723816,Kitchen,Not included
1111609937553723816,Washer,Not included
13929245,Bathtub,Bathroom
13929245,Hair dryer,Bathroom
13929245,Shampoo,Bathroom
13929245,Conditioner,Bathroom
13929245,Body soap,Bathroom
13929245,Hot water,Bathroom
13929245,Essentials,Bedroom and laundry
13929245,Hangers,Bedroom and laundry
13929245,Bed linens,Bedroom and laundry
13929245,Extra pillows and blankets,Bedroom and laundry
13929245,Room-darkening shades,Bedroom and laundry
13929245,Iron,Bedroom and laundry
13929245,Clothing storage,Bedroom and laundry
13929245,40 inch HDTV with standard cable,Entertainment
13929245,Window guards,Family
13929245,Portable air conditioning,Heating and cooling
13929245,Portable fans,Heating and cooling
13929245,Portable heater,Heating and cooling
13929245,Noise decibel monitors on property,Home safety
13929245,Exterior security cameras on property,Home safety
13929245,Smoke alarm,Home safety
13929245,Carbon monoxide alarm,Home safety
13929245,Fire extinguisher,Home safety
13929245,Wifi,Internet and office
13929245,Dedicated workspace,Internet and office
13929245,Refrigerator,Kitchen and dining
13929245,Microwave,Kitchen and dining
13929245,Cooking basics,Kitchen and dining
13929245,Dishes and silverware,Kitchen and dining
13929245,Mini fridge,Kitchen and dining
13929245,Freezer,Kitchen and dining
13929245,AEG electric stove,Kitchen and dining
13929245,Hot water kettle,Kitchen and dining
13929245,Coffee maker: Keurig coffee machine,Kitchen and dining
13929245,Toaster,Kitchen and dining
13929245,Kitchenette,Kitchen and dining
13929245,Dining table,Kitchen and dining
13929245,Coffee,Kitchen and dining
13929245,Beach access,Location features
13929245,Private entrance,Location features
13929245,Laundromat nearby,Location features
13929245,Bikes,Outdoor
13929245,Free street parking,Parking and facilities
13929245,Luggage dropoff allowed,Services
13929245,Self check-in,Services
13929245,Keypad,Services
13929245,Kitchen,Not included
13929245,Paid washer – In building,Not included
13929245,Paid dryer – In building,Not included
1108082653379426204,Hair dryer,Bathroom
1108082653379426204,Shampoo,Bathroom
1108082653379426204,Body soap,Bathroom
1108082653379426204,Essentials,Bedroom and laundry
1108082653379426204,Hangers,Bedroom and laundry
1108082653379426204,Bed linens,Bedroom and laundry
1108082653379426204,Safe,Bedroom and laundry
1108082653379426204,TV with standard cable,Entertainment
1108082653379426204,Air conditioning,Heating and cooling
1108082653379426204,Heating,Heating and cooling
1108082653379426204,Smoke alarm,Home safety
1108082653379426204,Carbon monoxide alarm,Home safety
1108082653379426204,Fire extinguisher,Home safety
1108082653379426204,Wifi,Internet and office
1108082653379426204,Dedicated workspace,Internet and office
1108082653379426204,Refrigerator,Kitchen and dining
1108082653379426204,Coffee maker,Kitchen and dining
1108082653379426204,Private entrance,Location features
1108082653379426204,Pool,Parking and facilities
1108082653379426204,Elevator,Parking and facilities
1108082653379426204,Paid parking off premises,Parking and facilities
1108082653379426204,Long term stays allowed,Services
1108082653379426204,Host greets you,Services
1108082653379426204,Kitchen,Not included
1108082653379426204,Washer,Not included
1645667,Hair dryer,Bathroom
1645667,Shampoo,Bathroom
1645667,Hot water,Bathroom
1645667,Shower gel,Bathroom
1645667,Essentials,Bedroom and laundry
1645667,Hangers,Bedroom and laundry
1645667,Bed linens,Bedroom and laundry
1645667,Iron,Bedroom and laundry
1645667,TV with standard cable,Entertainment
1645667,Air conditioning,Heating and cooling
1645667,Heating,Heating and cooling
1645667,Smoke alarm,Home safety
1645667,Wifi,Internet and office
1645667,Kitchen,Kitchen and dining
1645667,Refrigerator,Kitchen and dining
1645667,Microwave,Kitchen and dining
1645667,Cooking basics,Kitchen and dining
1645667,Dishes and silverware,Kitchen and dining
1645667,Stove,Kitchen and dining
1645667,Oven,Kitchen and dining
1645667,Coffee maker,Kitchen and dining
1645667,Private entrance,Location features
1645667,Free street parking,Parking and facilities
1645667,Long term stays allowed,Services
1645667,Self check-in,Services
1645667,Lockbox,Services
1645667,Lock on bedroom door,Privacy and safety
1645667,Washer,Privacy and safety
1645667,Dryer,Privacy and safety
1645667,Carbon monoxide alarm,Privacy and safety
1490455717837721919,Hair dryer,Bathroom
1490455717837721919,Shampoo,Bathroom
1490455717837721919,Conditioner,Bathroom
1490455717837721919,Hot water,Bathroom
1490455717837721919,Shower gel,Bathroom
1490455717837721919,Essentials,Bedroom and laundry
1490455717837721919,Hangers,Bedroom and laundry
1490455717837721919,Bed linens,Bedroom and laundry
1490455717837721919,Room-darkening shades,Bedroom and laundry
1490455717837721919,Iron,Bedroom and laundry
1490455717837721919,TV,Entertainment
1490455717837721919,Crib,Family
1490455717837721919,Air conditioning,Heating and cooling
1490455717837721919,Heating,Heating and cooling
1490455717837721919,Wifi,Internet and office
1490455717837721919,Dedicated workspace,Internet and office
1490455717837721919,Elevator,Parking and facilities
1490455717837721919,Gym,Parking and facilities
1490455717837721919,Paid parking on premises,Parking and facilities
1490455717837721919,Luggage dropoff allowed,Services
1490455717837721919,Self check-in,Services
1490455717837721919,Building staff,Services
1490455717837721919,Kitchen,Not included
1490455717837721919,Washer,Not included
1490455717837721919,Smoke alarm,Not included
1490455717837721919,Carbon monoxide alarm,Not included
1490455717837721919,Private entrance,Not included
1447435494147953465,Hair dryer,Bathroom
1447435494147953465,Cleaning products,Bathroom
1447435494147953465,Shampoo,Bathroom
1447435494147953465,Conditioner,Bathroom
1447435494147953465,Body soap,Bathroom
1447435494147953465,Hot water,Bathroom
1447435494147953465,Shower gel,Bathroom
1447435494147953465,Essentials,Bedroom and laundry
1447435494147953465,Hangers,Bedroom and laundry
1447435494147953465,Bed linens,Bedroom and laundry
1447435494147953465,Iron,Bedroom and laundry
1447435494147953465,TV,Entertainment
1447435494147953465,Air conditioning,Heating and cooling
1447435494147953465,Heating,Heating and cooling
1447435494147953465,Noise decibel monitors on property,Home safety
1447435494147953465,Exterior security cameras on property,Home safety
1447435494147953465,Smoke alarm,Home safety
6972777,Coffee,Kitchen and dining
1447435494147953465,Carbon monoxide alarm,Home safety
1447435494147953465,Wifi,Internet and office
1447435494147953465,Kitchen,Kitchen and dining
1447435494147953465,Refrigerator,Kitchen and dining
1447435494147953465,Microwave,Kitchen and dining
1447435494147953465,Cooking basics,Kitchen and dining
1447435494147953465,Dishes and silverware,Kitchen and dining
1447435494147953465,Freezer,Kitchen and dining
1447435494147953465,Stove,Kitchen and dining
1447435494147953465,Oven,Kitchen and dining
1447435494147953465,Hot water kettle,Kitchen and dining
1447435494147953465,Dining table,Kitchen and dining
1447435494147953465,Free street parking,Parking and facilities
1447435494147953465,Self check-in,Services
1447435494147953465,Lockbox,Services
1447435494147953465,Washer,Not included
1447435494147953465,Dryer,Not included
1413634501332174889,Bathtub,Bathroom
1413634501332174889,Hair dryer,Bathroom
1413634501332174889,Shampoo,Bathroom
1413634501332174889,Conditioner,Bathroom
1413634501332174889,Body soap,Bathroom
1413634501332174889,Bidet,Bathroom
1413634501332174889,Hot water,Bathroom
1413634501332174889,Shower gel,Bathroom
1413634501332174889,Hangers,Bedroom and laundry
1413634501332174889,Bed linens,Bedroom and laundry
1413634501332174889,Extra pillows and blankets,Bedroom and laundry
1413634501332174889,Iron,Bedroom and laundry
1413634501332174889,Clothing storage,Bedroom and laundry
1413634501332174889,TV,Entertainment
1413634501332174889,Books and reading material,Entertainment
1413634501332174889,Board games,Family
1413634501332174889,Air conditioning,Heating and cooling
1413634501332174889,Central heating,Heating and cooling
1413634501332174889,Lock on bedroom door,Privacy and safety
1413634501332174889,Exterior security cameras on property,Privacy and safety
1413634501332174889,Smoke alarm,Privacy and safety
1413634501332174889,Carbon monoxide alarm,Privacy and safety
1413634501332174889,Fire extinguisher,Privacy and safety
1413634501332174889,First aid kit,Privacy and safety
1413634501332174889,Wifi,Internet and office
1413634501332174889,Dedicated workspace,Internet and office
1413634501332174889,Kitchen,Kitchen and dining
1413634501332174889,Microwave,Kitchen and dining
1413634501332174889,Cooking basics,Kitchen and dining
1413634501332174889,Dishes and silverware,Kitchen and dining
1413634501332174889,Mini fridge,Kitchen and dining
1413634501332174889,Stainless steel gas stove,Kitchen and dining
1413634501332174889,Stainless steel single oven,Kitchen and dining
1413634501332174889,Hot water kettle,Kitchen and dining
1413634501332174889,Coffee maker: french press,Kitchen and dining
1413634501332174889,Baking sheet,Kitchen and dining
1413634501332174889,Blender,Kitchen and dining
1413634501332174889,Dining table,Kitchen and dining
1413634501332174889,Coffee,Kitchen and dining
1413634501332174889,Private entrance,Location features
1413634501332174889,Laundromat nearby,Location features
1413634501332174889,Paid parking on premises,Parking and facilities
1413634501332174889,Luggage dropoff allowed,Services
1413634501332174889,Self check-in,Services
1413634501332174889,Keypad,Services
1413634501332174889,Washer,Not included
1413634501332174889,Dryer,Not included
1413634501332174889,Essentials,Not included
6972777,Courtyard view,Scenic views
6972777,Hair dryer,Bathroom
6972777,Cleaning products,Bathroom
6972777,Shampoo,Bathroom
6972777,Organic conditioner,Bathroom
6972777,Hot water,Bathroom
6972777,Shower gel,Bathroom
6972777,Essentials,Bedroom and laundry
6972777,Hangers,Bedroom and laundry
6972777,Bed linens,Bedroom and laundry
6972777,Extra pillows and blankets,Bedroom and laundry
6972777,Room-darkening shades,Bedroom and laundry
6972777,Iron,Bedroom and laundry
6972777,Clothing storage: closet and dresser,Bedroom and laundry
6972777,"29 inch TV with Netflix, Amazon Prime Video, Apple TV, Chromecast, Hulu",Entertainment
6972777,Books and reading material,Entertainment
6972777,Air conditioning,Heating and cooling
6972777,Heating,Heating and cooling
6972777,Exterior security cameras on property,Home safety
6972777,Smoke alarm,Home safety
6972777,Carbon monoxide alarm,Home safety
6972777,Fire extinguisher,Home safety
6972777,First aid kit,Home safety
6972777,Wifi,Internet and office
6972777,Dedicated workspace,Internet and office
6972777,Microwave,Kitchen and dining
6972777,Cooking basics,Kitchen and dining
6972777,Dishes and silverware,Kitchen and dining
6972777,Mini fridge,Kitchen and dining
6972777,Coffee maker: Keurig coffee machine,Kitchen and dining
6972777,Wine glasses,Kitchen and dining
6972777,Kitchenette,Kitchen and dining
6972777,Dining table,Kitchen and dining
6972777,Private entrance,Location features
6972777,Laundromat nearby,Location features
6972777,Private patio or balcony,Outdoor
6972777,Private backyard – Fully fenced,Outdoor
6972777,Outdoor furniture,Outdoor
6972777,Outdoor dining area,Outdoor
6972777,Free parking on premises,Parking and facilities
6972777,Free street parking,Parking and facilities
6972777,Single level home,Parking and facilities
6972777,Long term stays allowed,Services
6972777,Self check-in,Services
6972777,Keypad,Services
6972777,Kitchen,Not included
6972777,Washer,Not included
6972777,Dryer,Not included
1542742764891211372,Hair dryer,Bathroom
1542742764891211372,Shampoo,Bathroom
1542742764891211372,Conditioner,Bathroom
1542742764891211372,Hot water,Bathroom
1542742764891211372,Shower gel,Bathroom
1542742764891211372,Essentials,Bedroom and laundry
1542742764891211372,Bed linens,Bedroom and laundry
1542742764891211372,Room-darkening shades,Bedroom and laundry
1542742764891211372,TV,Entertainment
1542742764891211372,Crib,Family
1542742764891211372,Air conditioning,Heating and cooling
1542742764891211372,Heating,Heating and cooling
1542742764891211372,Smoke alarm,Home safety
1542742764891211372,Carbon monoxide alarm,Home safety
1542742764891211372,Wifi,Internet and office
1542742764891211372,Dedicated workspace,Internet and office
1542742764891211372,Gym,Parking and facilities
1542742764891211372,Paid parking on premises,Parking and facilities
1542742764891211372,Luggage dropoff allowed,Services
1542742764891211372,Self check-in,Services
1542742764891211372,Building staff,Services
1542742764891211372,Kitchen,Not included
1542742764891211372,Washer,Not included
1542742764891211372,Private entrance,Not included
46068347,Mountain view,Scenic views
46068347,Bathtub,Bathroom
46068347,Hair dryer,Bathroom
46068347,Cleaning products,Bathroom
46068347,Shampoo,Bathroom
46068347,Conditioner,Bathroom
46068347,Body soap,Bathroom
46068347,Hot water,Bathroom
46068347,Shower gel,Bathroom
46068347,Washer,Bedroom and laundry
46068347,Dryer,Bedroom and laundry
46068347,Hangers,Bedroom and laundry
46068347,Bed linens,Bedroom and laundry
46068347,Extra pillows and blankets,Bedroom and laundry
46068347,Room-darkening shades,Bedroom and laundry
46068347,Iron,Bedroom and laundry
46068347,Drying rack for clothing,Bedroom and laundry
46068347,Clothing storage: closet,Bedroom and laundry
46068347,TV,Entertainment
46068347,Paid pack ’n play/travel crib - available upon request,Family
46068347,Fireplace guards,Family
46068347,Air conditioning,Heating and cooling
46068347,Indoor fireplace,Heating and cooling
46068347,Portable fans,Heating and cooling
46068347,Heating,Heating and cooling
46068347,Exterior security cameras on property,Home safety
46068347,Smoke alarm,Home safety
46068347,Carbon monoxide alarm,Home safety
46068347,Fire extinguisher,Home safety
46068347,First aid kit,Home safety
46068347,Wifi,Internet and office
46068347,Dedicated workspace,Internet and office
46068347,Kitchen,Kitchen and dining
46068347,Refrigerator,Kitchen and dining
46068347,Microwave,Kitchen and dining
46068347,Cooking basics,Kitchen and dining
46068347,Dishes and silverware,Kitchen and dining
46068347,Stove,Kitchen and dining
46068347,Oven,Kitchen and dining
46068347,Hot water kettle,Kitchen and dining
46068347,Coffee maker: Keurig coffee machine,Kitchen and dining
46068347,Wine glasses,Kitchen and dining
46068347,Toaster,Kitchen and dining
46068347,Baking sheet,Kitchen and dining
46068347,Dining table,Kitchen and dining
46068347,Private entrance,Location features
46068347,Laundromat nearby,Location features
46068347,Patio or balcony,Outdoor
46068347,Backyard,Outdoor
46068347,Outdoor furniture,Outdoor
46068347,Outdoor dining area,Outdoor
46068347,Sun loungers,Outdoor
46068347,Free parking on premises,Parking and facilities
46068347,Free street parking,Parking and facilities
46068347,Pets allowed,Services
46068347,Long term stays allowed,Services
46068347,Self check-in,Services
46068347,Smart lock,Services
46068347,Housekeeping - available at extra cost,Services
46068347,Essentials,Not included
15067291,Bathtub,Bathroom
15067291,Hair dryer,Bathroom
15067291,Shampoo,Bathroom
15067291,Conditioner,Bathroom
15067291,Body soap,Bathroom
15067291,Hot water,Bathroom
15067291,Shower gel,Bathroom
15067291,Essentials,Bedroom and laundry
15067291,Hangers,Bedroom and laundry
15067291,Bed linens,Bedroom and laundry
15067291,Room-darkening shades,Bedroom and laundry
15067291,Iron,Bedroom and laundry
15067291,Clothing storage: closet and dresser,Bedroom and laundry
15067291,Piano,Entertainment
15067291,Books and reading material,Entertainment
15067291,Window AC unit,Heating and cooling
15067291,Central heating,Heating and cooling
15067291,Radiant heating,Heating and cooling
15067291,Lock on bedroom door,Privacy and safety
15067291,Smoke alarm,Privacy and safety
15067291,Carbon monoxide alarm,Privacy and safety
15067291,Fast wifi – 330 Mbps,Internet and office
15067291,Dedicated workspace,Internet and office
15067291,Kitchen,Kitchen and dining
15067291,Refrigerator,Kitchen and dining
15067291,Microwave,Kitchen and dining
15067291,Cooking basics,Kitchen and dining
15067291,Dishes and silverware,Kitchen and dining
15067291,Mini fridge,Kitchen and dining
15067291,Dining table,Kitchen and dining
15067291,Laundromat nearby,Location features
15067291,Bikes,Outdoor
15067291,Free street parking,Parking and facilities
15067291,Paid parking off premises,Parking and facilities
15067291,Single level home,Parking and facilities
15067291,Luggage dropoff allowed,Services
15067291,Host greets you,Services
15067291,Exterior security cameras on property,Not included
15067291,TV,Not included
15067291,Washer,Not included
15067291,Dryer,Not included
572530913771194520,Hair dryer,Bathroom
572530913771194520,Cleaning products,Bathroom
572530913771194520,Shampoo,Bathroom
572530913771194520,Conditioner,Bathroom
572530913771194520,Body soap,Bathroom
572530913771194520,Hot water,Bathroom
572530913771194520,Shower gel,Bathroom
572530913771194520,Essentials,Bedroom and laundry
572530913771194520,Hangers,Bedroom and laundry
572530913771194520,Bed linens,Bedroom and laundry
572530913771194520,Extra pillows and blankets,Bedroom and laundry
572530913771194520,Room-darkening shades,Bedroom and laundry
572530913771194520,Iron,Bedroom and laundry
572530913771194520,Mosquito net,Bedroom and laundry
572530913771194520,Clothing storage,Bedroom and laundry
572530913771194520,"32 inch HDTV with Hulu, Apple TV, Netflix, Amazon Prime Video",Entertainment
572530913771194520,Bluetooth sound system,Entertainment
572530913771194520,Books and reading material,Entertainment
572530913771194520,Crib,Family
572530913771194520,Pack ’n play/Travel crib - available upon request,Family
572530913771194520,"Children’s books and toys for ages 0-2 years old, 2-5 years old, and 5-10 years old",Family
572530913771194520,High chair,Family
572530913771194520,Baby monitor,Family
572530913771194520,Fireplace guards,Family
572530913771194520,Board games,Family
572530913771194520,Babysitter recommendations,Family
572530913771194520,Children’s bikes,Family
572530913771194520,Window AC unit,Heating and cooling
572530913771194520,Indoor fireplace: electric,Heating and cooling
572530913771194520,Central heating,Heating and cooling
572530913771194520,Radiant heating,Heating and cooling
572530913771194520,Smoke alarm,Home safety
572530913771194520,Carbon monoxide alarm,Home safety
572530913771194520,First aid kit,Home safety
572530913771194520,Wifi,Internet and office
572530913771194520,Dedicated workspace,Internet and office
572530913771194520,Kitchen,Kitchen and dining
572530913771194520,Microwave,Kitchen and dining
572530913771194520,Cooking basics,Kitchen and dining
572530913771194520,Dishes and silverware,Kitchen and dining
572530913771194520,Mini fridge,Kitchen and dining
572530913771194520,Freezer,Kitchen and dining
572530913771194520,Electric stove,Kitchen and dining
572530913771194520,Hot water kettle,Kitchen and dining
572530913771194520,"Coffee maker: french press, pour-over coffee",Kitchen and dining
572530913771194520,Wine glasses,Kitchen and dining
572530913771194520,Toaster,Kitchen and dining
572530913771194520,Coffee,Kitchen and dining
572530913771194520,Laundromat nearby,Location features
572530913771194520,Private patio or balcony,Outdoor
572530913771194520,Outdoor furniture,Outdoor
572530913771194520,Outdoor dining area,Outdoor
572530913771194520,Bikes,Outdoor
572530913771194520,Free street parking,Parking and facilities
572530913771194520,EV charger,Parking and facilities
572530913771194520,Single level home,Parking and facilities
572530913771194520,Pets allowed,Services
572530913771194520,Luggage dropoff allowed,Services
572530913771194520,Self check-in,Services
572530913771194520,Keypad,Services
572530913771194520,Exterior security cameras on property,Not included
572530913771194520,Washer,Not included
572530913771194520,Dryer,Not included
395221,Garden view,Scenic views
395221,Hair dryer,Bathroom
395221,Cleaning products,Bathroom
395221,Shampoo,Bathroom
395221,Conditioner,Bathroom
395221,Body soap,Bathroom
395221,Hot water,Bathroom
395221,Shower gel,Bathroom
395221,Washer,Bedroom and laundry
395221,Dryer,Bedroom and laundry
395221,Essentials,Bedroom and laundry
395221,Hangers,Bedroom and laundry
395221,Bed linens,Bedroom and laundry
395221,Extra pillows and blankets,Bedroom and laundry
395221,Iron,Bedroom and laundry
395221,Clothing storage,Bedroom and laundry
395221,Ethernet connection,Entertainment
395221,TV with standard cable,Entertainment
395221,Pack ’n play/Travel crib,Family
395221,Air conditioning,Heating and cooling
395221,Heating,Heating and cooling
395221,Smoke alarm,Home safety
395221,Carbon monoxide alarm,Home safety
395221,Wifi,Internet and office
395221,Dedicated workspace,Internet and office
395221,Kitchen,Kitchen and dining
395221,Refrigerator,Kitchen and dining
395221,Microwave,Kitchen and dining
395221,Cooking basics,Kitchen and dining
395221,Dishes and silverware,Kitchen and dining
395221,Freezer,Kitchen and dining
395221,Stove,Kitchen and dining
395221,Oven,Kitchen and dining
395221,Hot water kettle,Kitchen and dining
395221,Coffee maker,Kitchen and dining
395221,Toaster,Kitchen and dining
395221,Baking sheet,Kitchen and dining
395221,Barbecue utensils,Kitchen and dining
395221,Dining table,Kitchen and dining
395221,Coffee,Kitchen and dining
395221,Private patio or balcony,Outdoor
395221,Backyard,Outdoor
395221,Free driveway parking on premises – 1 space,Parking and facilities
395221,Free street parking,Parking and facilities
395221,"Shared outdoor pool - available seasonally, open specific hours, pool cover, saltwater",Parking and facilities
395221,EV charger,Parking and facilities
395221,Single level home,Parking and facilities
395221,Luggage dropoff allowed,Services
395221,Long term stays allowed,Services
395221,Host greets you,Services
1501711636062713449,Bathtub,Bathroom
1501711636062713449,Hair dryer,Bathroom
1501711636062713449,Shampoo,Bathroom
1501711636062713449,Conditioner,Bathroom
1501711636062713449,Body soap,Bathroom
1501711636062713449,Bidet,Bathroom
1501711636062713449,Hot water,Bathroom
1501711636062713449,Shower gel,Bathroom
1501711636062713449,TV,Entertainment
1501711636062713449,Exercise equipment,Entertainment
1501711636062713449,Smoke alarm,Home safety
1501711636062713449,Carbon monoxide alarm,Home safety
1501711636062713449,Wifi,Internet and office
1501711636062713449,Dedicated workspace,Internet and office
1501711636062713449,Kitchen,Kitchen and dining
1501711636062713449,Outdoor dining area,Outdoor
1501711636062713449,Free parking on premises,Parking and facilities
1501711636062713449,Pets allowed,Services
1501711636062713449,Self check-in,Services
1501711636062713449,Keypad,Services
1501711636062713449,Exterior security cameras on property,Not included
1501711636062713449,Washer,Not included
1501711636062713449,Dryer,Not included
1501711636062713449,Air conditioning,Not included
1501711636062713449,Essentials,Not included
1501711636062713449,Heating,Not included
712461884299712808,Bathtub,Bathroom
712461884299712808,Hair dryer,Bathroom
712461884299712808,Cleaning products,Bathroom
712461884299712808,Shampoo,Bathroom
712461884299712808,Conditioner,Bathroom
712461884299712808,Body soap,Bathroom
712461884299712808,Bidet,Bathroom
712461884299712808,Hot water,Bathroom
712461884299712808,Shower gel,Bathroom
712461884299712808,Paid washer – In building,Bedroom and laundry
712461884299712808,Paid dryer – In building,Bedroom and laundry
712461884299712808,Essentials,Bedroom and laundry
712461884299712808,Hangers,Bedroom and laundry
712461884299712808,Room-darkening shades,Bedroom and laundry
712461884299712808,Safe,Bedroom and laundry
712461884299712808,TV,Entertainment
712461884299712808,Arcade games,Entertainment
712461884299712808,Central air conditioning,Heating and cooling
712461884299712808,Central heating,Heating and cooling
712461884299712808,Smoke alarm,Home safety
712461884299712808,Carbon monoxide alarm,Home safety
712461884299712808,First aid kit,Home safety
712461884299712808,Wifi,Internet and office
712461884299712808,Dedicated workspace,Internet and office
712461884299712808,Kitchen,Kitchen and dining
712461884299712808,Refrigerator,Kitchen and dining
712461884299712808,Microwave,Kitchen and dining
712461884299712808,Cooking basics,Kitchen and dining
712461884299712808,Dishes and silverware,Kitchen and dining
29628,Toaster,Kitchen and dining
712461884299712808,Freezer,Kitchen and dining
712461884299712808,Dishwasher,Kitchen and dining
712461884299712808,Stove,Kitchen and dining
712461884299712808,Oven,Kitchen and dining
712461884299712808,Hot water kettle,Kitchen and dining
712461884299712808,Coffee maker,Kitchen and dining
712461884299712808,Wine glasses,Kitchen and dining
712461884299712808,Baking sheet,Kitchen and dining
712461884299712808,Blender,Kitchen and dining
712461884299712808,Trash compactor,Kitchen and dining
712461884299712808,Barbecue utensils,Kitchen and dining
712461884299712808,Dining table,Kitchen and dining
712461884299712808,Coffee,Kitchen and dining
712461884299712808,Free parking on premises,Parking and facilities
712461884299712808,Pool,Parking and facilities
712461884299712808,Long term stays allowed,Services
712461884299712808,Lock on bedroom door,Privacy and safety
712461884299712808,Exterior security cameras on property,Privacy and safety
1304825665869200675,Bathtub,Bathroom
1304825665869200675,Hair dryer,Bathroom
1304825665869200675,Cleaning products,Bathroom
1304825665869200675,Shampoo,Bathroom
1304825665869200675,Conditioner,Bathroom
1304825665869200675,Body soap,Bathroom
1304825665869200675,Bidet,Bathroom
1304825665869200675,Hot water,Bathroom
1304825665869200675,Shower gel,Bathroom
1304825665869200675,Hangers,Bedroom and laundry
1304825665869200675,Bed linens,Bedroom and laundry
1304825665869200675,Drying rack for clothing,Bedroom and laundry
1304825665869200675,Clothing storage: closet,Bedroom and laundry
1304825665869200675,TV,Entertainment
1304825665869200675,Air conditioning,Heating and cooling
1304825665869200675,Indoor fireplace,Heating and cooling
1304825665869200675,Heating,Heating and cooling
1304825665869200675,Lock on bedroom door,Privacy and safety
1304825665869200675,Smoke alarm,Privacy and safety
1304825665869200675,Fire extinguisher,Privacy and safety
1304825665869200675,Wifi,Internet and office
1304825665869200675,Kitchen,Kitchen and dining
1304825665869200675,Refrigerator,Kitchen and dining
1304825665869200675,Microwave,Kitchen and dining
1304825665869200675,Cooking basics,Kitchen and dining
1304825665869200675,Dishes and silverware,Kitchen and dining
1304825665869200675,Freezer,Kitchen and dining
1304825665869200675,Stove,Kitchen and dining
1304825665869200675,Oven,Kitchen and dining
1304825665869200675,Hot water kettle,Kitchen and dining
1304825665869200675,Coffee maker,Kitchen and dining
1304825665869200675,Wine glasses,Kitchen and dining
1304825665869200675,Dining table,Kitchen and dining
1304825665869200675,Coffee,Kitchen and dining
1304825665869200675,Private entrance,Location features
1304825665869200675,Laundromat nearby,Location features
1304825665869200675,Luggage dropoff allowed,Services
1304825665869200675,Exterior security cameras on property,Not included
1304825665869200675,Washer,Not included
1304825665869200675,Dryer,Not included
1304825665869200675,Essentials,Not included
1304825665869200675,Carbon monoxide alarm,Not included
29628,Bathtub,Bathroom
29628,Hair dryer,Bathroom
29628,Cleaning products,Bathroom
29628,Shampoo,Bathroom
29628,Body soap,Bathroom
29628,Hot water,Bathroom
29628,Shower gel,Bathroom
29628,Paid washer – In building,Bedroom and laundry
29628,Paid dryer – In building,Bedroom and laundry
29628,Essentials,Bedroom and laundry
29628,Hangers,Bedroom and laundry
29628,Bed linens,Bedroom and laundry
29628,Extra pillows and blankets,Bedroom and laundry
29628,Room-darkening shades,Bedroom and laundry
29628,Iron,Bedroom and laundry
29628,Clothing storage: closet and dresser,Bedroom and laundry
29628,"48 inch HDTV with Apple TV, Netflix, HBO Max",Entertainment
29628,Books and reading material,Entertainment
29628,Board games,Family
29628,Air conditioning,Heating and cooling
29628,Portable fans,Heating and cooling
29628,Heating,Heating and cooling
29628,Lock on bedroom door,Privacy and safety
29628,Smoke alarm,Privacy and safety
29628,Carbon monoxide alarm,Privacy and safety
29628,Fire extinguisher,Privacy and safety
29628,Fast wifi – 62 Mbps,Internet and office
29628,Dedicated workspace,Internet and office
29628,Kitchen,Kitchen and dining
29628,Refrigerator,Kitchen and dining
29628,Microwave,Kitchen and dining
29628,Cooking basics,Kitchen and dining
29628,Dishes and silverware,Kitchen and dining
29628,Freezer,Kitchen and dining
29628,Dishwasher,Kitchen and dining
29628,Stove,Kitchen and dining
29628,Oven,Kitchen and dining
29628,Hot water kettle,Kitchen and dining
29628,Coffee maker,Kitchen and dining
29628,Wine glasses,Kitchen and dining
29628,Baking sheet,Kitchen and dining
29628,Blender,Kitchen and dining
29628,Rice maker,Kitchen and dining
29628,Dining table,Kitchen and dining
29628,Coffee,Kitchen and dining
29628,Laundromat nearby,Location features
29628,Free street parking,Parking and facilities
29628,Elevator,Parking and facilities
29628,Paid parking off premises,Parking and facilities
29628,Single level home,Parking and facilities
29628,Luggage dropoff allowed,Services
29628,Long term stays allowed,Services
29628,Host greets you,Services
1092280833430415586,Bathtub,Bathroom
1092280833430415586,Hair dryer,Bathroom
1092280833430415586,Cleaning products,Bathroom
1092280833430415586,Shampoo,Bathroom
1092280833430415586,Conditioner,Bathroom
1092280833430415586,Body soap,Bathroom
1092280833430415586,Hot water,Bathroom
1092280833430415586,Shower gel,Bathroom
1092280833430415586,Essentials,Bedroom and laundry
1092280833430415586,Hangers,Bedroom and laundry
1092280833430415586,Bed linens,Bedroom and laundry
1092280833430415586,Extra pillows and blankets,Bedroom and laundry
1092280833430415586,Room-darkening shades,Bedroom and laundry
1092280833430415586,Iron,Bedroom and laundry
1092280833430415586,Mosquito net,Bedroom and laundry
1092280833430415586,TV,Entertainment
1092280833430415586,Piano,Entertainment
1092280833430415586,Air conditioning,Heating and cooling
1092280833430415586,Central heating,Heating and cooling
1092280833430415586,Lock on bedroom door,Privacy and safety
1092280833430415586,Smoke alarm,Privacy and safety
1092280833430415586,Carbon monoxide alarm,Privacy and safety
1092280833430415586,First aid kit,Privacy and safety
1092280833430415586,Wifi,Internet and office
1092280833430415586,Dedicated workspace,Internet and office
1092280833430415586,Kitchen,Kitchen and dining
1092280833430415586,Refrigerator,Kitchen and dining
1092280833430415586,Microwave,Kitchen and dining
1092280833430415586,Dishes and silverware,Kitchen and dining
1092280833430415586,Freezer,Kitchen and dining
1092280833430415586,Air Fryer oven oven,Kitchen and dining
1092280833430415586,Hot water kettle,Kitchen and dining
1092280833430415586,Dining table,Kitchen and dining
1092280833430415586,Laundromat nearby,Location features
1092280833430415586,Paid parking off premises,Parking and facilities
1092280833430415586,Exterior security cameras on property,Not included
1092280833430415586,Washer,Not included
1092280833430415586,Dryer,Not included
1554390926018437557,Hair dryer,Bathroom
1554390926018437557,Shampoo,Bathroom
1554390926018437557,Body soap,Bathroom
1554390926018437557,Hot water,Bathroom
1554390926018437557,Essentials,Bedroom and laundry
1554390926018437557,Iron,Bedroom and laundry
1554390926018437557,TV,Entertainment
1554390926018437557,Heating,Heating and cooling
1554390926018437557,Smoke alarm,Home safety
1554390926018437557,Carbon monoxide alarm,Home safety
1554390926018437557,Wifi,Internet and office
1554390926018437557,Dedicated workspace,Internet and office
1554390926018437557,Microwave,Kitchen and dining
1554390926018437557,Mini fridge,Kitchen and dining
1554390926018437557,Private entrance,Location features
1554390926018437557,Laundromat nearby,Location features
1554390926018437557,Elevator,Parking and facilities
1554390926018437557,Shared gym in building,Parking and facilities
1554390926018437557,Paid parking off premises,Parking and facilities
1554390926018437557,Pets allowed,Services
1554390926018437557,Self check-in,Services
1554390926018437557,Smart lock,Services
1554390926018437557,Cleaning available during stay,Services
1554390926018437557,Exterior security cameras on property,Not included
1554390926018437557,Kitchen,Not included
1554390926018437557,Washer,Not included
1554390926018437557,Air conditioning,Not included
1443890617110255424,Bathtub,Bathroom
1443890617110255424,Hair dryer,Bathroom
1443890617110255424,Cleaning products,Bathroom
1443890617110255424,Shampoo,Bathroom
1443890617110255424,Conditioner,Bathroom
1443890617110255424,Body soap,Bathroom
1443890617110255424,Hot water,Bathroom
1443890617110255424,Shower gel,Bathroom
1443890617110255424,Washer,Bedroom and laundry
1443890617110255424,Dryer,Bedroom and laundry
1443890617110255424,Essentials,Bedroom and laundry
1443890617110255424,Hangers,Bedroom and laundry
1443890617110255424,Bed linens,Bedroom and laundry
1443890617110255424,Extra pillows and blankets,Bedroom and laundry
1443890617110255424,Room-darkening shades,Bedroom and laundry
1443890617110255424,Iron,Bedroom and laundry
1443890617110255424,Clothing storage,Bedroom and laundry
1443890617110255424,TV,Entertainment
1443890617110255424,Books and reading material,Entertainment
1443890617110255424,Portable fans,Heating and cooling
1443890617110255424,Heating,Heating and cooling
1443890617110255424,Smoke alarm,Home safety
1443890617110255424,Carbon monoxide alarm,Home safety
1443890617110255424,Fire extinguisher,Home safety
1443890617110255424,First aid kit,Home safety
1443890617110255424,Wifi,Internet and office
1443890617110255424,Dedicated workspace,Internet and office
1443890617110255424,Kitchen,Kitchen and dining
1443890617110255424,Refrigerator,Kitchen and dining
1443890617110255424,Microwave,Kitchen and dining
1443890617110255424,Cooking basics,Kitchen and dining
1443890617110255424,Dishes and silverware,Kitchen and dining
1443890617110255424,Freezer,Kitchen and dining
1443890617110255424,Stove,Kitchen and dining
1443890617110255424,Oven,Kitchen and dining
1443890617110255424,Hot water kettle,Kitchen and dining
1443890617110255424,Coffee maker: Keurig coffee machine,Kitchen and dining
1443890617110255424,Wine glasses,Kitchen and dining
1443890617110255424,Toaster,Kitchen and dining
1443890617110255424,Baking sheet,Kitchen and dining
1443890617110255424,Blender,Kitchen and dining
1443890617110255424,Trash compactor,Kitchen and dining
1443890617110255424,Dining table,Kitchen and dining
1443890617110255424,Coffee,Kitchen and dining
1443890617110255424,Beach access,Location features
1443890617110255424,Laundromat nearby,Location features
1443890617110255424,Elevator,Parking and facilities
1443890617110255424,Gym,Parking and facilities
1443890617110255424,Paid street parking off premises,Parking and facilities
1443890617110255424,Paid parking on premises,Parking and facilities
1443890617110255424,Luggage dropoff allowed,Services
1443890617110255424,Long term stays allowed,Services
1443890617110255424,Self check-in,Services
1443890617110255424,Lockbox,Services
1443890617110255424,Cleaning available during stay,Services
1443890617110255424,Exterior security cameras on property,Not included
1443890617110255424,Air conditioning,Not included
1443890617110255424,Private entrance,Not included
4331882,Bathtub,Bathroom
4331882,Hot water,Bathroom
4331882,Essentials,Bedroom and laundry
4331882,Hangers,Bedroom and laundry
4331882,Bed linens,Bedroom and laundry
4331882,Extra pillows and blankets,Bedroom and laundry
4331882,TV with standard cable,Entertainment
4331882,Air conditioning,Heating and cooling
4331882,Heating,Heating and cooling
4331882,Smoke alarm,Home safety
4331882,Carbon monoxide alarm,Home safety
4331882,Wifi,Internet and office
4331882,Kitchen,Kitchen and dining
4331882,Refrigerator,Kitchen and dining
4331882,Microwave,Kitchen and dining
4331882,Cooking basics,Kitchen and dining
4331882,Dishes and silverware,Kitchen and dining
4331882,Coffee maker,Kitchen and dining
4331882,Private entrance,Location features
4331882,Patio or balcony,Outdoor
4331882,Backyard,Outdoor
4331882,Free street parking,Parking and facilities
4331882,Shared pool,Parking and facilities
4331882,Single level home,Parking and facilities
4331882,Luggage dropoff allowed,Services
4331882,Long term stays allowed,Services
4331882,Exterior security cameras on property,Not included
4331882,Washer,Not included
4331882,Dryer,Not included
2267177,Hair dryer,Bathroom
2267177,Shampoo,Bathroom
2267177,Hot water,Bathroom
2267177,Dryer,Bedroom and laundry
2267177,Essentials,Bedroom and laundry
2267177,Hangers,Bedroom and laundry
2267177,Bed linens,Bedroom and laundry
2267177,Extra pillows and blankets,Bedroom and laundry
2267177,Iron,Bedroom and laundry
2267177,TV,Entertainment
2267177,Air conditioning,Heating and cooling
2267177,Heating,Heating and cooling
2267177,Smoke alarm,Home safety
2267177,Carbon monoxide alarm,Home safety
2267177,Fire extinguisher,Home safety
2267177,Wifi,Internet and office
2267177,Kitchen,Kitchen and dining
2267177,Refrigerator,Kitchen and dining
2267177,Cooking basics,Kitchen and dining
2267177,Dishes and silverware,Kitchen and dining
2267177,Stove,Kitchen and dining
2267177,Oven,Kitchen and dining
2267177,Coffee maker,Kitchen and dining
2267177,Baking sheet,Kitchen and dining
2267177,Barbecue utensils,Kitchen and dining
2267177,Patio or balcony,Outdoor
2267177,Backyard,Outdoor
2267177,Outdoor furniture,Outdoor
2267177,Outdoor dining area,Outdoor
2267177,BBQ grill,Outdoor
2267177,Free street parking,Parking and facilities
2267177,Luggage dropoff allowed,Services
2267177,Lock on bedroom door,Privacy and safety
2267177,Washer,Privacy and safety
886856156430249385,Hair dryer,Bathroom
886856156430249385,Shampoo,Bathroom
886856156430249385,Body soap,Bathroom
886856156430249385,Essentials,Bedroom and laundry
886856156430249385,Hangers,Bedroom and laundry
886856156430249385,Bed linens,Bedroom and laundry
886856156430249385,Iron,Bedroom and laundry
886856156430249385,Safe,Bedroom and laundry
886856156430249385,TV with standard cable,Entertainment
886856156430249385,Air conditioning,Heating and cooling
886856156430249385,Heating,Heating and cooling
886856156430249385,Smoke alarm,Home safety
886856156430249385,Carbon monoxide alarm,Home safety
886856156430249385,Wifi,Internet and office
886856156430249385,Private entrance,Location features
886856156430249385,Elevator,Parking and facilities
886856156430249385,Gym,Parking and facilities
886856156430249385,Paid parking off premises,Parking and facilities
886856156430249385,Pets allowed,Services
886856156430249385,Host greets you,Services
886856156430249385,Kitchen,Not included
886856156430249385,Washer,Not included
1388789584336850981,Bathtub,Bathroom
1388789584336850981,Hair dryer,Bathroom
1388789584336850981,Cleaning products,Bathroom
1388789584336850981,Shampoo,Bathroom
1388789584336850981,Body soap,Bathroom
1388789584336850981,Hot water,Bathroom
1388789584336850981,Shower gel,Bathroom
1388789584336850981,Essentials,Bedroom and laundry
1388789584336850981,Hangers,Bedroom and laundry
1388789584336850981,Bed linens,Bedroom and laundry
1388789584336850981,Extra pillows and blankets,Bedroom and laundry
1388789584336850981,Room-darkening shades,Bedroom and laundry
1388789584336850981,Iron,Bedroom and laundry
1388789584336850981,TV,Entertainment
1388789584336850981,Air conditioning,Heating and cooling
1388789584336850981,Ceiling fan,Heating and cooling
1388789584336850981,Central heating,Heating and cooling
1388789584336850981,Exterior security cameras on property,Home safety
1388789584336850981,Smoke alarm,Home safety
1388789584336850981,Carbon monoxide alarm,Home safety
1388789584336850981,Fire extinguisher,Home safety
1388789584336850981,First aid kit,Home safety
1388789584336850981,Wifi,Internet and office
1388789584336850981,Dedicated workspace,Internet and office
1388789584336850981,Cooking basics,Kitchen and dining
1388789584336850981,Dishes and silverware,Kitchen and dining
1388789584336850981,Freezer,Kitchen and dining
1388789584336850981,Dishwasher,Kitchen and dining
1388789584336850981,Hot water kettle,Kitchen and dining
1388789584336850981,Coffee maker: Keurig coffee machine,Kitchen and dining
1388789584336850981,Wine glasses,Kitchen and dining
1388789584336850981,Baking sheet,Kitchen and dining
1388789584336850981,Trash compactor,Kitchen and dining
1388789584336850981,Coffee,Kitchen and dining
1388789584336850981,Private entrance,Location features
1388789584336850981,Laundromat nearby,Location features
1388789584336850981,Paid parking on premises,Parking and facilities
1388789584336850981,Luggage dropoff allowed,Services
1388789584336850981,Self check-in,Services
1388789584336850981,Keypad,Services
1388789584336850981,Housekeeping available every day,Services
1388789584336850981,Kitchen,Not included
1388789584336850981,Washer,Not included
1388789584336850981,Dryer,Not included
1210454298134395825,Bathtub,Bathroom
1210454298134395825,Hair dryer,Bathroom
1210454298134395825,Hot water,Bathroom
1210454298134395825,Bed linens,Bedroom and laundry
1210454298134395825,Iron,Bedroom and laundry
1210454298134395825,Crib - available upon request,Family
1210454298134395825,Window guards,Family
1210454298134395825,Air conditioning,Heating and cooling
1210454298134395825,Central heating,Heating and cooling
1210454298134395825,Lock on bedroom door,Privacy and safety
1210454298134395825,Exterior security cameras on property,Privacy and safety
1210454298134395825,Smoke alarm,Privacy and safety
1210454298134395825,Carbon monoxide alarm,Privacy and safety
1210454298134395825,Fire extinguisher,Privacy and safety
1210454298134395825,First aid kit,Privacy and safety
1210454298134395825,Wifi,Internet and office
1210454298134395825,Dedicated workspace,Internet and office
1210454298134395825,Refrigerator,Kitchen and dining
1210454298134395825,Microwave,Kitchen and dining
1210454298134395825,Trash compactor,Kitchen and dining
1210454298134395825,Waterfront,Location features
1210454298134395825,Laundromat nearby,Location features
1210454298134395825,Paid parking off premises,Parking and facilities
1210454298134395825,Self check-in,Services
1210454298134395825,Smart lock,Services
1210454298134395825,Kitchen,Not included
1210454298134395825,TV,Not included
1210454298134395825,Washer,Not included
1210454298134395825,Essentials,Not included
1210454298134395825,Shampoo,Not included
1210454298134395825,Private entrance,Not included
4968633,Blender,Kitchen and dining
1424258376308234858,Shampoo,Bathroom
1424258376308234858,Conditioner,Bathroom
1424258376308234858,Body soap,Bathroom
1424258376308234858,Hot water,Bathroom
1424258376308234858,Washer,Bedroom and laundry
1424258376308234858,Dryer,Bedroom and laundry
1424258376308234858,Hangers,Bedroom and laundry
1424258376308234858,Iron,Bedroom and laundry
1424258376308234858,TV,Entertainment
1424258376308234858,Exercise equipment,Entertainment
1424258376308234858,Air conditioning,Heating and cooling
1424258376308234858,Heating,Heating and cooling
1424258376308234858,Smoke alarm,Home safety
1424258376308234858,Carbon monoxide alarm,Home safety
1424258376308234858,Fire extinguisher,Home safety
1424258376308234858,Wifi,Internet and office
1424258376308234858,Dedicated workspace,Internet and office
1424258376308234858,Kitchen,Kitchen and dining
1424258376308234858,Refrigerator,Kitchen and dining
1424258376308234858,Microwave,Kitchen and dining
1424258376308234858,Cooking basics,Kitchen and dining
1424258376308234858,Dishes and silverware,Kitchen and dining
1424258376308234858,Freezer,Kitchen and dining
1424258376308234858,Dishwasher,Kitchen and dining
1424258376308234858,Stove,Kitchen and dining
1424258376308234858,Coffee maker,Kitchen and dining
1424258376308234858,Wine glasses,Kitchen and dining
1424258376308234858,Toaster,Kitchen and dining
1424258376308234858,Trash compactor,Kitchen and dining
1424258376308234858,Dining table,Kitchen and dining
1424258376308234858,Coffee,Kitchen and dining
1424258376308234858,Private patio or balcony,Outdoor
1424258376308234858,Outdoor dining area,Outdoor
1424258376308234858,BBQ grill,Outdoor
1424258376308234858,Elevator,Parking and facilities
1424258376308234858,Gym,Parking and facilities
1424258376308234858,Paid parking on premises,Parking and facilities
1424258376308234858,Long term stays allowed,Services
1424258376308234858,Self check-in,Services
1424258376308234858,Keypad,Services
1424258376308234858,Exterior security cameras on property,Not included
1424258376308234858,Essentials,Not included
738808066933887303,Bathtub,Bathroom
738808066933887303,Hair dryer,Bathroom
738808066933887303,Cleaning products,Bathroom
738808066933887303,Shampoo,Bathroom
738808066933887303,Conditioner,Bathroom
738808066933887303,Body soap,Bathroom
738808066933887303,Hot water,Bathroom
738808066933887303,Shower gel,Bathroom
738808066933887303,Essentials,Bedroom and laundry
738808066933887303,Hangers,Bedroom and laundry
738808066933887303,Bed linens,Bedroom and laundry
738808066933887303,Extra pillows and blankets,Bedroom and laundry
738808066933887303,Room-darkening shades,Bedroom and laundry
738808066933887303,Iron,Bedroom and laundry
738808066933887303,Clothing storage,Bedroom and laundry
738808066933887303,TV,Entertainment
738808066933887303,Air conditioning,Heating and cooling
738808066933887303,Heating,Heating and cooling
738808066933887303,Smoke alarm,Home safety
738808066933887303,Carbon monoxide alarm,Home safety
738808066933887303,Fire extinguisher,Home safety
738808066933887303,First aid kit,Home safety
738808066933887303,Wifi,Internet and office
738808066933887303,Dedicated workspace,Internet and office
738808066933887303,Kitchen,Kitchen and dining
738808066933887303,Refrigerator,Kitchen and dining
738808066933887303,Microwave,Kitchen and dining
738808066933887303,Cooking basics,Kitchen and dining
738808066933887303,Dishes and silverware,Kitchen and dining
738808066933887303,Freezer,Kitchen and dining
738808066933887303,Dishwasher,Kitchen and dining
738808066933887303,Stove,Kitchen and dining
738808066933887303,Oven,Kitchen and dining
738808066933887303,Hot water kettle,Kitchen and dining
738808066933887303,"Coffee maker: drip coffee maker, Keurig coffee machine",Kitchen and dining
738808066933887303,Wine glasses,Kitchen and dining
738808066933887303,Toaster,Kitchen and dining
738808066933887303,Baking sheet,Kitchen and dining
738808066933887303,Dining table,Kitchen and dining
738808066933887303,Coffee,Kitchen and dining
738808066933887303,Shared beach access,Location features
738808066933887303,Free parking on premises,Parking and facilities
738808066933887303,Host greets you,Services
738808066933887303,Exterior security cameras on property,Not included
738808066933887303,Washer,Not included
738808066933887303,Dryer,Not included
15038469,Bathtub,Bathroom
15038469,Hair dryer,Bathroom
15038469,Cleaning products,Bathroom
15038469,Shampoo,Bathroom
15038469,Conditioner,Bathroom
15038469,Eco Botanics body soap,Bathroom
15038469,Hot water,Bathroom
15038469,Essentials,Bedroom and laundry
15038469,Hangers,Bedroom and laundry
15038469,Bed linens,Bedroom and laundry
15038469,Extra pillows and blankets,Bedroom and laundry
15038469,Iron,Bedroom and laundry
15038469,Clothing storage: closet,Bedroom and laundry
15038469,Books and reading material,Entertainment
15038469,Portable fans,Heating and cooling
15038469,Heating,Heating and cooling
15038469,Lock on bedroom door,Privacy and safety
15038469,Smoke alarm,Privacy and safety
15038469,Carbon monoxide alarm,Privacy and safety
15038469,Fire extinguisher,Privacy and safety
15038469,First aid kit,Privacy and safety
15038469,Fast wifi – 60 Mbps,Internet and office
15038469,Kitchen,Kitchen and dining
15038469,GE refrigerator,Kitchen and dining
15038469,Microwave,Kitchen and dining
15038469,Cooking basics,Kitchen and dining
15038469,Dishes and silverware,Kitchen and dining
15038469,Freezer,Kitchen and dining
15038469,GE electric stove,Kitchen and dining
15038469,GE single oven,Kitchen and dining
15038469,Hot water kettle,Kitchen and dining
15038469,Coffee maker: drip coffee maker,Kitchen and dining
15038469,Wine glasses,Kitchen and dining
15038469,Toaster,Kitchen and dining
15038469,Baking sheet,Kitchen and dining
15038469,Blender,Kitchen and dining
15038469,Dining table,Kitchen and dining
15038469,Coffee,Kitchen and dining
15038469,Laundromat nearby,Location features
15038469,Free street parking,Parking and facilities
15038469,Paid parking off premises,Parking and facilities
15038469,Single level home,Parking and facilities
15038469,Luggage dropoff allowed,Services
15038469,Host greets you,Services
15038469,Exterior security cameras on property,Not included
15038469,TV,Not included
15038469,Washer,Not included
15038469,Dryer,Not included
15038469,Air conditioning,Not included
1110578563834555617,Hair dryer,Bathroom
1110578563834555617,Shampoo,Bathroom
1110578563834555617,Body soap,Bathroom
1110578563834555617,Essentials,Bedroom and laundry
1110578563834555617,Hangers,Bedroom and laundry
1110578563834555617,Bed linens,Bedroom and laundry
1110578563834555617,Iron,Bedroom and laundry
1110578563834555617,Safe,Bedroom and laundry
1110578563834555617,TV with standard cable,Entertainment
1110578563834555617,Air conditioning,Heating and cooling
1110578563834555617,Heating,Heating and cooling
1110578563834555617,Smoke alarm,Home safety
1110578563834555617,Carbon monoxide alarm,Home safety
1110578563834555617,Fire extinguisher,Home safety
1110578563834555617,Wifi,Internet and office
1110578563834555617,Dedicated workspace,Internet and office
1110578563834555617,Coffee maker,Kitchen and dining
1110578563834555617,Private entrance,Location features
1110578563834555617,Elevator,Parking and facilities
1110578563834555617,Gym,Parking and facilities
1110578563834555617,Paid parking off premises,Parking and facilities
1110578563834555617,Pets allowed,Services
1110578563834555617,Host greets you,Services
1110578563834555617,Kitchen,Not included
1110578563834555617,Washer,Not included
8090406,Hair dryer,Bathroom
8090406,Shampoo,Bathroom
8090406,Hot water,Bathroom
8090406,Essentials,Bedroom and laundry
8090406,Hangers,Bedroom and laundry
8090406,Bed linens,Bedroom and laundry
8090406,Extra pillows and blankets,Bedroom and laundry
8090406,Iron,Bedroom and laundry
8090406,Clothing storage: wardrobe and dresser,Bedroom and laundry
8090406,TV,Entertainment
8090406,Air conditioning,Heating and cooling
8090406,Heating,Heating and cooling
8090406,Smoke alarm,Home safety
8090406,Carbon monoxide alarm,Home safety
8090406,Fire extinguisher,Home safety
8090406,First aid kit,Home safety
8090406,Wifi,Internet and office
8090406,Dedicated workspace,Internet and office
8090406,Refrigerator,Kitchen and dining
8090406,Microwave,Kitchen and dining
8090406,Mini fridge,Kitchen and dining
8090406,Hot water kettle,Kitchen and dining
8090406,Coffee maker: drip coffee maker,Kitchen and dining
8090406,Coffee,Kitchen and dining
8090406,Private entrance,Location features
8090406,Patio or balcony,Outdoor
8090406,Free street parking,Parking and facilities
8090406,Luggage dropoff allowed,Services
8090406,Kitchen,Not included
8090406,Washer,Not included
8090406,Dryer,Not included
1385758419382486826,Bathtub,Bathroom
1385758419382486826,Hot water,Bathroom
1385758419382486826,Bed linens,Bedroom and laundry
1385758419382486826,Air conditioning,Heating and cooling
1385758419382486826,Radiant heating,Heating and cooling
1385758419382486826,Smoke alarm,Home safety
1385758419382486826,Carbon monoxide alarm,Home safety
1385758419382486826,Wifi,Internet and office
1385758419382486826,Kitchen,Kitchen and dining
1385758419382486826,Cooking basics,Kitchen and dining
1385758419382486826,Dishes and silverware,Kitchen and dining
1385758419382486826,Coffee maker: drip coffee maker,Kitchen and dining
1385758419382486826,Free street parking,Parking and facilities
1385758419382486826,Long term stays allowed,Services
1385758419382486826,Self check-in,Services
1385758419382486826,Keypad,Services
1385758419382486826,Lock on bedroom door,Privacy and safety
1385758419382486826,Exterior security cameras on property,Privacy and safety
1385758419382486826,TV,Privacy and safety
1385758419382486826,Washer,Privacy and safety
1385758419382486826,Dryer,Privacy and safety
1385758419382486826,Essentials,Privacy and safety
1516926185181955865,Bathtub,Bathroom
1516926185181955865,Hair dryer,Bathroom
1516926185181955865,Cleaning products,Bathroom
1516926185181955865,Shampoo,Bathroom
1516926185181955865,Conditioner,Bathroom
1516926185181955865,Hot water,Bathroom
1516926185181955865,Shower gel,Bathroom
1516926185181955865,Washer,Bedroom and laundry
1516926185181955865,Dryer,Bedroom and laundry
1516926185181955865,Hangers,Bedroom and laundry
1516926185181955865,Bed linens,Bedroom and laundry
1516926185181955865,Iron,Bedroom and laundry
1516926185181955865,Clothing storage,Bedroom and laundry
1516926185181955865,TV,Entertainment
1516926185181955865,Exercise equipment,Entertainment
1516926185181955865,Air conditioning,Heating and cooling
1516926185181955865,Heating,Heating and cooling
1516926185181955865,Smoke alarm,Home safety
1516926185181955865,Carbon monoxide alarm,Home safety
1516926185181955865,Wifi,Internet and office
1516926185181955865,Dedicated workspace,Internet and office
1516926185181955865,Kitchen,Kitchen and dining
1516926185181955865,Refrigerator,Kitchen and dining
1516926185181955865,Microwave,Kitchen and dining
1516926185181955865,Cooking basics,Kitchen and dining
1516926185181955865,Dishes and silverware,Kitchen and dining
1516926185181955865,Freezer,Kitchen and dining
1516926185181955865,Dishwasher,Kitchen and dining
1516926185181955865,Stove,Kitchen and dining
1516926185181955865,Oven,Kitchen and dining
1516926185181955865,Coffee maker,Kitchen and dining
1516926185181955865,Wine glasses,Kitchen and dining
1516926185181955865,Trash compactor,Kitchen and dining
1516926185181955865,Dining table,Kitchen and dining
1516926185181955865,Coffee,Kitchen and dining
1516926185181955865,Patio or balcony,Outdoor
1516926185181955865,Free residential garage on premises – 1 space,Parking and facilities
1516926185181955865,Elevator,Parking and facilities
1516926185181955865,Gym,Parking and facilities
1516926185181955865,Pets allowed,Services
1516926185181955865,Exterior security cameras on property,Not included
1516926185181955865,Essentials,Not included
13902725,Hair dryer,Bathroom
13902725,Shampoo,Bathroom
13902725,Hot water,Bathroom
13902725,Essentials,Bedroom and laundry
13902725,Hangers,Bedroom and laundry
13902725,Bed linens,Bedroom and laundry
13902725,Extra pillows and blankets,Bedroom and laundry
13902725,Iron,Bedroom and laundry
13902725,TV with standard cable,Entertainment
13902725,Window AC unit,Heating and cooling
13902725,Heating,Heating and cooling
13902725,Smoke alarm,Home safety
13902725,Carbon monoxide alarm,Home safety
13902725,Fast wifi – 339 Mbps,Internet and office
13902725,Kitchen,Kitchen and dining
13902725,Refrigerator,Kitchen and dining
13902725,Microwave,Kitchen and dining
13902725,Cooking basics,Kitchen and dining
13902725,Dishes and silverware,Kitchen and dining
13902725,Dishwasher,Kitchen and dining
13902725,Gas stove,Kitchen and dining
13902725,Oven,Kitchen and dining
13902725,Coffee maker,Kitchen and dining
13902725,Paid parking off premises,Parking and facilities
13902725,Luggage dropoff allowed,Services
13902725,Lock on bedroom door,Privacy and safety
13902725,Exterior security cameras on property,Privacy and safety
13902725,Washer,Privacy and safety
13902725,Dryer,Privacy and safety
1318261047321763717,Hair dryer,Bathroom
1318261047321763717,Shampoo,Bathroom
1318261047321763717,Hot water,Bathroom
1318261047321763717,Washer,Bedroom and laundry
1318261047321763717,Essentials,Bedroom and laundry
1318261047321763717,Hangers,Bedroom and laundry
1318261047321763717,Bed linens,Bedroom and laundry
1318261047321763717,Clothing storage,Bedroom and laundry
1318261047321763717,TV,Entertainment
1318261047321763717,Air conditioning,Heating and cooling
1318261047321763717,Heating,Heating and cooling
1318261047321763717,Smoke alarm,Home safety
1318261047321763717,Wifi,Internet and office
1318261047321763717,Dedicated workspace,Internet and office
1318261047321763717,Kitchen,Kitchen and dining
1318261047321763717,Self check-in,Services
1318261047321763717,Keypad,Services
1318261047321763717,Exterior security cameras on property,Not included
1318261047321763717,Dryer,Not included
1318261047321763717,Carbon monoxide alarm,Not included
1394234701461568839,Hair dryer,Bathroom
1394234701461568839,Shampoo,Bathroom
1394234701461568839,Conditioner,Bathroom
1394234701461568839,Body soap,Bathroom
1394234701461568839,Hot water,Bathroom
1394234701461568839,Shower gel,Bathroom
1394234701461568839,Essentials,Bedroom and laundry
1394234701461568839,Hangers,Bedroom and laundry
1394234701461568839,Bed linens,Bedroom and laundry
1394234701461568839,Extra pillows and blankets,Bedroom and laundry
1394234701461568839,Room-darkening shades,Bedroom and laundry
1394234701461568839,Iron,Bedroom and laundry
1394234701461568839,Safe,Bedroom and laundry
1394234701461568839,Clothing storage,Bedroom and laundry
1394234701461568839,TV,Entertainment
1394234701461568839,Air conditioning,Heating and cooling
1394234701461568839,Heating,Heating and cooling
1394234701461568839,Smoke alarm,Home safety
1394234701461568839,Carbon monoxide alarm,Home safety
1394234701461568839,Wifi,Internet and office
1394234701461568839,Dedicated workspace,Internet and office
1394234701461568839,Elevator,Parking and facilities
1394234701461568839,Gym,Parking and facilities
1394234701461568839,Luggage dropoff allowed,Services
1394234701461568839,Self check-in,Services
1394234701461568839,Building staff,Services
1394234701461568839,Kitchen,Not included
1394234701461568839,Washer,Not included
1394234701461568839,Private entrance,Not included
1381556544898698656,Bathtub,Bathroom
1381556544898698656,Hair dryer,Bathroom
1381556544898698656,Cleaning products,Bathroom
1381556544898698656,Shampoo,Bathroom
1381556544898698656,Conditioner,Bathroom
1381556544898698656,Body soap,Bathroom
1381556544898698656,Hot water,Bathroom
1381556544898698656,Washer,Bedroom and laundry
1381556544898698656,Free dryer,Bedroom and laundry
1381556544898698656,Essentials,Bedroom and laundry
1381556544898698656,Hangers,Bedroom and laundry
1381556544898698656,Bed linens,Bedroom and laundry
1381556544898698656,Iron,Bedroom and laundry
1381556544898698656,Clothing storage: walk-in closet,Bedroom and laundry
1381556544898698656,TV,Entertainment
1381556544898698656,"Exercise equipment: elliptical, stationary bike, treadmill, workout bench",Entertainment
1381556544898698656,Air conditioning,Heating and cooling
1381556544898698656,Heating,Heating and cooling
1381556544898698656,Smoke alarm,Home safety
1381556544898698656,Carbon monoxide alarm,Home safety
1381556544898698656,Fire extinguisher,Home safety
1381556544898698656,First aid kit,Home safety
1381556544898698656,Wifi,Internet and office
1381556544898698656,Kitchen,Kitchen and dining
1381556544898698656,Microwave,Kitchen and dining
1381556544898698656,Cooking basics,Kitchen and dining
1381556544898698656,Dishes and silverware,Kitchen and dining
1381556544898698656,Freezer,Kitchen and dining
1381556544898698656,Dishwasher,Kitchen and dining
1381556544898698656,Stove,Kitchen and dining
1381556544898698656,Coffee maker,Kitchen and dining
1381556544898698656,Wine glasses,Kitchen and dining
1381556544898698656,Dining table,Kitchen and dining
1381556544898698656,Coffee,Kitchen and dining
1381556544898698656,Outdoor furniture,Outdoor
1381556544898698656,Outdoor dining area,Outdoor
1381556544898698656,Elevator,Parking and facilities
1381556544898698656,Shared gym in building,Parking and facilities
1381556544898698656,Paid parking on premises,Parking and facilities
1381556544898698656,Long term stays allowed,Services
1381556544898698656,Self check-in,Services
1381556544898698656,Keypad,Services
1381556544898698656,Exterior security cameras on property,Not included
924600,Bathtub,Bathroom
924600,Hair dryer,Bathroom
924600,Cleaning products,Bathroom
924600,Shampoo,Bathroom
924600,Conditioner,Bathroom
924600,Body soap,Bathroom
924600,Hot water,Bathroom
924600,Shower gel,Bathroom
924600,Free washer – In unit,Bedroom and laundry
924600,Free dryer – In unit,Bedroom and laundry
924600,Essentials,Bedroom and laundry
924600,Hangers,Bedroom and laundry
924600,Bed linens,Bedroom and laundry
924600,Extra pillows and blankets,Bedroom and laundry
924600,Iron,Bedroom and laundry
924600,Safe,Bedroom and laundry
924600,"15 inch HDTV with Roku, Apple TV, Chromecast, Amazon Prime Video, Hulu, Netflix",Entertainment
924600,Books and reading material,Entertainment
924600,Window AC unit,Heating and cooling
924600,Ceiling fan,Heating and cooling
924600,Portable fans,Heating and cooling
924600,Heating,Heating and cooling
924600,Exterior security cameras on property,Home safety
924600,Smoke alarm,Home safety
924600,Carbon monoxide alarm,Home safety
924600,Fire extinguisher,Home safety
924600,First aid kit,Home safety
924600,Fast wifi – 57 Mbps,Internet and office
924600,Dedicated workspace,Internet and office
924600,Kitchen,Kitchen and dining
924600,Refrigerator,Kitchen and dining
924600,Microwave,Kitchen and dining
924600,Cooking basics,Kitchen and dining
924600,Dishes and silverware,Kitchen and dining
924600,Dishwasher,Kitchen and dining
924600,KitchenAid stainless steel gas stove,Kitchen and dining
924600,Oven,Kitchen and dining
924600,Hot water kettle,Kitchen and dining
924600,Coffee maker,Kitchen and dining
924600,Wine glasses,Kitchen and dining
924600,Toaster,Kitchen and dining
924600,Blender,Kitchen and dining
924600,Rice maker,Kitchen and dining
924600,Dining table,Kitchen and dining
924600,Free street parking,Parking and facilities
924600,Luggage dropoff allowed,Services
924600,Long term stays allowed,Services
924600,Self check-in,Services
924600,Lockbox,Services
924600,Lock on bedroom door,Privacy and safety
955842473362618091,Bay view,Scenic views
955842473362618091,City skyline view,Scenic views
955842473362618091,Hair dryer,Bathroom
955842473362618091,Cleaning products,Bathroom
955842473362618091,Shampoo,Bathroom
955842473362618091,Conditioner,Bathroom
955842473362618091,Body soap,Bathroom
955842473362618091,Hot water,Bathroom
955842473362618091,Shower gel,Bathroom
955842473362618091,Paid washer – In building,Bedroom and laundry
955842473362618091,Paid dryer – In building,Bedroom and laundry
955842473362618091,Essentials,Bedroom and laundry
955842473362618091,Hangers,Bedroom and laundry
955842473362618091,Bed linens,Bedroom and laundry
955842473362618091,Extra pillows and blankets,Bedroom and laundry
955842473362618091,Room-darkening shades,Bedroom and laundry
955842473362618091,Iron,Bedroom and laundry
955842473362618091,"Clothing storage: closet, wardrobe, and dresser",Bedroom and laundry
955842473362618091,TV,Entertainment
955842473362618091,Central air conditioning,Heating and cooling
955842473362618091,Central heating,Heating and cooling
955842473362618091,Smoke alarm,Home safety
955842473362618091,Carbon monoxide alarm,Home safety
955842473362618091,Wifi,Internet and office
955842473362618091,Dedicated workspace,Internet and office
955842473362618091,Kitchen,Kitchen and dining
955842473362618091,Refrigerator,Kitchen and dining
955842473362618091,Microwave,Kitchen and dining
955842473362618091,Cooking basics,Kitchen and dining
955842473362618091,Dishes and silverware,Kitchen and dining
955842473362618091,Freezer,Kitchen and dining
955842473362618091,Dishwasher,Kitchen and dining
955842473362618091,Gas stove,Kitchen and dining
955842473362618091,Stainless steel oven,Kitchen and dining
955842473362618091,Hot water kettle,Kitchen and dining
955842473362618091,Wine glasses,Kitchen and dining
955842473362618091,Toaster,Kitchen and dining
955842473362618091,Baking sheet,Kitchen and dining
955842473362618091,Barbecue utensils,Kitchen and dining
955842473362618091,Laundromat nearby,Location features
955842473362618091,Private patio or balcony,Outdoor
955842473362618091,Outdoor furniture,Outdoor
955842473362618091,Outdoor dining area,Outdoor
955842473362618091,BBQ grill,Outdoor
955842473362618091,Free parking on premises,Parking and facilities
955842473362618091,Free street parking,Parking and facilities
955842473362618091,Elevator,Parking and facilities
955842473362618091,Single level home,Parking and facilities
955842473362618091,Long term stays allowed,Services
955842473362618091,Exterior security cameras on property,Not included
985546024029098998,Bathtub,Bathroom
985546024029098998,Hair dryer,Bathroom
985546024029098998,Cleaning products,Bathroom
985546024029098998,Shampoo,Bathroom
985546024029098998,Conditioner,Bathroom
985546024029098998,Body soap,Bathroom
985546024029098998,Hot water,Bathroom
985546024029098998,Shower gel,Bathroom
985546024029098998,Essentials,Bedroom and laundry
985546024029098998,Hangers,Bedroom and laundry
985546024029098998,Bed linens,Bedroom and laundry
985546024029098998,Room-darkening shades,Bedroom and laundry
985546024029098998,Iron,Bedroom and laundry
985546024029098998,Clothing storage,Bedroom and laundry
985546024029098998,TV,Entertainment
985546024029098998,AC - split type ductless system,Heating and cooling
985546024029098998,Heating - split type ductless system,Heating and cooling
985546024029098998,Exterior security cameras on property,Home safety
985546024029098998,Smoke alarm,Home safety
985546024029098998,Carbon monoxide alarm,Home safety
985546024029098998,Fire extinguisher,Home safety
985546024029098998,First aid kit,Home safety
985546024029098998,Fast wifi – 307 Mbps,Internet and office
985546024029098998,Kitchen,Kitchen and dining
985546024029098998,Refrigerator,Kitchen and dining
985546024029098998,Microwave,Kitchen and dining
985546024029098998,Cooking basics,Kitchen and dining
985546024029098998,Dishes and silverware,Kitchen and dining
985546024029098998,Freezer,Kitchen and dining
985546024029098998,Gas stove,Kitchen and dining
985546024029098998,Oven,Kitchen and dining
985546024029098998,Hot water kettle,Kitchen and dining
985546024029098998,Coffee maker,Kitchen and dining
985546024029098998,Toaster,Kitchen and dining
985546024029098998,Dining table,Kitchen and dining
985546024029098998,Coffee,Kitchen and dining
985546024029098998,Laundromat nearby,Location features
985546024029098998,Paid street parking off premises,Parking and facilities
985546024029098998,Pets allowed,Services
985546024029098998,Self check-in,Services
985546024029098998,Keypad,Services
985546024029098998,Washer,Not included
985546024029098998,Dryer,Not included
1401730198664644951,Hair dryer,Bathroom
1401730198664644951,Cleaning products,Bathroom
1401730198664644951,Hot water,Bathroom
1401730198664644951,Free washer – In unit,Bedroom and laundry
1401730198664644951,Drying rack for clothing,Bedroom and laundry
1401730198664644951,Clothing storage: closet,Bedroom and laundry
1401730198664644951,TV,Entertainment
1401730198664644951,Central air conditioning,Heating and cooling
1401730198664644951,Ceiling fan,Heating and cooling
1401730198664644951,Central heating,Heating and cooling
1401730198664644951,Lock on bedroom door,Privacy and safety
1401730198664644951,Exterior security cameras on property,Privacy and safety
1401730198664644951,Smoke alarm,Privacy and safety
1401730198664644951,Carbon monoxide alarm,Privacy and safety
1401730198664644951,Fire extinguisher,Privacy and safety
1401730198664644951,First aid kit,Privacy and safety
1401730198664644951,Wifi,Internet and office
1401730198664644951,Kitchen,Kitchen and dining
1401730198664644951,Refrigerator,Kitchen and dining
1401730198664644951,Freezer,Kitchen and dining
1401730198664644951,Dishwasher,Kitchen and dining
1401730198664644951,Stainless steel oven,Kitchen and dining
1401730198664644951,Hot water kettle,Kitchen and dining
1401730198664644951,Dining table,Kitchen and dining
1401730198664644951,Free parking on premises,Parking and facilities
1401730198664644951,Free street parking,Parking and facilities
1401730198664644951,Self check-in,Services
1401730198664644951,Keypad,Services
1401730198664644951,Dryer,Not included
1401730198664644951,Essentials,Not included
1563919620588664126,Bathtub,Bathroom
1563919620588664126,Hair dryer,Bathroom
1563919620588664126,Cleaning products,Bathroom
1563919620588664126,Shampoo,Bathroom
1563919620588664126,Conditioner,Bathroom
1563919620588664126,Body soap,Bathroom
1563919620588664126,Hot water,Bathroom
1563919620588664126,Washer,Bedroom and laundry
1563919620588664126,Dryer,Bedroom and laundry
1563919620588664126,Essentials,Bedroom and laundry
1563919620588664126,Hangers,Bedroom and laundry
1563919620588664126,Bed linens,Bedroom and laundry
1563919620588664126,Room-darkening shades,Bedroom and laundry
1563919620588664126,Iron,Bedroom and laundry
1563919620588664126,Safe,Bedroom and laundry
1563919620588664126,Clothing storage,Bedroom and laundry
1563919620588664126,Ethernet connection,Entertainment
1563919620588664126,TV,Entertainment
1563919620588664126,Air conditioning,Heating and cooling
1563919620588664126,Heating,Heating and cooling
1563919620588664126,Smoke alarm,Home safety
1563919620588664126,Carbon monoxide alarm,Home safety
1563919620588664126,Fire extinguisher,Home safety
1563919620588664126,First aid kit,Home safety
1563919620588664126,Wifi,Internet and office
1563919620588664126,Dedicated workspace,Internet and office
1563919620588664126,Kitchen,Kitchen and dining
1563919620588664126,Refrigerator,Kitchen and dining
1563919620588664126,Microwave,Kitchen and dining
1563919620588664126,Cooking basics,Kitchen and dining
1563919620588664126,Dishes and silverware,Kitchen and dining
1563919620588664126,Freezer,Kitchen and dining
1563919620588664126,Dishwasher,Kitchen and dining
1563919620588664126,Stove,Kitchen and dining
1563919620588664126,Oven,Kitchen and dining
1563919620588664126,Coffee maker,Kitchen and dining
1563919620588664126,Wine glasses,Kitchen and dining
1563919620588664126,Toaster,Kitchen and dining
1563919620588664126,Baking sheet,Kitchen and dining
1563919620588664126,Blender,Kitchen and dining
1563919620588664126,Dining table,Kitchen and dining
1563919620588664126,Coffee,Kitchen and dining
1563919620588664126,Free parking on premises,Parking and facilities
1563919620588664126,Self check-in,Services
1563919620588664126,Lockbox,Services
1563919620588664126,Exterior security cameras on property,Not included
1410030599090321589,Bathtub,Bathroom
1410030599090321589,Hot water,Bathroom
1410030599090321589,Hangers,Bedroom and laundry
1410030599090321589,Bed linens,Bedroom and laundry
1410030599090321589,Room-darkening shades,Bedroom and laundry
1410030599090321589,Iron,Bedroom and laundry
1410030599090321589,TV,Entertainment
1410030599090321589,Air conditioning,Heating and cooling
1410030599090321589,Ceiling fan,Heating and cooling
1410030599090321589,Heating,Heating and cooling
1410030599090321589,Smoke alarm,Home safety
1410030599090321589,Wifi,Internet and office
1410030599090321589,Kitchen,Kitchen and dining
1410030599090321589,Refrigerator,Kitchen and dining
1410030599090321589,Cooking basics,Kitchen and dining
1410030599090321589,Dishes and silverware,Kitchen and dining
1410030599090321589,Dishwasher,Kitchen and dining
1410030599090321589,Hot water kettle,Kitchen and dining
1410030599090321589,Dining table,Kitchen and dining
1410030599090321589,Free parking on premises,Parking and facilities
1410030599090321589,Free street parking,Parking and facilities
1410030599090321589,Self check-in,Services
1410030599090321589,Lockbox,Services
1410030599090321589,Exterior security cameras on property,Not included
1410030599090321589,Washer,Not included
1410030599090321589,Dryer,Not included
1410030599090321589,Essentials,Not included
1410030599090321589,Carbon monoxide alarm,Not included
1333493676309432572,Bathtub,Bathroom
1333493676309432572,Hot water,Bathroom
1333493676309432572,Washer,Bedroom and laundry
1333493676309432572,Free dryer – In unit,Bedroom and laundry
1333493676309432572,Bed linens,Bedroom and laundry
1333493676309432572,Extra pillows and blankets,Bedroom and laundry
1333493676309432572,Iron,Bedroom and laundry
1333493676309432572,Clothing storage: dresser,Bedroom and laundry
1333493676309432572,TV,Entertainment
1333493676309432572,Air conditioning,Heating and cooling
1333493676309432572,Ceiling fan,Heating and cooling
1333493676309432572,Central heating,Heating and cooling
1333493676309432572,Exterior security cameras on property,Home safety
1333493676309432572,Smoke alarm,Home safety
1333493676309432572,Carbon monoxide alarm,Home safety
1333493676309432572,Fire extinguisher,Home safety
1333493676309432572,Wifi,Internet and office
1333493676309432572,Dedicated workspace,Internet and office
1333493676309432572,Kitchen,Kitchen and dining
1333493676309432572,Outdoor dining area,Outdoor
1333493676309432572,Free street parking,Parking and facilities
1333493676309432572,Pets allowed,Services
1333493676309432572,Long term stays allowed,Services
1333493676309432572,Self check-in,Services
1333493676309432572,Keypad,Services
1333493676309432572,Essentials,Not included
707367270689272176,Courtyard view,Scenic views
707367270689272176,Hair dryer,Bathroom
707367270689272176,Cleaning products,Bathroom
707367270689272176,Shampoo,Bathroom
707367270689272176,Conditioner,Bathroom
707367270689272176,Body soap,Bathroom
707367270689272176,Hot water,Bathroom
707367270689272176,Shower gel,Bathroom
707367270689272176,Essentials,Bedroom and laundry
707367270689272176,Hangers,Bedroom and laundry
707367270689272176,Bed linens,Bedroom and laundry
707367270689272176,Extra pillows and blankets,Bedroom and laundry
707367270689272176,Room-darkening shades,Bedroom and laundry
707367270689272176,Iron,Bedroom and laundry
707367270689272176,Drying rack for clothing,Bedroom and laundry
707367270689272176,Safe,Bedroom and laundry
707367270689272176,Clothing storage: closet,Bedroom and laundry
707367270689272176,54 inch HDTV,Entertainment
707367270689272176,Books and reading material,Entertainment
707367270689272176,Board games,Family
707367270689272176,Portable air conditioning,Heating and cooling
707367270689272176,Portable fans,Heating and cooling
707367270689272176,Portable heater,Heating and cooling
707367270689272176,Noise decibel monitors on property,Home safety
707367270689272176,Exterior security cameras on property,Home safety
707367270689272176,Smoke alarm,Home safety
707367270689272176,Carbon monoxide alarm,Home safety
707367270689272176,Fire extinguisher,Home safety
707367270689272176,First aid kit,Home safety
707367270689272176,Fast wifi – 92 Mbps,Internet and office
707367270689272176,Dedicated workspace,Internet and office
707367270689272176,Refrigerator,Kitchen and dining
707367270689272176,Microwave,Kitchen and dining
707367270689272176,Dishes and silverware,Kitchen and dining
707367270689272176,Mini fridge,Kitchen and dining
707367270689272176,Freezer,Kitchen and dining
707367270689272176,Hot water kettle,Kitchen and dining
707367270689272176,"Coffee maker: french press, Keurig coffee machine",Kitchen and dining
707367270689272176,Wine glasses,Kitchen and dining
707367270689272176,Toaster,Kitchen and dining
707367270689272176,Kitchenette,Kitchen and dining
707367270689272176,Dining table,Kitchen and dining
707367270689272176,Coffee,Kitchen and dining
707367270689272176,Private entrance,Location features
707367270689272176,Laundromat nearby,Location features
707367270689272176,Shared patio or balcony,Outdoor
707367270689272176,Outdoor furniture,Outdoor
707367270689272176,Outdoor dining area,Outdoor
707367270689272176,Free driveway parking on premises,Parking and facilities
707367270689272176,Single level home,Parking and facilities
707367270689272176,Luggage dropoff allowed,Services
707367270689272176,Long term stays allowed,Services
707367270689272176,Housekeeping - available at extra cost,Services
707367270689272176,Host greets you,Services
707367270689272176,Kitchen,Not included
707367270689272176,Washer,Not included
707367270689272176,Dryer,Not included
1438686431347188407,Hot water,Bathroom
1438686431347188407,Essentials,Bedroom and laundry
1438686431347188407,Hangers,Bedroom and laundry
1438686431347188407,Bed linens,Bedroom and laundry
1438686431347188407,Extra pillows and blankets,Bedroom and laundry
1438686431347188407,Iron,Bedroom and laundry
1438686431347188407,Clothing storage: closet,Bedroom and laundry
1438686431347188407,TV,Entertainment
1438686431347188407,Air conditioning,Heating and cooling
1438686431347188407,Ceiling fan,Heating and cooling
1438686431347188407,Central heating,Heating and cooling
1438686431347188407,Smoke alarm,Home safety
1438686431347188407,Wifi,Internet and office
1438686431347188407,Kitchen,Kitchen and dining
1438686431347188407,Frigidaire refrigerator,Kitchen and dining
1438686431347188407,Single oven,Kitchen and dining
1438686431347188407,Hot water kettle,Kitchen and dining
1438686431347188407,Coffee maker,Kitchen and dining
1438686431347188407,Toaster,Kitchen and dining
1438686431347188407,Baking sheet,Kitchen and dining
1438686431347188407,Coffee,Kitchen and dining
1438686431347188407,Laundromat nearby,Location features
1438686431347188407,Free street parking,Parking and facilities
1438686431347188407,Luggage dropoff allowed,Services
1438686431347188407,Long term stays allowed,Services
1438686431347188407,Host greets you,Services
1438686431347188407,Lock on bedroom door,Privacy and safety
1438686431347188407,Exterior security cameras on property,Privacy and safety
1438686431347188407,Washer,Privacy and safety
1438686431347188407,Free dryer – In unit,Privacy and safety
1438686431347188407,Carbon monoxide alarm,Privacy and safety
965972728839907811,Hair dryer,Bathroom
965972728839907811,Cleaning products,Bathroom
965972728839907811,Shampoo,Bathroom
965972728839907811,Hot water,Bathroom
965972728839907811,Shower gel,Bathroom
965972728839907811,Essentials,Bedroom and laundry
965972728839907811,Hangers,Bedroom and laundry
965972728839907811,Iron,Bedroom and laundry
965972728839907811,43 inch HDTV with Netflix,Entertainment
965972728839907811,Air conditioning,Heating and cooling
965972728839907811,Portable fans,Heating and cooling
965972728839907811,Heating,Heating and cooling
965972728839907811,Exterior security cameras on property,Home safety
965972728839907811,Smoke alarm,Home safety
965972728839907811,Carbon monoxide alarm,Home safety
965972728839907811,Fire extinguisher,Home safety
965972728839907811,Wifi,Internet and office
965972728839907811,Kitchen,Kitchen and dining
965972728839907811,Refrigerator,Kitchen and dining
965972728839907811,Microwave,Kitchen and dining
965972728839907811,Cooking basics,Kitchen and dining
965972728839907811,Dishes and silverware,Kitchen and dining
965972728839907811,Coffee maker,Kitchen and dining
965972728839907811,Private entrance,Location features
965972728839907811,Self check-in,Services
965972728839907811,Smart lock,Services
965972728839907811,Lock on bedroom door,Privacy and safety
965972728839907811,Washer,Privacy and safety
739143,Courtyard view,Scenic views
739143,Garden view,Scenic views
739143,Bathtub,Bathroom
739143,Hair dryer,Bathroom
739143,Hot water,Bathroom
739143,Essentials,Bedroom and laundry
739143,Hangers,Bedroom and laundry
739143,Bed linens,Bedroom and laundry
739143,Extra pillows and blankets,Bedroom and laundry
739143,Iron,Bedroom and laundry
739143,Clothing storage: closet,Bedroom and laundry
739143,HDTV with Fire TV,Entertainment
739143,Books and reading material,Entertainment
739143,Window AC unit,Heating and cooling
739143,Ceiling fan,Heating and cooling
739143,Portable heater,Heating and cooling
739143,Smoke alarm,Home safety
739143,Fast wifi – 148 Mbps,Internet and office
739143,Dedicated workspace,Internet and office
739143,Microwave,Kitchen and dining
739143,Cooking basics,Kitchen and dining
739143,Dishes and silverware,Kitchen and dining
739143,Mini fridge,Kitchen and dining
739143,Two burner cooktop induction stove,Kitchen and dining
739143,Toaster oven oven,Kitchen and dining
739143,Coffee maker,Kitchen and dining
739143,Wine glasses,Kitchen and dining
739143,Toaster,Kitchen and dining
739143,Kitchenette,Kitchen and dining
739143,Dining table,Kitchen and dining
739143,Private entrance,Location features
739143,Laundromat nearby,Location features
739143,Private patio or balcony,Outdoor
739143,Shared backyard – Not fully fenced,Outdoor
739143,Outdoor furniture,Outdoor
739143,Sun loungers,Outdoor
739143,Free street parking,Parking and facilities
739143,Single level home,Parking and facilities
739143,Long term stays allowed,Services
739143,Self check-in,Services
739143,Lockbox,Services
739143,"Housekeeping available 4 hours a day, 1 day a week - available at extra cost",Services
739143,Exterior security cameras on property,Not included
739143,Kitchen,Not included
739143,Free washer – In building,Not included
739143,Free dryer – In building,Not included
739143,Carbon monoxide alarm,Not included
1529862229950417023,Bathtub,Bathroom
1529862229950417023,Hair dryer,Bathroom
1529862229950417023,Shampoo,Bathroom
1529862229950417023,Conditioner,Bathroom
1529862229950417023,Body soap,Bathroom
1529862229950417023,Hot water,Bathroom
1529862229950417023,Shower gel,Bathroom
1529862229950417023,Essentials,Bedroom and laundry
1529862229950417023,Hangers,Bedroom and laundry
1529862229950417023,Bed linens,Bedroom and laundry
1529862229950417023,Extra pillows and blankets,Bedroom and laundry
1529862229950417023,Iron,Bedroom and laundry
1529862229950417023,Clothing storage: closet,Bedroom and laundry
1529862229950417023,TV,Entertainment
1529862229950417023,Air conditioning,Heating and cooling
1529862229950417023,Central heating,Heating and cooling
1529862229950417023,Exterior security cameras on property,Home safety
1529862229950417023,Smoke alarm,Home safety
1529862229950417023,Carbon monoxide alarm,Home safety
1529862229950417023,Fire extinguisher,Home safety
1529862229950417023,Wifi,Internet and office
1529862229950417023,Kitchen,Kitchen and dining
1529862229950417023,Refrigerator,Kitchen and dining
1529862229950417023,Microwave,Kitchen and dining
1529862229950417023,Cooking basics,Kitchen and dining
1529862229950417023,Dishes and silverware,Kitchen and dining
1529862229950417023,Freezer,Kitchen and dining
1529862229950417023,Dishwasher,Kitchen and dining
1529862229950417023,Stove,Kitchen and dining
1529862229950417023,Oven,Kitchen and dining
1529862229950417023,Coffee maker: Keurig coffee machine,Kitchen and dining
1529862229950417023,Dining table,Kitchen and dining
1529862229950417023,Coffee,Kitchen and dining
1529862229950417023,Laundromat nearby,Location features
1529862229950417023,Shared backyard – Fully fenced,Outdoor
1529862229950417023,Free street parking,Parking and facilities
1529862229950417023,Washer,Not included
1529862229950417023,Private entrance,Not included
53132475,Hair dryer,Bathroom
53132475,Shampoo,Bathroom
53132475,Body soap,Bathroom
53132475,Essentials,Bedroom and laundry
53132475,Hangers,Bedroom and laundry
53132475,Bed linens,Bedroom and laundry
53132475,Extra pillows and blankets,Bedroom and laundry
53132475,Room-darkening shades,Bedroom and laundry
53132475,Iron,Bedroom and laundry
53132475,TV,Entertainment
53132475,Air conditioning,Heating and cooling
53132475,Heating,Heating and cooling
53132475,Smoke alarm,Home safety
53132475,Carbon monoxide alarm,Home safety
53132475,Fire extinguisher,Home safety
53132475,First aid kit,Home safety
53132475,Wifi,Internet and office
53132475,Microwave,Kitchen and dining
53132475,Mini fridge,Kitchen and dining
53132475,Hot water kettle,Kitchen and dining
53132475,Elevator,Parking and facilities
53132475,Shared gym in building,Parking and facilities
53132475,Luggage dropoff allowed,Services
53132475,Self check-in,Services
53132475,Building staff,Services
53132475,Housekeeping available every day - available at extra cost,Services
53132475,Exterior security cameras on property,Not included
53132475,Kitchen,Not included
53132475,Washer,Not included
53132475,Private entrance,Not included
1334449327806642973,Hair dryer,Bathroom
1334449327806642973,Shampoo,Bathroom
1334449327806642973,Hot water,Bathroom
1334449327806642973,Shower gel,Bathroom
1334449327806642973,Paid washer – In building,Bedroom and laundry
1334449327806642973,Paid dryer – In building,Bedroom and laundry
1334449327806642973,Hangers,Bedroom and laundry
1334449327806642973,Room-darkening shades,Bedroom and laundry
1334449327806642973,Iron,Bedroom and laundry
1334449327806642973,Window AC unit,Heating and cooling
1334449327806642973,Portable fans,Heating and cooling
1334449327806642973,Portable heater,Heating and cooling
1334449327806642973,Smoke alarm,Home safety
1334449327806642973,Carbon monoxide alarm,Home safety
1334449327806642973,Wifi,Internet and office
1334449327806642973,Kitchen,Kitchen and dining
1334449327806642973,Refrigerator,Kitchen and dining
1334449327806642973,Microwave,Kitchen and dining
1334449327806642973,Cooking basics,Kitchen and dining
1334449327806642973,Dishes and silverware,Kitchen and dining
1334449327806642973,Stove,Kitchen and dining
1334449327806642973,Hot water kettle,Kitchen and dining
1334449327806642973,Coffee maker: drip coffee maker,Kitchen and dining
1334449327806642973,Wine glasses,Kitchen and dining
1334449327806642973,Dining table,Kitchen and dining
1334449327806642973,Private patio or balcony,Outdoor
1334449327806642973,Free parking on premises,Parking and facilities
1334449327806642973,Self check-in,Services
1334449327806642973,Keypad,Services
1334449327806642973,Exterior security cameras on property,Not included
1334449327806642973,TV,Not included
1334449327806642973,Essentials,Not included
1334449327806642973,Private entrance,Not included
6527658,City skyline view,Scenic views
6527658,Hair dryer,Bathroom
6527658,Cleaning products,Bathroom
6527658,Shampoo,Bathroom
6527658,Conditioner,Bathroom
6527658,Body soap,Bathroom
6527658,Hot water,Bathroom
6527658,Shower gel,Bathroom
6527658,Essentials,Bedroom and laundry
6527658,Hangers,Bedroom and laundry
6527658,Bed linens,Bedroom and laundry
6527658,Extra pillows and blankets,Bedroom and laundry
6527658,Room-darkening shades,Bedroom and laundry
6527658,Iron,Bedroom and laundry
6527658,Drying rack for clothing,Bedroom and laundry
6527658,Clothing storage: closet,Bedroom and laundry
6527658,"HDTV with Amazon Prime Video, Disney+, HBO Max, Netflix, Roku",Entertainment
6527658,Outlet covers,Family
6527658,Central air conditioning,Heating and cooling
6527658,Central heating,Heating and cooling
6527658,Smoke alarm,Home safety
6527658,Carbon monoxide alarm,Home safety
6527658,Fire extinguisher,Home safety
6527658,Fast wifi – 83 Mbps,Internet and office
6527658,Dedicated workspace,Internet and office
6527658,Microwave,Kitchen and dining
6527658,Dishes and silverware,Kitchen and dining
6527658,Mini fridge,Kitchen and dining
6527658,Freezer,Kitchen and dining
6527658,Hot water kettle,Kitchen and dining
6527658,"Coffee maker: drip coffee maker, french press",Kitchen and dining
6527658,Toaster,Kitchen and dining
6527658,Blender,Kitchen and dining
6527658,Kitchenette,Kitchen and dining
6527658,Dining table,Kitchen and dining
6527658,Coffee,Kitchen and dining
6527658,Private entrance,Location features
6527658,Free driveway parking on premises – 1 space,Parking and facilities
6527658,Free street parking,Parking and facilities
6527658,Luggage dropoff allowed,Services
6527658,Self check-in,Services
6527658,Keypad,Services
6527658,Exterior security cameras on property,Not included
6527658,Kitchen,Not included
6527658,Washer,Not included
6527658,Dryer,Not included
1099697666994383724,Hot water,Bathroom
1099697666994383724,Paid washer – In building,Bedroom and laundry
1099697666994383724,Dryer,Bedroom and laundry
1099697666994383724,Essentials,Bedroom and laundry
1099697666994383724,Bed linens,Bedroom and laundry
1099697666994383724,Room-darkening shades,Bedroom and laundry
1099697666994383724,Clothing storage,Bedroom and laundry
1099697666994383724,TV,Entertainment
1099697666994383724,Air conditioning,Heating and cooling
1099697666994383724,Ceiling fan,Heating and cooling
1099697666994383724,Heating,Heating and cooling
1099697666994383724,Smoke alarm,Home safety
1099697666994383724,Carbon monoxide alarm,Home safety
1099697666994383724,Wifi,Internet and office
1099697666994383724,Dedicated workspace,Internet and office
1099697666994383724,Kitchen,Kitchen and dining
1099697666994383724,Refrigerator,Kitchen and dining
1099697666994383724,Microwave,Kitchen and dining
1099697666994383724,Cooking basics,Kitchen and dining
1099697666994383724,Dishes and silverware,Kitchen and dining
1099697666994383724,Freezer,Kitchen and dining
1099697666994383724,Stove,Kitchen and dining
1099697666994383724,Oven,Kitchen and dining
1099697666994383724,Coffee maker,Kitchen and dining
1099697666994383724,Toaster,Kitchen and dining
1099697666994383724,Dining table,Kitchen and dining
1099697666994383724,Long term stays allowed,Services
1099697666994383724,Self check-in,Services
1099697666994383724,Keypad,Services
1099697666994383724,Hair dryer,Not included
1099697666994383724,Shampoo,Not included
1099697666994383724,Private entrance,Not included
1287828599090091641,Hair dryer,Bathroom
1287828599090091641,Shampoo,Bathroom
1287828599090091641,Conditioner,Bathroom
1287828599090091641,Body soap,Bathroom
1287828599090091641,Hot water,Bathroom
1287828599090091641,Essentials,Bedroom and laundry
1287828599090091641,Hangers,Bedroom and laundry
1287828599090091641,Bed linens,Bedroom and laundry
1287828599090091641,Extra pillows and blankets,Bedroom and laundry
1287828599090091641,Iron,Bedroom and laundry
1287828599090091641,Clothing storage,Bedroom and laundry
1287828599090091641,TV,Entertainment
1287828599090091641,Crib - available upon request,Family
1287828599090091641,Air conditioning,Heating and cooling
1287828599090091641,Heating,Heating and cooling
1287828599090091641,Exterior security cameras on property,Home safety
1287828599090091641,Smoke alarm,Home safety
1287828599090091641,Carbon monoxide alarm,Home safety
1287828599090091641,Fire extinguisher,Home safety
1287828599090091641,First aid kit,Home safety
1287828599090091641,Wifi,Internet and office
1287828599090091641,Kitchen,Kitchen and dining
1287828599090091641,Refrigerator,Kitchen and dining
1287828599090091641,Microwave,Kitchen and dining
1287828599090091641,Cooking basics,Kitchen and dining
1287828599090091641,Dishes and silverware,Kitchen and dining
1287828599090091641,Freezer,Kitchen and dining
1287828599090091641,Stove,Kitchen and dining
1287828599090091641,Oven,Kitchen and dining
1287828599090091641,Hot water kettle,Kitchen and dining
1287828599090091641,Wine glasses,Kitchen and dining
1287828599090091641,Toaster,Kitchen and dining
1287828599090091641,Blender,Kitchen and dining
1287828599090091641,Barbecue utensils,Kitchen and dining
1287828599090091641,Dining table,Kitchen and dining
1287828599090091641,Coffee,Kitchen and dining
1287828599090091641,Private entrance,Location features
1287828599090091641,Laundromat nearby,Location features
1287828599090091641,Backyard,Outdoor
1287828599090091641,Fire pit,Outdoor
1287828599090091641,Outdoor furniture,Outdoor
1287828599090091641,Outdoor dining area,Outdoor
1287828599090091641,BBQ grill,Outdoor
1287828599090091641,Free street parking,Parking and facilities
1287828599090091641,Pets allowed,Services
1287828599090091641,Self check-in,Services
1287828599090091641,Keypad,Services
1287828599090091641,Housekeeping - available at extra cost,Services
1287828599090091641,Washer,Not included
1287828599090091641,Dryer,Not included
232612,Hair dryer,Bathroom
232612,Body soap,Bathroom
232612,Hot water,Bathroom
232612,Shower gel,Bathroom
232612,Essentials,Bedroom and laundry
232612,Hangers,Bedroom and laundry
232612,Bed linens,Bedroom and laundry
232612,Iron,Bedroom and laundry
232612,Safe,Bedroom and laundry
232612,TV with standard cable,Entertainment
232612,Air conditioning,Heating and cooling
232612,Heating,Heating and cooling
232612,Smoke alarm,Home safety
232612,Carbon monoxide alarm,Home safety
232612,Fire extinguisher,Home safety
232612,Wifi,Internet and office
232612,Dedicated workspace,Internet and office
232612,Refrigerator,Kitchen and dining
232612,Dishes and silverware,Kitchen and dining
232612,Coffee maker,Kitchen and dining
232612,Private entrance,Location features
232612,Free street parking,Parking and facilities
232612,Self check-in,Services
232612,Lockbox,Services
232612,Kitchen,Not included
232612,Washer,Not included
232612,Dryer,Not included
16430248,Bathtub,Bathroom
16430248,Hair dryer,Bathroom
16430248,Cleaning products,Bathroom
16430248,Shampoo,Bathroom
16430248,Body soap,Bathroom
16430248,Hot water,Bathroom
16430248,Shower gel,Bathroom
16430248,Essentials,Bedroom and laundry
16430248,Hangers,Bedroom and laundry
16430248,Bed linens,Bedroom and laundry
16430248,Extra pillows and blankets,Bedroom and laundry
16430248,Iron,Bedroom and laundry
16430248,Clothing storage: dresser,Bedroom and laundry
16430248,TV with Roku,Entertainment
16430248,Books and reading material,Entertainment
16430248,Window AC unit,Heating and cooling
16430248,Portable fans,Heating and cooling
16430248,Heating,Heating and cooling
16430248,Smoke alarm,Home safety
16430248,Carbon monoxide alarm,Home safety
16430248,Fire extinguisher,Home safety
16430248,First aid kit,Home safety
16430248,Wifi,Internet and office
16430248,Dedicated workspace,Internet and office
16430248,Kitchen,Kitchen and dining
16430248,Refrigerator,Kitchen and dining
16430248,Microwave,Kitchen and dining
16430248,Cooking basics,Kitchen and dining
16430248,Dishes and silverware,Kitchen and dining
16430248,Freezer,Kitchen and dining
16430248,Stove,Kitchen and dining
16430248,Oven,Kitchen and dining
16430248,Coffee maker,Kitchen and dining
16430248,Toaster,Kitchen and dining
16430248,Dining table,Kitchen and dining
16430248,Paid parking lot off premises,Parking and facilities
16430248,Paid parking on premises,Parking and facilities
16430248,Luggage dropoff allowed,Services
16430248,Long term stays allowed,Services
16430248,Self check-in,Services
16430248,Keypad,Services
16430248,Exterior security cameras on property,Not included
16430248,Washer,Not included
16430248,Dryer,Not included
1212893880121060294,Hair dryer,Bathroom
1212893880121060294,Hot water,Bathroom
1212893880121060294,Hangers,Bedroom and laundry
1212893880121060294,Bed linens,Bedroom and laundry
1212893880121060294,Air conditioning,Heating and cooling
1212893880121060294,Heating,Heating and cooling
1212893880121060294,Smoke alarm,Home safety
1212893880121060294,Carbon monoxide alarm,Home safety
1212893880121060294,Wifi,Internet and office
1212893880121060294,Refrigerator,Kitchen and dining
1212893880121060294,Microwave,Kitchen and dining
1212893880121060294,Hot water kettle,Kitchen and dining
1212893880121060294,Self check-in,Services
1212893880121060294,Lockbox,Services
1212893880121060294,Kitchen,Not included
1212893880121060294,TV with standard cable,Not included
1212893880121060294,Washer,Not included
1212893880121060294,Essentials,Not included
1212893880121060294,Shampoo,Not included
1212893880121060294,Private entrance,Not included
1105531878875307358,Hair dryer,Bathroom
1105531878875307358,Shampoo,Bathroom
1105531878875307358,Hot water,Bathroom
1105531878875307358,Essentials,Bedroom and laundry
1105531878875307358,Hangers,Bedroom and laundry
1105531878875307358,Iron,Bedroom and laundry
1105531878875307358,TV,Entertainment
1105531878875307358,Air conditioning,Heating and cooling
1105531878875307358,Lock on bedroom door,Privacy and safety
1105531878875307358,Smoke alarm,Privacy and safety
1105531878875307358,Carbon monoxide alarm,Privacy and safety
1105531878875307358,Fire extinguisher,Privacy and safety
1105531878875307358,First aid kit,Privacy and safety
1105531878875307358,Wifi,Internet and office
1105531878875307358,Dedicated workspace,Internet and office
1105531878875307358,Exterior security cameras on property,Not included
1105531878875307358,Kitchen,Not included
1105531878875307358,Washer,Not included
1105531878875307358,Private entrance,Not included
1105531878875307358,Heating,Not included
1493745390107438462,Bathtub,Bathroom
1493745390107438462,Hair dryer,Bathroom
1493745390107438462,Shampoo,Bathroom
1493745390107438462,Conditioner,Bathroom
1493745390107438462,Body soap,Bathroom
1493745390107438462,Outdoor shower,Bathroom
1493745390107438462,Hot water,Bathroom
1493745390107438462,Shower gel,Bathroom
1493745390107438462,Washer,Bedroom and laundry
1493745390107438462,Dryer,Bedroom and laundry
1493745390107438462,Essentials,Bedroom and laundry
1493745390107438462,Hangers,Bedroom and laundry
1493745390107438462,Bed linens,Bedroom and laundry
1493745390107438462,Extra pillows and blankets,Bedroom and laundry
1493745390107438462,Room-darkening shades,Bedroom and laundry
1493745390107438462,Iron,Bedroom and laundry
1493745390107438462,Mosquito net,Bedroom and laundry
1493745390107438462,Clothing storage,Bedroom and laundry
1493745390107438462,Ethernet connection,Entertainment
1493745390107438462,TV,Entertainment
1493745390107438462,Exercise equipment,Entertainment
1493745390107438462,Pool table,Entertainment
1493745390107438462,Crib - available upon request,Family
1493745390107438462,Air conditioning,Heating and cooling
1493745390107438462,Ceiling fan,Heating and cooling
1493745390107438462,Heating,Heating and cooling
1493745390107438462,Smoke alarm,Home safety
1493745390107438462,Fire extinguisher,Home safety
1493745390107438462,Wifi,Internet and office
1493745390107438462,Dedicated workspace,Internet and office
1493745390107438462,Kitchen,Kitchen and dining
1493745390107438462,Refrigerator,Kitchen and dining
1493745390107438462,Microwave,Kitchen and dining
1493745390107438462,Cooking basics,Kitchen and dining
1493745390107438462,Dishes and silverware,Kitchen and dining
1493745390107438462,Freezer,Kitchen and dining
1493745390107438462,Dishwasher,Kitchen and dining
1493745390107438462,Stove,Kitchen and dining
1493745390107438462,Oven,Kitchen and dining
1493745390107438462,Hot water kettle,Kitchen and dining
1493745390107438462,Coffee maker,Kitchen and dining
1493745390107438462,Wine glasses,Kitchen and dining
1493745390107438462,Toaster,Kitchen and dining
1493745390107438462,Trash compactor,Kitchen and dining
1493745390107438462,Barbecue utensils,Kitchen and dining
1493745390107438462,Dining table,Kitchen and dining
1493745390107438462,Coffee,Kitchen and dining
1493745390107438462,Private entrance,Location features
1493745390107438462,Resort access,Location features
1493745390107438462,Patio or balcony,Outdoor
1493745390107438462,Backyard,Outdoor
1493745390107438462,Fire pit,Outdoor
1493745390107438462,Outdoor furniture,Outdoor
1493745390107438462,Outdoor dining area,Outdoor
1493745390107438462,Outdoor kitchen,Outdoor
1493745390107438462,BBQ grill,Outdoor
1493745390107438462,Sun loungers,Outdoor
1493745390107438462,Free parking on premises,Parking and facilities
1493745390107438462,Free street parking,Parking and facilities
1493745390107438462,Pool,Parking and facilities
1493745390107438462,Hot tub,Parking and facilities
1493745390107438462,Elevator,Parking and facilities
1493745390107438462,EV charger,Parking and facilities
1493745390107438462,Gym,Parking and facilities
1493745390107438462,Pets allowed,Services
1493745390107438462,Luggage dropoff allowed,Services
1493745390107438462,Long term stays allowed,Services
1493745390107438462,Self check-in,Services
1493745390107438462,Smart lock,Services
1493745390107438462,"Housekeeping available 24 hours, every day - available at extra cost",Services
1493745390107438462,Exterior security cameras on property,Not included
1493745390107438462,Carbon monoxide alarm,Not included
571799455601186486,City skyline view,Scenic views
571799455601186486,Bathtub,Bathroom
571799455601186486,Hair dryer,Bathroom
571799455601186486,Shampoo,Bathroom
571799455601186486,Conditioner,Bathroom
571799455601186486,Body soap,Bathroom
571799455601186486,Shower gel,Bathroom
571799455601186486,Essentials,Bedroom and laundry
571799455601186486,Hangers,Bedroom and laundry
571799455601186486,Iron,Bedroom and laundry
571799455601186486,Safe,Bedroom and laundry
571799455601186486,TV,Entertainment
571799455601186486,Exercise equipment,Entertainment
571799455601186486,Crib,Family
571799455601186486,Air conditioning,Heating and cooling
571799455601186486,Heating,Heating and cooling
571799455601186486,Exterior security cameras on property,Home safety
571799455601186486,Smoke alarm,Home safety
571799455601186486,Carbon monoxide alarm,Home safety
571799455601186486,Fire extinguisher,Home safety
571799455601186486,First aid kit,Home safety
571799455601186486,Wifi,Internet and office
571799455601186486,Dedicated workspace,Internet and office
571799455601186486,Kitchen,Kitchen and dining
571799455601186486,Microwave,Kitchen and dining
571799455601186486,Dishes and silverware,Kitchen and dining
571799455601186486,Mini fridge,Kitchen and dining
571799455601186486,Freezer,Kitchen and dining
571799455601186486,Dining table,Kitchen and dining
571799455601186486,Coffee,Kitchen and dining
571799455601186486,Patio or balcony,Outdoor
571799455601186486,Outdoor furniture,Outdoor
571799455601186486,Free street parking,Parking and facilities
571799455601186486,Elevator,Parking and facilities
571799455601186486,Gym,Parking and facilities
571799455601186486,Private living room,Parking and facilities
571799455601186486,Pets allowed,Services
571799455601186486,Self check-in,Services
571799455601186486,Building staff,Services
571799455601186486,Washer,Not included
571799455601186486,Private entrance,Not included
1451691913671482452,Bathtub,Bathroom
1451691913671482452,Hair dryer,Bathroom
1451691913671482452,Shampoo,Bathroom
1451691913671482452,Conditioner,Bathroom
1451691913671482452,Hot water,Bathroom
1451691913671482452,Shower gel,Bathroom
1451691913671482452,Washer,Bedroom and laundry
1451691913671482452,Dryer,Bedroom and laundry
1451691913671482452,Hangers,Bedroom and laundry
1451691913671482452,Bed linens,Bedroom and laundry
1451691913671482452,Iron,Bedroom and laundry
1451691913671482452,Clothing storage,Bedroom and laundry
1451691913671482452,TV,Entertainment
1451691913671482452,Air conditioning,Heating and cooling
1451691913671482452,Heating,Heating and cooling
1451691913671482452,Smoke alarm,Home safety
1451691913671482452,Carbon monoxide alarm,Home safety
1451691913671482452,Wifi,Internet and office
1451691913671482452,Kitchen,Kitchen and dining
1451691913671482452,Refrigerator,Kitchen and dining
1451691913671482452,Microwave,Kitchen and dining
1451691913671482452,Cooking basics,Kitchen and dining
1451691913671482452,Dishes and silverware,Kitchen and dining
1451691913671482452,Freezer,Kitchen and dining
1451691913671482452,Dishwasher,Kitchen and dining
1451691913671482452,Stove,Kitchen and dining
1451691913671482452,Oven,Kitchen and dining
1451691913671482452,Coffee maker,Kitchen and dining
1451691913671482452,Trash compactor,Kitchen and dining
1451691913671482452,Dining table,Kitchen and dining
1451691913671482452,Coffee,Kitchen and dining
1451691913671482452,Patio or balcony,Outdoor
1451691913671482452,BBQ grill,Outdoor
1451691913671482452,Free parking on premises,Parking and facilities
1451691913671482452,Elevator,Parking and facilities
1451691913671482452,Gym,Parking and facilities
1451691913671482452,Exterior security cameras on property,Not included
1451691913671482452,Essentials,Not included
37082885,Garden view,Scenic views
37082885,Bathtub,Bathroom
37082885,Hair dryer,Bathroom
37082885,Cleaning products,Bathroom
37082885,Shampoo,Bathroom
37082885,Conditioner,Bathroom
37082885,Body soap,Bathroom
37082885,Hot water,Bathroom
37082885,Shower gel,Bathroom
37082885,Essentials,Bedroom and laundry
37082885,Hangers,Bedroom and laundry
37082885,Bed linens,Bedroom and laundry
37082885,Extra pillows and blankets,Bedroom and laundry
37082885,Room-darkening shades,Bedroom and laundry
37082885,Iron,Bedroom and laundry
37082885,Drying rack for clothing,Bedroom and laundry
37082885,Safe,Bedroom and laundry
37082885,Clothing storage: walk-in closet,Bedroom and laundry
37082885,45 inch HDTV,Entertainment
37082885,Exercise equipment: yoga mat,Entertainment
37082885,Books and reading material,Entertainment
37082885,Crib - always at the listing,Family
37082885,Children’s books and toys,Family
37082885,Standalone high chair - available upon request,Family
37082885,Changing table - available upon request,Family
37082885,Outlet covers,Family
37082885,Board games,Family
37082885,Babysitter recommendations,Family
37082885,Portable air conditioning,Heating and cooling
37082885,Portable fans,Heating and cooling
37082885,Central heating,Heating and cooling
37082885,Smoke alarm,Home safety
37082885,Carbon monoxide alarm,Home safety
37082885,Fire extinguisher,Home safety
37082885,First aid kit,Home safety
37082885,Wifi – 25 Mbps,Internet and office
37082885,Dedicated workspace,Internet and office
37082885,Kitchen,Kitchen and dining
37082885,Big  refrigerator,Kitchen and dining
37082885,Microwave,Kitchen and dining
37082885,Cooking basics,Kitchen and dining
37082885,Dishes and silverware,Kitchen and dining
37082885,Mini fridge,Kitchen and dining
37082885,Freezer,Kitchen and dining
37082885,Two burners induction  stove,Kitchen and dining
37082885,Microwave oven  stainless steel single oven,Kitchen and dining
37082885,Hot water kettle,Kitchen and dining
37082885,Coffee maker,Kitchen and dining
37082885,Wine glasses,Kitchen and dining
37082885,Toaster,Kitchen and dining
37082885,Baking sheet,Kitchen and dining
37082885,Dining table,Kitchen and dining
37082885,Coffee,Kitchen and dining
37082885,Private entrance,Location features
37082885,Laundromat nearby,Location features
37082885,Private patio or balcony,Outdoor
37082885,Private backyard – Fully fenced,Outdoor
37082885,Outdoor furniture,Outdoor
37082885,Outdoor dining area,Outdoor
37082885,Sun loungers,Outdoor
37082885,Free parking on premises,Parking and facilities
37082885,Free street parking,Parking and facilities
37082885,Paid parking garage on premises,Parking and facilities
37082885,Single level home,Parking and facilities
37082885,Luggage dropoff allowed,Services
37082885,Long term stays allowed,Services
37082885,Self check-in,Services
37082885,Lockbox,Services
37082885,Exterior security cameras on property,Not included
37082885,Washer,Not included
37082885,Dryer,Not included
1070450891681156687,Hair dryer,Bathroom
1070450891681156687,Shampoo,Bathroom
1070450891681156687,Body soap,Bathroom
1070450891681156687,Essentials,Bedroom and laundry
1070450891681156687,Hangers,Bedroom and laundry
1070450891681156687,Bed linens,Bedroom and laundry
1070450891681156687,Iron,Bedroom and laundry
1070450891681156687,Safe,Bedroom and laundry
6729222,Hangers,Bedroom and laundry
1070450891681156687,TV with standard cable,Entertainment
1070450891681156687,Air conditioning,Heating and cooling
1070450891681156687,Heating,Heating and cooling
1070450891681156687,Smoke alarm,Home safety
1070450891681156687,Carbon monoxide alarm,Home safety
1070450891681156687,Wifi,Internet and office
1070450891681156687,Dedicated workspace,Internet and office
1070450891681156687,Coffee maker,Kitchen and dining
1070450891681156687,Private entrance,Location features
1070450891681156687,Elevator,Parking and facilities
1070450891681156687,Gym,Parking and facilities
1070450891681156687,Paid parking off premises,Parking and facilities
1070450891681156687,Pets allowed,Services
1070450891681156687,Host greets you,Services
1070450891681156687,Kitchen,Not included
1070450891681156687,Washer,Not included
48170773,Mountain view,Scenic views
48170773,Bathtub,Bathroom
48170773,Hair dryer,Bathroom
48170773,Cleaning products,Bathroom
48170773,Dove shampoo,Bathroom
48170773,Dove conditioner,Bathroom
48170773,Dove body soap,Bathroom
48170773,Hot water,Bathroom
48170773,Shower gel,Bathroom
48170773,Free washer – In building,Bedroom and laundry
48170773,Free dryer – In building,Bedroom and laundry
48170773,Essentials,Bedroom and laundry
48170773,Hangers,Bedroom and laundry
48170773,Bed linens,Bedroom and laundry
48170773,Extra pillows and blankets,Bedroom and laundry
48170773,Room-darkening shades,Bedroom and laundry
48170773,Iron,Bedroom and laundry
48170773,"Clothing storage: walk-in closet, closet, and dresser",Bedroom and laundry
48170773,Ethernet connection,Entertainment
48170773,83 inch HDTV with DVD player,Entertainment
48170773,Sonos sound system,Entertainment
48170773,Game console: PS4,Entertainment
48170773,Books and reading material,Entertainment
48170773,Children’s books and toys for ages 5-10 years old,Family
48170773,Fireplace guards,Family
48170773,Central air conditioning,Heating and cooling
48170773,"Indoor fireplace: electric, gas",Heating and cooling
48170773,Portable fans,Heating and cooling
48170773,Central heating,Heating and cooling
48170773,Exterior security cameras on property,Home safety
48170773,Smoke alarm,Home safety
48170773,Carbon monoxide alarm,Home safety
48170773,Fire extinguisher,Home safety
48170773,First aid kit,Home safety
48170773,Wifi,Internet and office
48170773,Kitchen,Kitchen and dining
48170773,Sub Zero refrigerator,Kitchen and dining
48170773,Cooking basics,Kitchen and dining
48170773,Dishes and silverware,Kitchen and dining
48170773,Mini fridge,Kitchen and dining
48170773,Freezer,Kitchen and dining
48170773,Dishwasher,Kitchen and dining
48170773,Wolf stainless steel induction stove,Kitchen and dining
48170773,Miele stainless steel oven,Kitchen and dining
48170773,Hot water kettle,Kitchen and dining
48170773,Coffee maker: Keurig coffee machine,Kitchen and dining
48170773,Wine glasses,Kitchen and dining
48170773,Toaster,Kitchen and dining
48170773,Barbecue utensils,Kitchen and dining
48170773,Dining table,Kitchen and dining
48170773,Coffee,Kitchen and dining
48170773,Private entrance,Location features
48170773,Laundromat nearby,Location features
48170773,Private patio or balcony,Outdoor
48170773,Private backyard – Fully fenced,Outdoor
48170773,Fire pit,Outdoor
48170773,Outdoor furniture,Outdoor
48170773,BBQ grill: gas,Outdoor
48170773,Free parking on premises,Parking and facilities
48170773,Free street parking,Parking and facilities
48170773,Paid street parking off premises,Parking and facilities
48170773,Self check-in,Services
48170773,Lockbox,Services
1233441768530587664,Hair dryer,Bathroom
1233441768530587664,Cleaning products,Bathroom
1233441768530587664,Shampoo,Bathroom
1233441768530587664,Body soap,Bathroom
1233441768530587664,Hot water,Bathroom
1233441768530587664,Shower gel,Bathroom
1233441768530587664,Essentials,Bedroom and laundry
1233441768530587664,Hangers,Bedroom and laundry
1233441768530587664,Bed linens,Bedroom and laundry
1233441768530587664,Extra pillows and blankets,Bedroom and laundry
1233441768530587664,Room-darkening shades,Bedroom and laundry
1233441768530587664,Iron,Bedroom and laundry
1233441768530587664,Safe,Bedroom and laundry
1233441768530587664,Clothing storage,Bedroom and laundry
1233441768530587664,TV,Entertainment
1233441768530587664,Air conditioning,Heating and cooling
1233441768530587664,Heating,Heating and cooling
1233441768530587664,Lock on bedroom door,Privacy and safety
1233441768530587664,Exterior security cameras on property,Privacy and safety
1233441768530587664,Smoke alarm,Privacy and safety
1233441768530587664,Carbon monoxide alarm,Privacy and safety
1233441768530587664,Fire extinguisher,Privacy and safety
1233441768530587664,First aid kit,Privacy and safety
1233441768530587664,Wifi,Internet and office
1233441768530587664,Dedicated workspace,Internet and office
1233441768530587664,Kitchen,Kitchen and dining
1233441768530587664,Refrigerator,Kitchen and dining
1233441768530587664,Microwave,Kitchen and dining
1233441768530587664,Cooking basics,Kitchen and dining
1233441768530587664,Dishes and silverware,Kitchen and dining
1233441768530587664,Freezer,Kitchen and dining
1233441768530587664,Dishwasher,Kitchen and dining
1233441768530587664,Stove,Kitchen and dining
1233441768530587664,Oven,Kitchen and dining
1233441768530587664,Hot water kettle,Kitchen and dining
1233441768530587664,Coffee maker,Kitchen and dining
1233441768530587664,Wine glasses,Kitchen and dining
1233441768530587664,Toaster,Kitchen and dining
1233441768530587664,Baking sheet,Kitchen and dining
1233441768530587664,Trash compactor,Kitchen and dining
1233441768530587664,Dining table,Kitchen and dining
1233441768530587664,Coffee,Kitchen and dining
1233441768530587664,Laundromat nearby,Location features
1233441768530587664,Luggage dropoff allowed,Services
1233441768530587664,Long term stays allowed,Services
1233441768530587664,Self check-in,Services
1233441768530587664,Keypad,Services
1233441768530587664,Washer,Not included
1233441768530587664,Dryer,Not included
1177478027022642683,Hair dryer,Bathroom
1177478027022642683,Shampoo,Bathroom
1177478027022642683,Body soap,Bathroom
1177478027022642683,Hot water,Bathroom
1177478027022642683,Essentials,Bedroom and laundry
1177478027022642683,Iron,Bedroom and laundry
1177478027022642683,TV,Entertainment
1177478027022642683,Heating,Heating and cooling
1177478027022642683,Smoke alarm,Home safety
1177478027022642683,Carbon monoxide alarm,Home safety
1177478027022642683,Fast wifi – 323 Mbps,Internet and office
1177478027022642683,Dedicated workspace,Internet and office
1177478027022642683,Microwave,Kitchen and dining
1177478027022642683,Mini fridge,Kitchen and dining
1177478027022642683,Private entrance,Location features
1177478027022642683,Laundromat nearby,Location features
1177478027022642683,Elevator,Parking and facilities
1177478027022642683,Gym,Parking and facilities
1177478027022642683,Paid parking off premises,Parking and facilities
1177478027022642683,Pets allowed,Services
1177478027022642683,Luggage dropoff allowed,Services
1177478027022642683,Self check-in,Services
1177478027022642683,Smart lock,Services
1177478027022642683,Housekeeping - available at extra cost,Services
1177478027022642683,Kitchen,Not included
1177478027022642683,Washer,Not included
1177478027022642683,Air conditioning,Not included
1551891234387394807,Bathtub,Bathroom
1551891234387394807,Hair dryer,Bathroom
1551891234387394807,Shampoo,Bathroom
1551891234387394807,Conditioner,Bathroom
1551891234387394807,Body soap,Bathroom
1551891234387394807,Hot water,Bathroom
1551891234387394807,Shower gel,Bathroom
1551891234387394807,Essentials,Bedroom and laundry
1551891234387394807,Hangers,Bedroom and laundry
1551891234387394807,Bed linens,Bedroom and laundry
1551891234387394807,Iron,Bedroom and laundry
1551891234387394807,Clothing storage: closet,Bedroom and laundry
1551891234387394807,TV,Entertainment
1551891234387394807,Air conditioning,Heating and cooling
1551891234387394807,Central heating,Heating and cooling
1551891234387394807,Exterior security cameras on property,Home safety
1551891234387394807,Smoke alarm,Home safety
1551891234387394807,Carbon monoxide alarm,Home safety
1551891234387394807,Fire extinguisher,Home safety
1551891234387394807,Wifi,Internet and office
1551891234387394807,Kitchen,Kitchen and dining
1551891234387394807,Refrigerator,Kitchen and dining
1551891234387394807,Microwave,Kitchen and dining
1551891234387394807,Cooking basics,Kitchen and dining
1551891234387394807,Dishes and silverware,Kitchen and dining
1551891234387394807,Freezer,Kitchen and dining
1551891234387394807,Dishwasher,Kitchen and dining
1551891234387394807,Stove,Kitchen and dining
1551891234387394807,Oven,Kitchen and dining
1551891234387394807,Coffee maker: Keurig coffee machine,Kitchen and dining
1551891234387394807,Baking sheet,Kitchen and dining
1551891234387394807,Dining table,Kitchen and dining
1551891234387394807,Coffee,Kitchen and dining
1551891234387394807,Patio or balcony,Outdoor
1551891234387394807,Backyard,Outdoor
1551891234387394807,Free street parking,Parking and facilities
1551891234387394807,Washer,Not included
1551891234387394807,Private entrance,Not included
43310986,Hair dryer,Bathroom
43310986,Shampoo,Bathroom
43310986,Washer – In building,Bedroom and laundry
43310986,Essentials,Bedroom and laundry
43310986,Hangers,Bedroom and laundry
43310986,Room-darkening shades,Bedroom and laundry
43310986,Iron,Bedroom and laundry
43310986,Clothing storage: closet,Bedroom and laundry
43310986,TV,Entertainment
43310986,Air conditioning,Heating and cooling
43310986,Heating,Heating and cooling
43310986,Exterior security cameras on property,Home safety
43310986,Smoke alarm,Home safety
43310986,Carbon monoxide alarm,Home safety
43310986,Wifi,Internet and office
43310986,Kitchen,Kitchen and dining
43310986,Refrigerator,Kitchen and dining
43310986,Microwave,Kitchen and dining
43310986,Dishes and silverware,Kitchen and dining
43310986,Mini fridge,Kitchen and dining
43310986,HOT PLATE induction stove,Kitchen and dining
43310986,Coffee maker,Kitchen and dining
43310986,Private entrance,Location features
43310986,Laundromat nearby,Location features
43310986,Free street parking,Parking and facilities
43310986,Elevator,Parking and facilities
43310986,Dryer,Not included
43310986,Hot water,Not included
2686412,Bathtub,Bathroom
2686412,Hair dryer,Bathroom
2686412,Shampoo,Bathroom
2686412,Hot water,Bathroom
2686412,Essentials,Bedroom and laundry
2686412,Hangers,Bedroom and laundry
2686412,Iron,Bedroom and laundry
2686412,Air conditioning,Heating and cooling
2686412,Heating,Heating and cooling
2686412,Exterior security cameras on property,Home safety
2686412,Smoke alarm,Home safety
2686412,Carbon monoxide alarm,Home safety
2686412,Fire extinguisher,Home safety
2686412,First aid kit,Home safety
2686412,Wifi,Internet and office
2686412,Kitchen,Kitchen and dining
2686412,Refrigerator,Kitchen and dining
2686412,Microwave,Kitchen and dining
2686412,Cooking basics,Kitchen and dining
2686412,Dishes and silverware,Kitchen and dining
2686412,Dishwasher,Kitchen and dining
2686412,Stove,Kitchen and dining
2686412,Oven,Kitchen and dining
2686412,Coffee maker,Kitchen and dining
2686412,Free street parking,Parking and facilities
2686412,Single level home,Parking and facilities
2686412,Host greets you,Services
2686412,Lock on bedroom door,Privacy and safety
2686412,TV,Privacy and safety
2686412,Washer,Privacy and safety
2686412,Dryer,Privacy and safety
1170453307286952641,Bathtub,Bathroom
1170453307286952641,Hair dryer,Bathroom
1170453307286952641,Shampoo,Bathroom
1170453307286952641,Conditioner,Bathroom
1170453307286952641,Body soap,Bathroom
1170453307286952641,Hot water,Bathroom
1170453307286952641,Shower gel,Bathroom
1170453307286952641,Essentials,Bedroom and laundry
1170453307286952641,Hangers,Bedroom and laundry
1170453307286952641,Bed linens,Bedroom and laundry
1170453307286952641,Room-darkening shades,Bedroom and laundry
1170453307286952641,Iron,Bedroom and laundry
1170453307286952641,TV,Entertainment
1170453307286952641,Pack ’n play/Travel crib - available upon request,Family
1170453307286952641,Window AC unit,Heating and cooling
1170453307286952641,Heating,Heating and cooling
1170453307286952641,Exterior security cameras on property,Home safety
1170453307286952641,Smoke alarm,Home safety
1170453307286952641,Carbon monoxide alarm,Home safety
1170453307286952641,Fast wifi – 352 Mbps,Internet and office
1170453307286952641,Dedicated workspace,Internet and office
1170453307286952641,Microwave,Kitchen and dining
1170453307286952641,Mini fridge,Kitchen and dining
1170453307286952641,Coffee maker,Kitchen and dining
1170453307286952641,Coffee,Kitchen and dining
1170453307286952641,Laundromat nearby,Location features
1170453307286952641,Elevator,Parking and facilities
1170453307286952641,Gym,Parking and facilities
1170453307286952641,Paid parking off premises,Parking and facilities
1170453307286952641,Pets allowed,Services
1170453307286952641,Self check-in,Services
1170453307286952641,Smart lock,Services
1170453307286952641,Housekeeping - available at extra cost,Services
1170453307286952641,Kitchen,Not included
1170453307286952641,Washer,Not included
1170453307286952641,Private entrance,Not included
566115227830033854,Bathtub,Bathroom
566115227830033854,Hair dryer,Bathroom
566115227830033854,Shampoo,Bathroom
566115227830033854,Conditioner,Bathroom
566115227830033854,Body soap,Bathroom
566115227830033854,Hot water,Bathroom
566115227830033854,Shower gel,Bathroom
566115227830033854,Essentials,Bedroom and laundry
566115227830033854,Hangers,Bedroom and laundry
566115227830033854,Iron,Bedroom and laundry
566115227830033854,Safe,Bedroom and laundry
566115227830033854,TV,Entertainment
566115227830033854,Exercise equipment,Entertainment
566115227830033854,Crib - available upon request,Family
566115227830033854,Air conditioning,Heating and cooling
566115227830033854,Central heating,Heating and cooling
566115227830033854,Exterior security cameras on property,Home safety
566115227830033854,Smoke alarm,Home safety
566115227830033854,Carbon monoxide alarm,Home safety
566115227830033854,Fire extinguisher,Home safety
566115227830033854,First aid kit,Home safety
566115227830033854,Wifi,Internet and office
566115227830033854,Dedicated workspace,Internet and office
566115227830033854,Kitchen,Kitchen and dining
566115227830033854,Microwave,Kitchen and dining
566115227830033854,Dishes and silverware,Kitchen and dining
566115227830033854,Mini fridge,Kitchen and dining
566115227830033854,Freezer,Kitchen and dining
566115227830033854,Coffee maker,Kitchen and dining
566115227830033854,Wine glasses,Kitchen and dining
566115227830033854,Dining table,Kitchen and dining
566115227830033854,Coffee,Kitchen and dining
566115227830033854,Private patio or balcony,Outdoor
566115227830033854,Free street parking,Parking and facilities
566115227830033854,Shared gym in building,Parking and facilities
566115227830033854,Pets allowed,Services
566115227830033854,Self check-in,Services
566115227830033854,Building staff,Services
566115227830033854,Washer,Not included
566115227830033854,Private entrance,Not included
1482206149760284092,Bathtub,Bathroom
1482206149760284092,Hair dryer,Bathroom
1482206149760284092,Cleaning products,Bathroom
1482206149760284092,Shampoo,Bathroom
1482206149760284092,Conditioner,Bathroom
1482206149760284092,Body soap,Bathroom
1482206149760284092,Hot water,Bathroom
1482206149760284092,Shower gel,Bathroom
1482206149760284092,Washer,Bedroom and laundry
1482206149760284092,Free dryer – In unit,Bedroom and laundry
1482206149760284092,Essentials,Bedroom and laundry
1482206149760284092,Hangers,Bedroom and laundry
1482206149760284092,Bed linens,Bedroom and laundry
1482206149760284092,Extra pillows and blankets,Bedroom and laundry
1482206149760284092,Iron,Bedroom and laundry
1482206149760284092,Ethernet connection,Entertainment
1482206149760284092,TV,Entertainment
1482206149760284092,Exercise equipment,Entertainment
1482206149760284092,Air conditioning,Heating and cooling
1482206149760284092,Central heating,Heating and cooling
1482206149760284092,Smoke alarm,Home safety
1482206149760284092,Carbon monoxide alarm,Home safety
1482206149760284092,Fire extinguisher,Home safety
1482206149760284092,First aid kit,Home safety
1482206149760284092,Wifi,Internet and office
1482206149760284092,Dedicated workspace,Internet and office
1482206149760284092,Kitchen,Kitchen and dining
1482206149760284092,Refrigerator,Kitchen and dining
1482206149760284092,Microwave,Kitchen and dining
1482206149760284092,Cooking basics,Kitchen and dining
1482206149760284092,Dishes and silverware,Kitchen and dining
1482206149760284092,Freezer,Kitchen and dining
1482206149760284092,Dishwasher,Kitchen and dining
1482206149760284092,Gas stove,Kitchen and dining
1482206149760284092,Stainless steel single oven,Kitchen and dining
1482206149760284092,Hot water kettle,Kitchen and dining
1482206149760284092,Coffee maker: Keurig coffee machine,Kitchen and dining
1482206149760284092,Wine glasses,Kitchen and dining
1482206149760284092,Toaster,Kitchen and dining
1482206149760284092,Blender,Kitchen and dining
1482206149760284092,Dining table,Kitchen and dining
1482206149760284092,Coffee,Kitchen and dining
1482206149760284092,Laundromat nearby,Location features
1482206149760284092,Fire pit,Outdoor
1482206149760284092,Outdoor furniture,Outdoor
1482206149760284092,Outdoor dining area,Outdoor
1482206149760284092,Outdoor kitchen with oven,Outdoor
1482206149760284092,BBQ grill,Outdoor
1482206149760284092,Free parking on premises,Parking and facilities
1482206149760284092,Free street parking,Parking and facilities
1482206149760284092,Pool,Parking and facilities
1482206149760284092,Hot tub,Parking and facilities
1482206149760284092,Elevator,Parking and facilities
1482206149760284092,Shared gym in building,Parking and facilities
1482206149760284092,Pets allowed,Services
1482206149760284092,Luggage dropoff allowed,Services
1482206149760284092,Long term stays allowed,Services
1482206149760284092,Exterior security cameras on property,Not included
1166675065640040160,Hair dryer,Bathroom
1166675065640040160,Shampoo,Bathroom
1166675065640040160,Hot water,Bathroom
1166675065640040160,Essentials,Bedroom and laundry
1166675065640040160,Hangers,Bedroom and laundry
1166675065640040160,Bed linens,Bedroom and laundry
1166675065640040160,Iron,Bedroom and laundry
1166675065640040160,Ethernet connection,Entertainment
1523479926217161224,TV,Not included
1166675065640040160,TV,Entertainment
1166675065640040160,Air conditioning,Heating and cooling
1166675065640040160,Ceiling fan,Heating and cooling
1166675065640040160,Portable heater,Heating and cooling
1166675065640040160,Smoke alarm,Home safety
1166675065640040160,Carbon monoxide alarm,Home safety
1166675065640040160,Wifi,Internet and office
1166675065640040160,Refrigerator,Kitchen and dining
1166675065640040160,Microwave,Kitchen and dining
1166675065640040160,Cooking basics,Kitchen and dining
1166675065640040160,Dishes and silverware,Kitchen and dining
1166675065640040160,Freezer,Kitchen and dining
1166675065640040160,Stove,Kitchen and dining
1166675065640040160,Single oven,Kitchen and dining
1166675065640040160,Hot water kettle,Kitchen and dining
1166675065640040160,Coffee maker: drip coffee maker,Kitchen and dining
1166675065640040160,Toaster,Kitchen and dining
1166675065640040160,Kitchenette,Kitchen and dining
1166675065640040160,Coffee,Kitchen and dining
1166675065640040160,Laundromat nearby,Location features
1166675065640040160,Free street parking,Parking and facilities
1166675065640040160,Exterior security cameras on property,Not included
1166675065640040160,Kitchen,Not included
1166675065640040160,Washer,Not included
1166675065640040160,Dryer,Not included
34231172,Hair dryer,Bathroom
34231172,Shampoo,Bathroom
34231172,Hot water,Bathroom
34231172,Essentials,Bedroom and laundry
34231172,Hangers,Bedroom and laundry
34231172,Bed linens,Bedroom and laundry
34231172,Extra pillows and blankets,Bedroom and laundry
34231172,Iron,Bedroom and laundry
34231172,TV,Entertainment
34231172,Board games,Family
34231172,Window AC unit,Heating and cooling
34231172,Heating,Heating and cooling
34231172,Smoke alarm,Home safety
34231172,Carbon monoxide alarm,Home safety
34231172,Fire extinguisher,Home safety
34231172,Wifi,Internet and office
34231172,Kitchen,Kitchen and dining
34231172,Refrigerator,Kitchen and dining
34231172,Microwave,Kitchen and dining
34231172,Cooking basics,Kitchen and dining
34231172,Dishes and silverware,Kitchen and dining
34231172,Stove,Kitchen and dining
34231172,Oven,Kitchen and dining
34231172,Coffee maker,Kitchen and dining
34231172,Waterfront,Location features
34231172,Private entrance,Location features
34231172,Laundromat nearby,Location features
34231172,Free street parking,Parking and facilities
34231172,Self check-in,Services
34231172,Keypad,Services
34231172,Washer,Not included
34231172,Dryer,Not included
1147174224210375956,Hair dryer,Bathroom
1147174224210375956,Cleaning products,Bathroom
1147174224210375956,Shampoo,Bathroom
1147174224210375956,Conditioner,Bathroom
1147174224210375956,Body soap,Bathroom
1147174224210375956,Hot water,Bathroom
1147174224210375956,Shower gel,Bathroom
1147174224210375956,Washer,Bedroom and laundry
1147174224210375956,Free dryer – In unit,Bedroom and laundry
1147174224210375956,Essentials,Bedroom and laundry
1147174224210375956,Hangers,Bedroom and laundry
1147174224210375956,Bed linens,Bedroom and laundry
1147174224210375956,Extra pillows and blankets,Bedroom and laundry
1147174224210375956,Room-darkening shades,Bedroom and laundry
1147174224210375956,Iron,Bedroom and laundry
1147174224210375956,Drying rack for clothing,Bedroom and laundry
1147174224210375956,Clothing storage: closet,Bedroom and laundry
1147174224210375956,AC - split type ductless system,Heating and cooling
1147174224210375956,Heating - split type ductless system,Heating and cooling
1147174224210375956,Lock on bedroom door,Privacy and safety
1147174224210375956,Exterior security cameras on property,Privacy and safety
1147174224210375956,Smoke alarm,Privacy and safety
1147174224210375956,Carbon monoxide alarm,Privacy and safety
1147174224210375956,Fire extinguisher,Privacy and safety
1147174224210375956,First aid kit,Privacy and safety
1147174224210375956,Wifi,Internet and office
1147174224210375956,Dedicated workspace,Internet and office
1147174224210375956,Kitchen,Kitchen and dining
1147174224210375956,Refrigerator,Kitchen and dining
1147174224210375956,Microwave,Kitchen and dining
1147174224210375956,Cooking basics,Kitchen and dining
1147174224210375956,Dishes and silverware,Kitchen and dining
1147174224210375956,Freezer,Kitchen and dining
1147174224210375956,Stainless steel gas stove,Kitchen and dining
1147174224210375956,Stainless steel single oven,Kitchen and dining
1147174224210375956,Hot water kettle,Kitchen and dining
1147174224210375956,Coffee maker,Kitchen and dining
1147174224210375956,Toaster,Kitchen and dining
1147174224210375956,Dining table,Kitchen and dining
1147174224210375956,Laundromat nearby,Location features
6237443,TV,Privacy and safety
1147174224210375956,Free street parking,Parking and facilities
1147174224210375956,Luggage dropoff allowed,Services
1147174224210375956,Self check-in,Services
1147174224210375956,Keypad,Services
1147174224210375956,TV,Not included
1093615036600977781,Bathtub,Bathroom
1093615036600977781,Hair dryer,Bathroom
1093615036600977781,Cleaning products,Bathroom
1093615036600977781,Shampoo,Bathroom
1093615036600977781,Conditioner,Bathroom
1093615036600977781,Body soap,Bathroom
1093615036600977781,Hot water,Bathroom
1093615036600977781,Shower gel,Bathroom
1093615036600977781,Essentials,Bedroom and laundry
1093615036600977781,Hangers,Bedroom and laundry
1093615036600977781,Bed linens,Bedroom and laundry
1093615036600977781,Extra pillows and blankets,Bedroom and laundry
1093615036600977781,Room-darkening shades,Bedroom and laundry
1093615036600977781,Iron,Bedroom and laundry
1093615036600977781,Mosquito net,Bedroom and laundry
1093615036600977781,Clothing storage,Bedroom and laundry
1093615036600977781,TV,Entertainment
1093615036600977781,Books and reading material,Entertainment
1093615036600977781,Crib,Family
1093615036600977781,Air conditioning,Heating and cooling
1093615036600977781,Heating,Heating and cooling
1093615036600977781,Lock on bedroom door,Privacy and safety
1093615036600977781,Smoke alarm,Privacy and safety
1093615036600977781,Carbon monoxide alarm,Privacy and safety
1093615036600977781,Fire extinguisher,Privacy and safety
1093615036600977781,Wifi,Internet and office
1093615036600977781,Kitchen,Kitchen and dining
1093615036600977781,Refrigerator,Kitchen and dining
1093615036600977781,Microwave,Kitchen and dining
1093615036600977781,Cooking basics,Kitchen and dining
1093615036600977781,Dishes and silverware,Kitchen and dining
1093615036600977781,Freezer,Kitchen and dining
1093615036600977781,Oven,Kitchen and dining
1093615036600977781,Coffee maker,Kitchen and dining
1093615036600977781,Blender,Kitchen and dining
1093615036600977781,Dining table,Kitchen and dining
1093615036600977781,Laundromat nearby,Location features
1093615036600977781,Patio or balcony,Outdoor
1093615036600977781,Paid parking off premises,Parking and facilities
1093615036600977781,Pets allowed,Services
1093615036600977781,Luggage dropoff allowed,Services
1093615036600977781,Long term stays allowed,Services
1093615036600977781,Host greets you,Services
1093615036600977781,Exterior security cameras on property,Not included
1093615036600977781,Washer,Not included
1093615036600977781,Dryer,Not included
4968633,Garden view,Scenic views
4968633,Hair dryer,Bathroom
4968633,Shampoo,Bathroom
4968633,Dove conditioner,Bathroom
4968633,Dove body soap,Bathroom
4968633,Hot water,Bathroom
4968633,Shower gel,Bathroom
4968633,Essentials,Bedroom and laundry
4968633,Hangers,Bedroom and laundry
4968633,Bed linens,Bedroom and laundry
4968633,Extra pillows and blankets,Bedroom and laundry
4968633,Room-darkening shades,Bedroom and laundry
4968633,Iron,Bedroom and laundry
4968633,Drying rack for clothing,Bedroom and laundry
4968633,Clothing storage: closet,Bedroom and laundry
4968633,Ethernet connection,Entertainment
4968633,TV,Entertainment
4968633,Books and reading material,Entertainment
4968633,Children’s books and toys,Family
4968633,Children’s dinnerware,Family
4968633,Fireplace guards,Family
4968633,Window guards,Family
4968633,Board games,Family
4968633,Babysitter recommendations,Family
4968633,Outdoor playground,Family
4968633,Window AC unit,Heating and cooling
4968633,Ceiling fan,Heating and cooling
4968633,Portable fans,Heating and cooling
4968633,Heating,Heating and cooling
4968633,Lock on bedroom door,Privacy and safety
4968633,Exterior security cameras on property,Privacy and safety
4968633,Smoke alarm,Privacy and safety
4968633,Carbon monoxide alarm,Privacy and safety
4968633,Fire extinguisher,Privacy and safety
4968633,First aid kit,Privacy and safety
4968633,Wifi,Internet and office
4968633,Dedicated workspace,Internet and office
4968633,Kitchen,Kitchen and dining
4968633,Refrigerator,Kitchen and dining
4968633,Microwave,Kitchen and dining
4968633,Cooking basics,Kitchen and dining
4968633,Dishes and silverware,Kitchen and dining
4968633,Mini fridge,Kitchen and dining
4968633,Freezer,Kitchen and dining
4968633,Stove,Kitchen and dining
4968633,Oven,Kitchen and dining
4968633,Hot water kettle,Kitchen and dining
4968633,Coffee maker,Kitchen and dining
4968633,Wine glasses,Kitchen and dining
4968633,Toaster,Kitchen and dining
4968633,Baking sheet,Kitchen and dining
4968633,Rice maker,Kitchen and dining
4968633,Dining table,Kitchen and dining
4968633,Laundromat nearby,Location features
4968633,Beach essentials,Outdoor
4968633,Free street parking,Parking and facilities
4968633,Private living room,Parking and facilities
4968633,Luggage dropoff allowed,Services
4968633,Long term stays allowed,Services
4968633,Host greets you,Services
4968633,Washer,Not included
4968633,Dryer,Not included
1544253294841494056,Hair dryer,Bathroom
1544253294841494056,Shampoo,Bathroom
1544253294841494056,Conditioner,Bathroom
1544253294841494056,Hot water,Bathroom
1544253294841494056,Shower gel,Bathroom
1544253294841494056,Essentials,Bedroom and laundry
1544253294841494056,Bed linens,Bedroom and laundry
1544253294841494056,Room-darkening shades,Bedroom and laundry
1544253294841494056,TV,Entertainment
1544253294841494056,Crib,Family
1544253294841494056,Air conditioning,Heating and cooling
1544253294841494056,Heating,Heating and cooling
1544253294841494056,Wifi,Internet and office
1544253294841494056,Dedicated workspace,Internet and office
1544253294841494056,Pool,Parking and facilities
1544253294841494056,Elevator,Parking and facilities
1544253294841494056,Gym,Parking and facilities
1544253294841494056,Luggage dropoff allowed,Services
1544253294841494056,Self check-in,Services
1544253294841494056,Building staff,Services
1544253294841494056,Kitchen,Not included
1544253294841494056,Washer,Not included
1544253294841494056,Smoke alarm,Not included
1544253294841494056,Carbon monoxide alarm,Not included
1544253294841494056,Private entrance,Not included
52611526,Bathtub,Bathroom
52611526,Hair dryer,Bathroom
52611526,Shampoo,Bathroom
52611526,Hot water,Bathroom
52611526,Shower gel,Bathroom
52611526,Paid washer,Bedroom and laundry
52611526,Paid dryer,Bedroom and laundry
52611526,Essentials,Bedroom and laundry
52611526,Hangers,Bedroom and laundry
52611526,Bed linens,Bedroom and laundry
52611526,Room-darkening shades,Bedroom and laundry
52611526,Clothing storage,Bedroom and laundry
52611526,TV,Entertainment
52611526,Exercise equipment,Entertainment
52611526,Central air conditioning,Heating and cooling
52611526,Heating,Heating and cooling
52611526,Lock on bedroom door,Privacy and safety
52611526,Exterior security cameras on property,Privacy and safety
52611526,Smoke alarm,Privacy and safety
52611526,Carbon monoxide alarm,Privacy and safety
52611526,Fast wifi – 102 Mbps,Internet and office
52611526,Dedicated workspace,Internet and office
52611526,Kitchen,Kitchen and dining
52611526,Refrigerator,Kitchen and dining
52611526,Microwave,Kitchen and dining
52611526,Cooking basics,Kitchen and dining
52611526,Dishes and silverware,Kitchen and dining
52611526,Dishwasher,Kitchen and dining
52611526,Stove,Kitchen and dining
52611526,Oven,Kitchen and dining
52611526,Baking sheet,Kitchen and dining
52611526,Blender,Kitchen and dining
52611526,Private patio or balcony,Outdoor
52611526,Outdoor furniture,Outdoor
52611526,Outdoor dining area,Outdoor
52611526,BBQ grill,Outdoor
52611526,Free street parking,Parking and facilities
52611526,Elevator,Parking and facilities
52611526,Gym,Parking and facilities
52611526,Self check-in,Services
52611526,Lockbox,Services
1032617056422118872,Bathtub,Bathroom
1032617056422118872,Hair dryer,Bathroom
1032617056422118872,Shampoo,Bathroom
1032617056422118872,Conditioner,Bathroom
1032617056422118872,Body soap,Bathroom
1032617056422118872,Hot water,Bathroom
1032617056422118872,Shower gel,Bathroom
1032617056422118872,Washer,Bedroom and laundry
1032617056422118872,Hangers,Bedroom and laundry
1032617056422118872,Bed linens,Bedroom and laundry
1032617056422118872,Room-darkening shades,Bedroom and laundry
1032617056422118872,Iron,Bedroom and laundry
1032617056422118872,Clothing storage: closet and dresser,Bedroom and laundry
1032617056422118872,TV,Entertainment
1032617056422118872,Air conditioning,Heating and cooling
1032617056422118872,Heating - split type ductless system,Heating and cooling
1032617056422118872,Exterior security cameras on property,Home safety
1032617056422118872,Smoke alarm,Home safety
1032617056422118872,Carbon monoxide alarm,Home safety
1032617056422118872,Fire extinguisher,Home safety
1032617056422118872,Wifi,Internet and office
1032617056422118872,Kitchen,Kitchen and dining
1032617056422118872,Refrigerator,Kitchen and dining
1032617056422118872,Microwave,Kitchen and dining
1032617056422118872,Cooking basics,Kitchen and dining
1032617056422118872,Dishes and silverware,Kitchen and dining
1032617056422118872,Freezer,Kitchen and dining
1032617056422118872,Dishwasher,Kitchen and dining
1032617056422118872,Gas stove,Kitchen and dining
1032617056422118872,Oven,Kitchen and dining
1032617056422118872,Hot water kettle,Kitchen and dining
1032617056422118872,Coffee maker: french press,Kitchen and dining
1032617056422118872,Wine glasses,Kitchen and dining
1032617056422118872,Toaster,Kitchen and dining
1032617056422118872,Baking sheet,Kitchen and dining
1032617056422118872,Dining table,Kitchen and dining
1032617056422118872,Private entrance,Location features
1032617056422118872,Free parking on premises,Parking and facilities
1032617056422118872,Free street parking,Parking and facilities
1032617056422118872,Single level home,Parking and facilities
1032617056422118872,Self check-in,Services
1032617056422118872,Keypad,Services
1032617056422118872,Dryer,Not included
1032617056422118872,Essentials,Not included
1453736138798207455,Bathtub,Bathroom
1453736138798207455,Hair dryer,Bathroom
1453736138798207455,Head and Shoulders shampoo,Bathroom
1453736138798207455,Conditioner,Bathroom
1453736138798207455,Body soap,Bathroom
1453736138798207455,Hot water,Bathroom
1453736138798207455,Shower gel,Bathroom
1453736138798207455,Essentials,Bedroom and laundry
1453736138798207455,Hangers,Bedroom and laundry
1453736138798207455,Bed linens,Bedroom and laundry
1453736138798207455,Extra pillows and blankets,Bedroom and laundry
1453736138798207455,Room-darkening shades,Bedroom and laundry
1453736138798207455,Iron,Bedroom and laundry
1453736138798207455,Clothing storage: closet,Bedroom and laundry
1453736138798207455,Air conditioning,Heating and cooling
1453736138798207455,Central heating,Heating and cooling
1453736138798207455,Lock on bedroom door,Privacy and safety
1453736138798207455,Exterior security cameras on property,Privacy and safety
1453736138798207455,Smoke alarm,Privacy and safety
1453736138798207455,Fire extinguisher,Privacy and safety
1453736138798207455,Wifi,Internet and office
1453736138798207455,Dedicated workspace,Internet and office
1453736138798207455,Kitchen,Kitchen and dining
1453736138798207455,Refrigerator,Kitchen and dining
1453736138798207455,Cooking basics,Kitchen and dining
1453736138798207455,Dishes and silverware,Kitchen and dining
1453736138798207455,Freezer,Kitchen and dining
1453736138798207455,Stainless steel gas stove,Kitchen and dining
1453736138798207455,Stainless steel single oven,Kitchen and dining
1453736138798207455,Coffee maker,Kitchen and dining
1453736138798207455,Wine glasses,Kitchen and dining
1453736138798207455,Dining table,Kitchen and dining
1453736138798207455,Coffee,Kitchen and dining
1453736138798207455,Laundromat nearby,Location features
1453736138798207455,Free street parking,Parking and facilities
1453736138798207455,Paid parking garage off premises,Parking and facilities
1453736138798207455,Luggage dropoff allowed,Services
1453736138798207455,Long term stays allowed,Services
1453736138798207455,Self check-in,Services
1453736138798207455,Lockbox,Services
1453736138798207455,TV,Not included
1453736138798207455,Washer,Not included
1453736138798207455,Dryer,Not included
1453736138798207455,Carbon monoxide alarm,Not included
1299222792779005171,Hair dryer,Bathroom
1299222792779005171,Shampoo,Bathroom
1299222792779005171,Body soap,Bathroom
1299222792779005171,Essentials,Bedroom and laundry
1299222792779005171,Hangers,Bedroom and laundry
1299222792779005171,Bed linens,Bedroom and laundry
1299222792779005171,Iron,Bedroom and laundry
1299222792779005171,Safe,Bedroom and laundry
1299222792779005171,TV with standard cable,Entertainment
1299222792779005171,Air conditioning,Heating and cooling
1299222792779005171,Heating,Heating and cooling
1299222792779005171,Smoke alarm,Home safety
1299222792779005171,Carbon monoxide alarm,Home safety
1299222792779005171,Wifi,Internet and office
1299222792779005171,Private entrance,Location features
1299222792779005171,Elevator,Parking and facilities
1299222792779005171,Gym,Parking and facilities
1299222792779005171,Paid parking off premises,Parking and facilities
1299222792779005171,Pets allowed,Services
1299222792779005171,Host greets you,Services
1299222792779005171,Exterior security cameras on property,Not included
1299222792779005171,Kitchen,Not included
1299222792779005171,Washer,Not included
1421903115146893728,Beach view,Scenic views
1421903115146893728,Ocean view,Scenic views
1421903115146893728,Resort view,Scenic views
1421903115146893728,Sea view,Scenic views
1421903115146893728,Bathtub,Bathroom
1421903115146893728,Hair dryer,Bathroom
1421903115146893728,Cleaning products,Bathroom
1421903115146893728,Shampoo,Bathroom
1421903115146893728,Conditioner,Bathroom
1421903115146893728,Body soap,Bathroom
1421903115146893728,Hot water,Bathroom
1421903115146893728,Shower gel,Bathroom
1421903115146893728,Paid dryer – In building,Bedroom and laundry
1421903115146893728,Hangers,Bedroom and laundry
1421903115146893728,Bed linens,Bedroom and laundry
1421903115146893728,Extra pillows and blankets,Bedroom and laundry
1421903115146893728,Room-darkening shades,Bedroom and laundry
1421903115146893728,Iron,Bedroom and laundry
1421903115146893728,Drying rack for clothing,Bedroom and laundry
1421903115146893728,Mosquito net,Bedroom and laundry
1421903115146893728,Clothing storage,Bedroom and laundry
1421903115146893728,Ethernet connection,Entertainment
1421903115146893728,TV,Entertainment
1421903115146893728,Crib - available upon request,Family
1421903115146893728,Pack ’n play/Travel crib - available upon request,Family
1421903115146893728,Standalone high chair - available upon request,Family
1421903115146893728,Baby safety gates,Family
1421903115146893728,Babysitter recommendations,Family
1421903115146893728,Air conditioning,Heating and cooling
1421903115146893728,Heating,Heating and cooling
1421903115146893728,Smoke alarm,Home safety
1421903115146893728,Carbon monoxide alarm,Home safety
1421903115146893728,Fire extinguisher,Home safety
1421903115146893728,First aid kit,Home safety
1421903115146893728,Wifi,Internet and office
1421903115146893728,Kitchen,Kitchen and dining
1421903115146893728,Refrigerator,Kitchen and dining
1421903115146893728,Microwave,Kitchen and dining
1421903115146893728,Cooking basics,Kitchen and dining
1421903115146893728,Dishes and silverware,Kitchen and dining
1421903115146893728,Freezer,Kitchen and dining
1421903115146893728,Dishwasher,Kitchen and dining
1421903115146893728,Stove,Kitchen and dining
1421903115146893728,Oven,Kitchen and dining
1421903115146893728,Hot water kettle,Kitchen and dining
1421903115146893728,Coffee maker,Kitchen and dining
1421903115146893728,Wine glasses,Kitchen and dining
1421903115146893728,Toaster,Kitchen and dining
1421903115146893728,Baking sheet,Kitchen and dining
1421903115146893728,Blender,Kitchen and dining
1421903115146893728,Trash compactor,Kitchen and dining
1421903115146893728,Barbecue utensils,Kitchen and dining
1421903115146893728,Dining table,Kitchen and dining
1421903115146893728,Coffee,Kitchen and dining
1421903115146893728,Bread maker,Kitchen and dining
1421903115146893728,Waterfront,Location features
1421903115146893728,Beach access,Location features
1421903115146893728,Private entrance,Location features
1421903115146893728,Beach essentials,Outdoor
1421903115146893728,Sun loungers,Outdoor
1421903115146893728,Pool,Parking and facilities
1421903115146893728,Elevator,Parking and facilities
1421903115146893728,Paid street parking off premises,Parking and facilities
1421903115146893728,Single level home,Parking and facilities
1421903115146893728,Pets allowed,Services
1421903115146893728,Long term stays allowed,Services
1421903115146893728,"Housekeeping available from 11:00 AM to 2:00 PM, every day - available at extra cost",Services
1421903115146893728,Exterior security cameras on property,Not included
1421903115146893728,Paid washer – In building,Not included
1421903115146893728,Essentials,Not included
50288808,Garden view,Scenic views
50288808,Bathtub,Bathroom
50288808,Hair dryer,Bathroom
50288808,Cleaning products,Bathroom
50288808,Shampoo,Bathroom
50288808,Conditioner,Bathroom
50288808,Body soap,Bathroom
50288808,Hot water,Bathroom
50288808,Essentials,Bedroom and laundry
50288808,Hangers,Bedroom and laundry
50288808,Bed linens,Bedroom and laundry
50288808,Room-darkening shades,Bedroom and laundry
50288808,Iron,Bedroom and laundry
50288808,Clothing storage: closet and dresser,Bedroom and laundry
50288808,TV,Entertainment
50288808,Bose sound system with aux,Entertainment
50288808,Books and reading material,Entertainment
50288808,Window AC unit,Heating and cooling
50288808,Radiant heating,Heating and cooling
50288808,Smoke alarm,Home safety
50288808,Carbon monoxide alarm,Home safety
50288808,Fire extinguisher,Home safety
50288808,First aid kit,Home safety
50288808,Wifi,Internet and office
50288808,Dedicated workspace,Internet and office
50288808,Kitchen,Kitchen and dining
50288808,Refrigerator,Kitchen and dining
50288808,Cooking basics,Kitchen and dining
50288808,Dishes and silverware,Kitchen and dining
50288808,Freezer,Kitchen and dining
50288808,Stove,Kitchen and dining
50288808,Oven,Kitchen and dining
50288808,Hot water kettle,Kitchen and dining
50288808,Coffee maker: drip coffee maker,Kitchen and dining
50288808,Wine glasses,Kitchen and dining
50288808,Toaster,Kitchen and dining
50288808,Baking sheet,Kitchen and dining
50288808,Rice maker,Kitchen and dining
50288808,Dining table,Kitchen and dining
50288808,Coffee,Kitchen and dining
50288808,Private entrance,Location features
50288808,Laundromat nearby,Location features
50288808,Free street parking,Parking and facilities
50288808,Paid parking off premises,Parking and facilities
50288808,Private living room,Parking and facilities
50288808,Luggage dropoff allowed,Services
50288808,Long term stays allowed,Services
50288808,Self check-in,Services
50288808,Lockbox,Services
50288808,Housekeeping available every day - available at extra cost,Services
50288808,Exterior security cameras on property,Not included
50288808,Washer,Not included
50288808,Dryer,Not included
1421225717847096179,Bathtub,Bathroom
1421225717847096179,Hair dryer,Bathroom
1421225717847096179,Cleaning products,Bathroom
1421225717847096179,Shampoo,Bathroom
1421225717847096179,Conditioner,Bathroom
1421225717847096179,Body soap,Bathroom
1421225717847096179,Hot water,Bathroom
1421225717847096179,Washer,Bedroom and laundry
1421225717847096179,Dryer,Bedroom and laundry
1421225717847096179,Essentials,Bedroom and laundry
1421225717847096179,Hangers,Bedroom and laundry
1421225717847096179,Bed linens,Bedroom and laundry
1421225717847096179,Extra pillows and blankets,Bedroom and laundry
1421225717847096179,Iron,Bedroom and laundry
1421225717847096179,Clothing storage,Bedroom and laundry
1421225717847096179,TV,Entertainment
1421225717847096179,Piano,Entertainment
1421225717847096179,Books and reading material,Entertainment
1421225717847096179,Crib,Family
1421225717847096179,Ceiling fan,Heating and cooling
1421225717847096179,Heating,Heating and cooling
1421225717847096179,Smoke alarm,Home safety
1421225717847096179,Fire extinguisher,Home safety
1421225717847096179,First aid kit,Home safety
1421225717847096179,Wifi,Internet and office
1421225717847096179,Dedicated workspace,Internet and office
1421225717847096179,Kitchen,Kitchen and dining
1421225717847096179,Refrigerator,Kitchen and dining
1421225717847096179,Microwave,Kitchen and dining
1421225717847096179,Cooking basics,Kitchen and dining
1421225717847096179,Dishes and silverware,Kitchen and dining
1421225717847096179,Freezer,Kitchen and dining
1421225717847096179,Stove,Kitchen and dining
1421225717847096179,Oven,Kitchen and dining
1421225717847096179,Coffee maker: Keurig coffee machine,Kitchen and dining
1421225717847096179,Wine glasses,Kitchen and dining
1421225717847096179,Toaster,Kitchen and dining
1421225717847096179,Baking sheet,Kitchen and dining
1421225717847096179,Blender,Kitchen and dining
1421225717847096179,Dining table,Kitchen and dining
1421225717847096179,Coffee,Kitchen and dining
1421225717847096179,Beach access,Location features
1421225717847096179,Backyard,Outdoor
1421225717847096179,Sun loungers,Outdoor
1421225717847096179,Free parking on premises,Parking and facilities
1421225717847096179,Free street parking,Parking and facilities
1421225717847096179,Elevator,Parking and facilities
1421225717847096179,Paid parking on premises,Parking and facilities
1421225717847096179,Luggage dropoff allowed,Services
1421225717847096179,Long term stays allowed,Services
1421225717847096179,Self check-in,Services
1421225717847096179,Building staff,Services
1421225717847096179,Cleaning available during stay,Services
1421225717847096179,Air conditioning,Not included
1421225717847096179,Carbon monoxide alarm,Not included
624652602355764943,Hair dryer,Bathroom
624652602355764943,Shampoo,Bathroom
624652602355764943,Conditioner,Bathroom
624652602355764943,Body soap,Bathroom
624652602355764943,Hot water,Bathroom
624652602355764943,Shower gel,Bathroom
624652602355764943,Essentials,Bedroom and laundry
624652602355764943,Hangers,Bedroom and laundry
624652602355764943,Bed linens,Bedroom and laundry
624652602355764943,Extra pillows and blankets,Bedroom and laundry
624652602355764943,Iron,Bedroom and laundry
624652602355764943,Clothing storage,Bedroom and laundry
624652602355764943,TV,Entertainment
624652602355764943,Crib,Family
624652602355764943,Central air conditioning,Heating and cooling
624652602355764943,Central heating,Heating and cooling
624652602355764943,Exterior security cameras on property,Home safety
624652602355764943,Smoke alarm,Home safety
624652602355764943,Carbon monoxide alarm,Home safety
624652602355764943,Fire extinguisher,Home safety
624652602355764943,First aid kit,Home safety
624652602355764943,Wifi,Internet and office
624652602355764943,Kitchen,Kitchen and dining
624652602355764943,Refrigerator,Kitchen and dining
624652602355764943,Microwave,Kitchen and dining
624652602355764943,Cooking basics,Kitchen and dining
624652602355764943,Dishes and silverware,Kitchen and dining
624652602355764943,Mini fridge,Kitchen and dining
624652602355764943,Freezer,Kitchen and dining
624652602355764943,Hot water kettle,Kitchen and dining
624652602355764943,Coffee maker,Kitchen and dining
624652602355764943,Wine glasses,Kitchen and dining
624652602355764943,Toaster,Kitchen and dining
624652602355764943,Dining table,Kitchen and dining
624652602355764943,Coffee,Kitchen and dining
624652602355764943,Laundromat nearby,Location features
624652602355764943,Pets allowed,Services
624652602355764943,Luggage dropoff allowed,Services
624652602355764943,Long term stays allowed,Services
624652602355764943,Self check-in,Services
624652602355764943,Keypad,Services
624652602355764943,Washer,Not included
624652602355764943,Private entrance,Not included
15789337,Hair dryer,Bathroom
15789337,Essentials,Bedroom and laundry
15789337,Hangers,Bedroom and laundry
15789337,Iron,Bedroom and laundry
15789337,Air conditioning,Heating and cooling
15789337,Heating,Heating and cooling
15789337,Smoke alarm,Home safety
15789337,Carbon monoxide alarm,Home safety
15789337,Fire extinguisher,Home safety
15789337,Wifi,Internet and office
15789337,Microwave,Kitchen and dining
15789337,Private entrance,Location features
15789337,Paid parking off premises,Parking and facilities
15789337,Paid parking on premises,Parking and facilities
15789337,Self check-in,Services
15789337,Lockbox,Services
15789337,Exterior security cameras on property,Not included
15789337,Kitchen,Not included
15789337,TV,Not included
15789337,Washer,Not included
15789337,Dryer,Not included
15789337,Hot water,Not included
23876385,Bathtub,Bathroom
23876385,Hair dryer,Bathroom
23876385,Shampoo,Bathroom
23876385,Body soap,Bathroom
23876385,Hot water,Bathroom
23876385,Shower gel,Bathroom
23876385,Free washer – In unit,Bedroom and laundry
23876385,Free dryer – In unit,Bedroom and laundry
23876385,Essentials,Bedroom and laundry
23876385,Hangers,Bedroom and laundry
23876385,Bed linens,Bedroom and laundry
23876385,Iron,Bedroom and laundry
23876385,TV,Entertainment
23876385,Central air conditioning,Heating and cooling
23876385,Heating,Heating and cooling
23876385,Exterior security cameras on property,Home safety
23876385,Smoke alarm,Home safety
23876385,Carbon monoxide alarm,Home safety
23876385,Wifi,Internet and office
23876385,Kitchen,Kitchen and dining
23876385,Refrigerator,Kitchen and dining
23876385,Microwave,Kitchen and dining
23876385,Cooking basics,Kitchen and dining
23876385,Dishes and silverware,Kitchen and dining
23876385,Dishwasher,Kitchen and dining
23876385,Stove,Kitchen and dining
23876385,Oven,Kitchen and dining
23876385,Hot water kettle,Kitchen and dining
23876385,Coffee maker,Kitchen and dining
23876385,Wine glasses,Kitchen and dining
23876385,Toaster,Kitchen and dining
23876385,Coffee,Kitchen and dining
23876385,Elevator,Parking and facilities
23876385,Long term stays allowed,Services
23876385,Private entrance,Not included
1441537667622397192,Bathtub,Bathroom
1441537667622397192,Hair dryer,Bathroom
1441537667622397192,Cleaning products,Bathroom
1441537667622397192,Shampoo,Bathroom
1441537667622397192,Hot water,Bathroom
1441537667622397192,Shower gel,Bathroom
1441537667622397192,Washer,Bedroom and laundry
1441537667622397192,Free dryer – In unit,Bedroom and laundry
1441537667622397192,Essentials,Bedroom and laundry
1441537667622397192,Hangers,Bedroom and laundry
1441537667622397192,Bed linens,Bedroom and laundry
1441537667622397192,Ethernet connection,Entertainment
1441537667622397192,TV,Entertainment
1441537667622397192,Air conditioning,Heating and cooling
1441537667622397192,Heating,Heating and cooling
1441537667622397192,Smoke alarm,Home safety
1441537667622397192,Wifi,Internet and office
1441537667622397192,Kitchen,Kitchen and dining
1441537667622397192,Microwave,Kitchen and dining
1441537667622397192,Cooking basics,Kitchen and dining
1441537667622397192,Dishes and silverware,Kitchen and dining
1441537667622397192,Stove,Kitchen and dining
1441537667622397192,Hot water kettle,Kitchen and dining
1441537667622397192,Coffee maker,Kitchen and dining
1441537667622397192,Wine glasses,Kitchen and dining
1441537667622397192,Dining table,Kitchen and dining
1441537667622397192,Coffee,Kitchen and dining
1441537667622397192,Private entrance,Location features
1441537667622397192,Laundromat nearby,Location features
1441537667622397192,Patio or balcony,Outdoor
1441537667622397192,Outdoor furniture,Outdoor
1441537667622397192,Free parking garage on premises,Parking and facilities
1441537667622397192,Free street parking,Parking and facilities
1441537667622397192,Elevator,Parking and facilities
1441537667622397192,Luggage dropoff allowed,Services
1441537667622397192,Long term stays allowed,Services
1441537667622397192,Cleaning available during stay,Services
1441537667622397192,Carbon monoxide alarm,Not included
1567491374953791719,Shampoo,Bathroom
1567491374953791719,Hot water,Bathroom
1567491374953791719,Washer,Bedroom and laundry
1567491374953791719,Paid dryer – In building,Bedroom and laundry
1567491374953791719,Essentials,Bedroom and laundry
1567491374953791719,Hangers,Bedroom and laundry
1567491374953791719,Bed linens,Bedroom and laundry
1567491374953791719,Extra pillows and blankets,Bedroom and laundry
1567491374953791719,TV,Entertainment
1567491374953791719,Air conditioning,Heating and cooling
1567491374953791719,Central heating,Heating and cooling
1567491374953791719,Exterior security cameras on property,Home safety
1567491374953791719,Smoke alarm,Home safety
1567491374953791719,Carbon monoxide alarm,Home safety
1567491374953791719,Fire extinguisher,Home safety
1567491374953791719,Kitchen,Kitchen and dining
1567491374953791719,Microwave,Kitchen and dining
1567491374953791719,Cooking basics,Kitchen and dining
1567491374953791719,Dishes and silverware,Kitchen and dining
1567491374953791719,Mini fridge,Kitchen and dining
1567491374953791719,Stove,Kitchen and dining
1567491374953791719,Hot water kettle,Kitchen and dining
1567491374953791719,Private entrance,Location features
1567491374953791719,Elevator,Parking and facilities
1567491374953791719,Paid street parking off premises,Parking and facilities
1567491374953791719,Pets allowed,Services
1567491374953791719,Wifi,Not included
1567491374953791719,Hair dryer,Not included
1044596274887028908,Hair dryer,Bathroom
1044596274887028908,Shampoo,Bathroom
1044596274887028908,Conditioner,Bathroom
1044596274887028908,Body soap,Bathroom
1044596274887028908,Hot water,Bathroom
1044596274887028908,Shower gel,Bathroom
1044596274887028908,Essentials,Bedroom and laundry
1044596274887028908,Bed linens,Bedroom and laundry
1044596274887028908,Extra pillows and blankets,Bedroom and laundry
1044596274887028908,Room-darkening shades,Bedroom and laundry
1044596274887028908,Iron,Bedroom and laundry
1044596274887028908,Safe,Bedroom and laundry
1044596274887028908,Clothing storage: wardrobe,Bedroom and laundry
1044596274887028908,TV,Entertainment
1044596274887028908,Crib,Family
1044596274887028908,Air conditioning,Heating and cooling
1044596274887028908,Heating,Heating and cooling
1044596274887028908,Smoke alarm,Home safety
1044596274887028908,Wifi,Internet and office
1044596274887028908,Dedicated workspace,Internet and office
1044596274887028908,Coffee,Kitchen and dining
1044596274887028908,Pool,Parking and facilities
1044596274887028908,Elevator,Parking and facilities
1044596274887028908,Gym,Parking and facilities
1044596274887028908,Luggage dropoff allowed,Services
1044596274887028908,Self check-in,Services
1044596274887028908,Building staff,Services
1044596274887028908,Cleaning available during stay,Services
1044596274887028908,Kitchen,Not included
1044596274887028908,Washer,Not included
1044596274887028908,Carbon monoxide alarm,Not included
1044596274887028908,Private entrance,Not included
742567489503884321,Bathtub,Bathroom
742567489503884321,Hair dryer,Bathroom
742567489503884321,Cleaning products,Bathroom
742567489503884321,Shampoo,Bathroom
742567489503884321,Conditioner,Bathroom
742567489503884321,Body soap,Bathroom
742567489503884321,Hot water,Bathroom
742567489503884321,Shower gel,Bathroom
742567489503884321,Essentials,Bedroom and laundry
742567489503884321,Hangers,Bedroom and laundry
742567489503884321,Bed linens,Bedroom and laundry
742567489503884321,Extra pillows and blankets,Bedroom and laundry
742567489503884321,Iron,Bedroom and laundry
742567489503884321,Clothing storage: closet,Bedroom and laundry
742567489503884321,Ethernet connection,Entertainment
742567489503884321,55 inch HDTV,Entertainment
742567489503884321,Air conditioning,Heating and cooling
742567489503884321,Portable heater,Heating and cooling
742567489503884321,Radiant heating,Heating and cooling
742567489503884321,Lock on bedroom door,Privacy and safety
742567489503884321,Smoke alarm,Privacy and safety
742567489503884321,Carbon monoxide alarm,Privacy and safety
742567489503884321,Fire extinguisher,Privacy and safety
742567489503884321,First aid kit,Privacy and safety
742567489503884321,Wifi,Internet and office
742567489503884321,Dedicated workspace,Internet and office
742567489503884321,Kitchen,Kitchen and dining
742567489503884321,Refrigerator,Kitchen and dining
742567489503884321,Microwave,Kitchen and dining
742567489503884321,Cooking basics,Kitchen and dining
742567489503884321,Dishes and silverware,Kitchen and dining
742567489503884321,Freezer,Kitchen and dining
742567489503884321,Dishwasher,Kitchen and dining
742567489503884321,Stove,Kitchen and dining
742567489503884321,Oven,Kitchen and dining
742567489503884321,Hot water kettle,Kitchen and dining
742567489503884321,Toaster,Kitchen and dining
742567489503884321,Baking sheet,Kitchen and dining
742567489503884321,Dining table,Kitchen and dining
742567489503884321,Laundromat nearby,Location features
742567489503884321,Free street parking,Parking and facilities
742567489503884321,Long term stays allowed,Services
742567489503884321,Host greets you,Services
742567489503884321,Exterior security cameras on property,Not included
742567489503884321,Washer,Not included
742567489503884321,Dryer,Not included
1359614298478862830,Bathtub,Bathroom
1359614298478862830,Hair dryer,Bathroom
1359614298478862830,Cleaning products,Bathroom
1359614298478862830,Shampoo,Bathroom
1359614298478862830,Conditioner,Bathroom
1359614298478862830,Body soap,Bathroom
1359614298478862830,Hot water,Bathroom
1359614298478862830,Shower gel,Bathroom
1359614298478862830,Washer,Bedroom and laundry
1359614298478862830,Paid dryer – In building,Bedroom and laundry
1359614298478862830,Hangers,Bedroom and laundry
1359614298478862830,Bed linens,Bedroom and laundry
1359614298478862830,Extra pillows and blankets,Bedroom and laundry
1359614298478862830,Iron,Bedroom and laundry
1359614298478862830,Drying rack for clothing,Bedroom and laundry
1359614298478862830,Clothing storage,Bedroom and laundry
1359614298478862830,TV,Entertainment
1359614298478862830,Air conditioning,Heating and cooling
1359614298478862830,Heating,Heating and cooling
1359614298478862830,Lock on bedroom door,Privacy and safety
1359614298478862830,Exterior security cameras on property,Privacy and safety
1359614298478862830,Smoke alarm,Privacy and safety
1359614298478862830,Carbon monoxide alarm,Privacy and safety
1359614298478862830,Fire extinguisher,Privacy and safety
1359614298478862830,First aid kit,Privacy and safety
1359614298478862830,Wifi,Internet and office
1359614298478862830,Dedicated workspace,Internet and office
1359614298478862830,Hot water kettle,Kitchen and dining
1359614298478862830,Coffee maker,Kitchen and dining
1359614298478862830,Coffee,Kitchen and dining
1359614298478862830,Laundromat nearby,Location features
1359614298478862830,Paid street parking off premises,Parking and facilities
1359614298478862830,Luggage dropoff allowed,Services
1359614298478862830,Smoking allowed,Services
1359614298478862830,Long term stays allowed,Services
1359614298478862830,Self check-in,Services
1359614298478862830,Smart lock,Services
1359614298478862830,Housekeeping available every day - available at extra cost,Services
1359614298478862830,Kitchen,Not included
1359614298478862830,Essentials,Not included
1359614298478862830,Private entrance,Not included
3751832,Hair dryer,Bathroom
3751832,Hot water,Bathroom
3751832,Washer,Bedroom and laundry
3751832,Free dryer – In unit,Bedroom and laundry
3751832,Essentials,Bedroom and laundry
3751832,Hangers,Bedroom and laundry
3751832,Iron,Bedroom and laundry
3751832,TV with standard cable,Entertainment
3751832,Air conditioning,Heating and cooling
3751832,Heating,Heating and cooling
3751832,Smoke alarm,Home safety
3751832,Carbon monoxide alarm,Home safety
3751832,Wifi,Internet and office
3751832,Dedicated workspace,Internet and office
3751832,Kitchen,Kitchen and dining
3751832,Refrigerator,Kitchen and dining
3751832,Microwave,Kitchen and dining
3751832,Cooking basics,Kitchen and dining
3751832,Dishes and silverware,Kitchen and dining
3751832,Stove,Kitchen and dining
3751832,Coffee maker,Kitchen and dining
3751832,Beach access,Location features
3751832,Free street parking,Parking and facilities
3751832,Self check-in,Services
3751832,Keypad,Services
3751832,Lock on bedroom door,Privacy and safety
19638293,Hair dryer,Bathroom
19638293,Shampoo,Bathroom
19638293,Hot water,Bathroom
19638293,Essentials,Bedroom and laundry
19638293,Hangers,Bedroom and laundry
19638293,Bed linens,Bedroom and laundry
19638293,Iron,Bedroom and laundry
19638293,TV,Entertainment
19638293,Central air conditioning,Heating and cooling
19638293,Heating,Heating and cooling
19638293,Smoke alarm,Home safety
19638293,Carbon monoxide alarm,Home safety
19638293,Fire extinguisher,Home safety
19638293,Wifi,Internet and office
19638293,Dedicated workspace,Internet and office
19638293,Refrigerator,Kitchen and dining
19638293,Microwave,Kitchen and dining
19638293,Dishes and silverware,Kitchen and dining
19638293,Dishwasher,Kitchen and dining
19638293,Hot water kettle,Kitchen and dining
19638293,Coffee maker,Kitchen and dining
19638293,Private entrance,Location features
19638293,Free parking on premises,Parking and facilities
19638293,Kitchen,Not included
19638293,Washer,Not included
19638293,Dryer,Not included
1357403506923199510,Bathtub,Bathroom
1357403506923199510,Hair dryer,Bathroom
1357403506923199510,Cleaning products,Bathroom
1357403506923199510,Shampoo,Bathroom
1357403506923199510,Conditioner,Bathroom
1357403506923199510,Body soap,Bathroom
1357403506923199510,Hot water,Bathroom
1357403506923199510,Shower gel,Bathroom
1357403506923199510,Hangers,Bedroom and laundry
1357403506923199510,Bed linens,Bedroom and laundry
1357403506923199510,Extra pillows and blankets,Bedroom and laundry
1357403506923199510,Iron,Bedroom and laundry
1357403506923199510,Clothing storage,Bedroom and laundry
1357403506923199510,TV with Netflix,Entertainment
1357403506923199510,Sound system,Entertainment
1357403506923199510,Books and reading material,Entertainment
1357403506923199510,Air conditioning,Heating and cooling
1357403506923199510,Heating,Heating and cooling
1357403506923199510,Lock on bedroom door,Privacy and safety
1357403506923199510,Exterior security cameras on property,Privacy and safety
1357403506923199510,Smoke alarm,Privacy and safety
1357403506923199510,Carbon monoxide alarm,Privacy and safety
1357403506923199510,Fire extinguisher,Privacy and safety
1357403506923199510,First aid kit,Privacy and safety
1357403506923199510,Wifi,Internet and office
1357403506923199510,Dedicated workspace,Internet and office
1357403506923199510,Kitchen,Kitchen and dining
1357403506923199510,Refrigerator,Kitchen and dining
1357403506923199510,Microwave,Kitchen and dining
1357403506923199510,Cooking basics,Kitchen and dining
1357403506923199510,Dishes and silverware,Kitchen and dining
1357403506923199510,Freezer,Kitchen and dining
1357403506923199510,Stove,Kitchen and dining
1357403506923199510,Hot water kettle,Kitchen and dining
1357403506923199510,Coffee maker,Kitchen and dining
1357403506923199510,Wine glasses,Kitchen and dining
1357403506923199510,Toaster,Kitchen and dining
1357403506923199510,Blender,Kitchen and dining
1357403506923199510,Trash compactor,Kitchen and dining
1357403506923199510,Dining table,Kitchen and dining
1357403506923199510,Coffee,Kitchen and dining
1357403506923199510,Laundromat nearby,Location features
1357403506923199510,Paid parking off premises,Parking and facilities
1357403506923199510,Long term stays allowed,Services
1357403506923199510,Self check-in,Services
1357403506923199510,Smart lock,Services
1357403506923199510,Washer,Not included
1357403506923199510,Dryer,Not included
1357403506923199510,Essentials,Not included
41504521,Bathtub,Bathroom
41504521,Hair dryer,Bathroom
41504521,Cleaning products,Bathroom
41504521,Hot water,Bathroom
41504521,Free washer – In unit,Bedroom and laundry
41504521,Free dryer – In unit,Bedroom and laundry
41504521,Essentials,Bedroom and laundry
41504521,Hangers,Bedroom and laundry
41504521,Bed linens,Bedroom and laundry
41504521,Iron,Bedroom and laundry
41504521,Clothing storage: closet,Bedroom and laundry
41504521,TV,Entertainment
41504521,Air conditioning,Heating and cooling
41504521,Ceiling fan,Heating and cooling
41504521,Portable fans,Heating and cooling
41504521,Central heating,Heating and cooling
41504521,Smoke alarm,Home safety
41504521,Carbon monoxide alarm,Home safety
41504521,Fire extinguisher,Home safety
41504521,First aid kit,Home safety
41504521,Wifi,Internet and office
41504521,Dedicated workspace,Internet and office
41504521,Kitchen,Kitchen and dining
41504521,Refrigerator,Kitchen and dining
41504521,Microwave,Kitchen and dining
41504521,Cooking basics,Kitchen and dining
41504521,Dishes and silverware,Kitchen and dining
41504521,Freezer,Kitchen and dining
41504521,Dishwasher,Kitchen and dining
41504521,LG stainless steel gas stove,Kitchen and dining
41504521,Oven,Kitchen and dining
41504521,Hot water kettle,Kitchen and dining
41504521,"Coffee maker: drip coffee maker, french press, pour-over coffee",Kitchen and dining
41504521,Wine glasses,Kitchen and dining
41504521,Toaster,Kitchen and dining
41504521,Baking sheet,Kitchen and dining
41504521,Coffee,Kitchen and dining
41504521,Private entrance,Location features
41504521,Free parking on premises,Parking and facilities
41504521,Free street parking,Parking and facilities
41504521,Single level home,Parking and facilities
41504521,Luggage dropoff allowed,Services
41504521,Long term stays allowed,Services
41504521,Self check-in,Services
41504521,Keypad,Services
41504521,Exterior security cameras on property,Not included
20960203,Bathtub,Bathroom
20960203,Hair dryer,Bathroom
20960203,Cleaning products,Bathroom
20960203,Shampoo,Bathroom
20960203,Conditioner,Bathroom
20960203,Body soap,Bathroom
20960203,Hot water,Bathroom
20960203,Essentials,Bedroom and laundry
20960203,Hangers,Bedroom and laundry
20960203,Bed linens,Bedroom and laundry
20960203,Extra pillows and blankets,Bedroom and laundry
20960203,Room-darkening shades,Bedroom and laundry
20960203,Iron,Bedroom and laundry
20960203,Drying rack for clothing,Bedroom and laundry
20960203,TV,Entertainment
20960203,Crib,Family
20960203,Pack ’n play/Travel crib,Family
20960203,High chair,Family
20960203,Babysitter recommendations,Family
20960203,AC - split type ductless system,Heating and cooling
20960203,Heating,Heating and cooling
20960203,Exterior security cameras on property,Home safety
20960203,Smoke alarm,Home safety
20960203,Carbon monoxide alarm,Home safety
20960203,Fire extinguisher,Home safety
20960203,First aid kit,Home safety
20960203,Wifi,Internet and office
20960203,Kitchen,Kitchen and dining
20960203,Refrigerator,Kitchen and dining
20960203,Microwave,Kitchen and dining
20960203,Cooking basics,Kitchen and dining
20960203,Dishes and silverware,Kitchen and dining
20960203,Freezer,Kitchen and dining
20960203,Dishwasher,Kitchen and dining
20960203,Stainless steel gas stove,Kitchen and dining
20960203,Oven,Kitchen and dining
20960203,Hot water kettle,Kitchen and dining
20960203,Coffee maker,Kitchen and dining
20960203,Wine glasses,Kitchen and dining
20960203,Toaster,Kitchen and dining
20960203,Baking sheet,Kitchen and dining
20960203,Dining table,Kitchen and dining
20960203,Coffee,Kitchen and dining
20960203,Laundromat nearby,Location features
20960203,Free street parking,Parking and facilities
20960203,Luggage dropoff allowed,Services
20960203,Self check-in,Services
20960203,Keypad,Services
20960203,Cleaning available during stay,Services
20960203,Washer,Not included
20960203,Dryer,Not included
1317757101543582726,Hair dryer,Bathroom
1317757101543582726,Shampoo,Bathroom
1317757101543582726,Conditioner,Bathroom
1317757101543582726,Body soap,Bathroom
1317757101543582726,Hot water,Bathroom
1317757101543582726,Washer,Bedroom and laundry
1317757101543582726,Dryer,Bedroom and laundry
1317757101543582726,Essentials,Bedroom and laundry
1317757101543582726,Hangers,Bedroom and laundry
1317757101543582726,Bed linens,Bedroom and laundry
1317757101543582726,Extra pillows and blankets,Bedroom and laundry
1317757101543582726,Iron,Bedroom and laundry
1317757101543582726,Clothing storage,Bedroom and laundry
1317757101543582726,TV,Entertainment
1317757101543582726,Window AC unit,Heating and cooling
1317757101543582726,Heating,Heating and cooling
1317757101543582726,Exterior security cameras on property,Home safety
1317757101543582726,Smoke alarm,Home safety
1317757101543582726,Carbon monoxide alarm,Home safety
1317757101543582726,Fire extinguisher,Home safety
1317757101543582726,First aid kit,Home safety
1317757101543582726,Wifi,Internet and office
1317757101543582726,Refrigerator,Kitchen and dining
1317757101543582726,Microwave,Kitchen and dining
1317757101543582726,Hot water kettle,Kitchen and dining
1317757101543582726,Coffee maker: drip coffee maker,Kitchen and dining
1317757101543582726,Toaster,Kitchen and dining
1317757101543582726,Kitchenette,Kitchen and dining
1317757101543582726,Dining table,Kitchen and dining
1317757101543582726,Coffee,Kitchen and dining
1317757101543582726,Private entrance,Location features
1317757101543582726,Backyard,Outdoor
1317757101543582726,Outdoor furniture,Outdoor
1317757101543582726,Self check-in,Services
1317757101543582726,Keypad,Services
1317757101543582726,Kitchen,Not included
1244527144123868060,Hair dryer,Bathroom
1244527144123868060,Cleaning products,Bathroom
1244527144123868060,Shampoo,Bathroom
1244527144123868060,Conditioner,Bathroom
1244527144123868060,Body soap,Bathroom
1244527144123868060,Hot water,Bathroom
1244527144123868060,Shower gel,Bathroom
1244527144123868060,Washer,Bedroom and laundry
1244527144123868060,Free dryer – In unit,Bedroom and laundry
1244527144123868060,Essentials,Bedroom and laundry
1244527144123868060,Hangers,Bedroom and laundry
1244527144123868060,Bed linens,Bedroom and laundry
1244527144123868060,Extra pillows and blankets,Bedroom and laundry
1244527144123868060,Room-darkening shades,Bedroom and laundry
1244527144123868060,Clothing storage: closet and wardrobe,Bedroom and laundry
1244527144123868060,TV,Entertainment
1244527144123868060,Air conditioning,Heating and cooling
1244527144123868060,Central heating,Heating and cooling
1244527144123868060,Smoke alarm,Home safety
1244527144123868060,Carbon monoxide alarm,Home safety
1244527144123868060,Wifi,Internet and office
1244527144123868060,Kitchen,Kitchen and dining
1244527144123868060,Refrigerator,Kitchen and dining
1244527144123868060,Microwave,Kitchen and dining
1244527144123868060,Cooking basics,Kitchen and dining
1244527144123868060,Dishes and silverware,Kitchen and dining
1244527144123868060,Freezer,Kitchen and dining
1244527144123868060,Dishwasher,Kitchen and dining
1244527144123868060,Stainless steel oven,Kitchen and dining
1244527144123868060,Coffee maker: Keurig coffee machine,Kitchen and dining
1244527144123868060,Wine glasses,Kitchen and dining
1244527144123868060,Toaster,Kitchen and dining
1244527144123868060,Baking sheet,Kitchen and dining
1244527144123868060,Dining table,Kitchen and dining
1244527144123868060,Coffee,Kitchen and dining
1244527144123868060,Private patio or balcony,Outdoor
1244527144123868060,Free parking on premises,Parking and facilities
1244527144123868060,Elevator,Parking and facilities
1244527144123868060,Single level home,Parking and facilities
1244527144123868060,Pets allowed,Services
1244527144123868060,Long term stays allowed,Services
1244527144123868060,Self check-in,Services
1244527144123868060,Lockbox,Services
1244527144123868060,Housekeeping available every day - available at extra cost,Services
1244527144123868060,Exterior security cameras on property,Not included
1272889279433414892,Bathtub,Bathroom
1272889279433414892,Hair dryer,Bathroom
1272889279433414892,Cleaning products,Bathroom
1272889279433414892,Shampoo,Bathroom
1272889279433414892,Body soap,Bathroom
1272889279433414892,Shower gel,Bathroom
1272889279433414892,Washer,Bedroom and laundry
1272889279433414892,Dryer,Bedroom and laundry
1272889279433414892,Essentials,Bedroom and laundry
1272889279433414892,Hangers,Bedroom and laundry
1272889279433414892,Bed linens,Bedroom and laundry
1272889279433414892,Extra pillows and blankets,Bedroom and laundry
1272889279433414892,Iron,Bedroom and laundry
1272889279433414892,Drying rack for clothing,Bedroom and laundry
1272889279433414892,Clothing storage,Bedroom and laundry
1272889279433414892,TV,Entertainment
1272889279433414892,Game console,Entertainment
1272889279433414892,Exercise equipment,Entertainment
1272889279433414892,Pool table,Entertainment
1272889279433414892,Arcade games,Entertainment
1272889279433414892,Life size games,Entertainment
1272889279433414892,Air conditioning,Heating and cooling
1272889279433414892,Heating,Heating and cooling
1272889279433414892,Smoke alarm,Home safety
1272889279433414892,Carbon monoxide alarm,Home safety
1272889279433414892,Fire extinguisher,Home safety
1272889279433414892,First aid kit,Home safety
1272889279433414892,Wifi,Internet and office
1272889279433414892,Dedicated workspace,Internet and office
1272889279433414892,Kitchen,Kitchen and dining
1272889279433414892,Refrigerator,Kitchen and dining
1272889279433414892,Microwave,Kitchen and dining
1272889279433414892,Cooking basics,Kitchen and dining
1272889279433414892,Dishes and silverware,Kitchen and dining
1272889279433414892,Freezer,Kitchen and dining
1272889279433414892,Dishwasher,Kitchen and dining
1272889279433414892,Stove,Kitchen and dining
1272889279433414892,Oven,Kitchen and dining
1272889279433414892,Coffee maker,Kitchen and dining
1272889279433414892,Wine glasses,Kitchen and dining
1272889279433414892,Baking sheet,Kitchen and dining
1272889279433414892,Coffee,Kitchen and dining
1272889279433414892,Beach access,Location features
1272889279433414892,Laundromat nearby,Location features
1272889279433414892,Resort access,Location features
1272889279433414892,Patio or balcony,Outdoor
1272889279433414892,Fire pit,Outdoor
1272889279433414892,Outdoor dining area,Outdoor
1272889279433414892,BBQ grill,Outdoor
1272889279433414892,Free parking on premises,Parking and facilities
1272889279433414892,Pool,Parking and facilities
1272889279433414892,Hot tub,Parking and facilities
1272889279433414892,Elevator,Parking and facilities
1272889279433414892,EV charger,Parking and facilities
1272889279433414892,Gym,Parking and facilities
1272889279433414892,Luggage dropoff allowed,Services
1272889279433414892,Long term stays allowed,Services
1272889279433414892,Self check-in,Services
1272889279433414892,Lockbox,Services
1272889279433414892,Exterior security cameras on property,Not included
1272889279433414892,Private entrance,Not included
13324754,Mountain view,Scenic views
13324754,Hair dryer,Bathroom
13324754,Cleaning products,Bathroom
13324754,Nexxus & Dove shampoo,Bathroom
13324754,Nexxus & Dove conditioner,Bathroom
13324754,Nivea & Dove body soap,Bathroom
13324754,Hot water,Bathroom
13324754,Shower gel,Bathroom
13324754,Essentials,Bedroom and laundry
13324754,Hangers,Bedroom and laundry
13324754,Bed linens,Bedroom and laundry
13324754,Extra pillows and blankets,Bedroom and laundry
13324754,Room-darkening shades,Bedroom and laundry
13324754,Iron,Bedroom and laundry
13324754,"55 inch HDTV with standard cable, Netflix, Apple TV, Roku, Hulu",Entertainment
13324754,Books and reading material,Entertainment
13324754,Crib - available upon request,Family
13324754,Pack ’n play/Travel crib,Family
13324754,Children’s books and toys,Family
13324754,Booster seat high chair - available upon request,Family
13324754,Baby bath - available upon request,Family
13324754,Changing table,Family
13324754,Outlet covers,Family
13324754,Board games,Family
13324754,Babysitter recommendations,Family
13324754,Portable air conditioning,Heating and cooling
13324754,Portable fans,Heating and cooling
13324754,Portable heater,Heating and cooling
13324754,Exterior security cameras on property,Home safety
13324754,Smoke alarm,Home safety
13324754,Carbon monoxide alarm,Home safety
13324754,Fire extinguisher,Home safety
13324754,First aid kit,Home safety
13324754,Wifi,Internet and office
13324754,Dedicated workspace,Internet and office
13324754,Kitchen,Kitchen and dining
13324754,Microwave,Kitchen and dining
13324754,Cooking basics,Kitchen and dining
13324754,Dishes and silverware,Kitchen and dining
13324754,Mini fridge,Kitchen and dining
13324754,Hot water kettle,Kitchen and dining
13324754,Coffee maker: drip coffee maker,Kitchen and dining
13324754,Wine glasses,Kitchen and dining
13324754,Toaster,Kitchen and dining
13324754,Blender,Kitchen and dining
13324754,Barbecue utensils,Kitchen and dining
13324754,Coffee,Kitchen and dining
13324754,Private entrance,Location features
13324754,Laundromat nearby,Location features
13324754,Shared backyard – Fully fenced,Outdoor
13324754,Outdoor furniture,Outdoor
13324754,Outdoor dining area,Outdoor
13324754,Shared BBQ grill: gas,Outdoor
13324754,Beach essentials,Outdoor
13324754,Sun loungers,Outdoor
13324754,Free parking on premises,Parking and facilities
13324754,Free street parking,Parking and facilities
13324754,Single level home,Parking and facilities
13324754,Luggage dropoff allowed,Services
13324754,Breakfast,Services
13324754,Smoking allowed,Services
13324754,Long term stays allowed,Services
13324754,Self check-in,Services
13324754,Keypad,Services
13324754,"Housekeeping available 24 hours, every day - available at extra cost",Services
13324754,Washer,Not included
13324754,Dryer,Not included
1347591778778661139,Hair dryer,Bathroom
1347591778778661139,Shampoo,Bathroom
1347591778778661139,Conditioner,Bathroom
1347591778778661139,Hot water,Bathroom
1347591778778661139,Washer,Bedroom and laundry
1347591778778661139,Free dryer – In unit,Bedroom and laundry
1347591778778661139,Essentials,Bedroom and laundry
1347591778778661139,Hangers,Bedroom and laundry
1347591778778661139,Bed linens,Bedroom and laundry
1347591778778661139,Extra pillows and blankets,Bedroom and laundry
1347591778778661139,Iron,Bedroom and laundry
1347591778778661139,Clothing storage,Bedroom and laundry
1347591778778661139,TV,Entertainment
1347591778778661139,Air conditioning,Heating and cooling
1347591778778661139,Heating,Heating and cooling
1347591778778661139,Exterior security cameras on property,Home safety
1347591778778661139,Smoke alarm,Home safety
1347591778778661139,Carbon monoxide alarm,Home safety
1347591778778661139,Wifi,Internet and office
1347591778778661139,Kitchen,Kitchen and dining
1347591778778661139,Refrigerator,Kitchen and dining
1347591778778661139,Microwave,Kitchen and dining
1347591778778661139,Cooking basics,Kitchen and dining
1347591778778661139,Dishes and silverware,Kitchen and dining
1347591778778661139,Freezer,Kitchen and dining
1347591778778661139,Dishwasher,Kitchen and dining
1347591778778661139,Stove,Kitchen and dining
1347591778778661139,Oven,Kitchen and dining
1347591778778661139,Wine glasses,Kitchen and dining
1347591778778661139,Toaster,Kitchen and dining
1347591778778661139,Blender,Kitchen and dining
1347591778778661139,Dining table,Kitchen and dining
1347591778778661139,Private patio or balcony,Outdoor
1347591778778661139,Free parking on premises,Parking and facilities
1347591778778661139,Self check-in,Services
1347591778778661139,Smart lock,Services
8055582,Bathtub,Bathroom
8055582,Hair dryer,Bathroom
8055582,Cleaning products,Bathroom
8055582,Shampoo,Bathroom
8055582,Conditioner,Bathroom
8055582,Body soap,Bathroom
8055582,Hot water,Bathroom
8055582,Shower gel,Bathroom
8055582,Essentials,Bedroom and laundry
8055582,Hangers,Bedroom and laundry
8055582,Bed linens,Bedroom and laundry
8055582,Extra pillows and blankets,Bedroom and laundry
8055582,Room-darkening shades,Bedroom and laundry
8055582,Iron,Bedroom and laundry
8055582,Clothing storage: closet,Bedroom and laundry
8055582,Books and reading material,Entertainment
8055582,Air conditioning,Heating and cooling
8055582,Portable fans,Heating and cooling
8055582,Heating,Heating and cooling
8055582,Lock on bedroom door,Privacy and safety
8055582,Exterior security cameras on property,Privacy and safety
8055582,Smoke alarm,Privacy and safety
8055582,Carbon monoxide alarm,Privacy and safety
8055582,Fire extinguisher,Privacy and safety
8055582,First aid kit,Privacy and safety
8055582,Wifi,Internet and office
8055582,Dedicated workspace,Internet and office
8055582,Kitchen,Kitchen and dining
8055582,Refrigerator,Kitchen and dining
8055582,Microwave,Kitchen and dining
8055582,Cooking basics,Kitchen and dining
8055582,Dishes and silverware,Kitchen and dining
8055582,Freezer,Kitchen and dining
8055582,Stove,Kitchen and dining
8055582,Oven,Kitchen and dining
8055582,Hot water kettle,Kitchen and dining
8055582,Coffee maker: Keurig coffee machine,Kitchen and dining
8055582,Wine glasses,Kitchen and dining
8055582,Toaster,Kitchen and dining
8055582,Baking sheet,Kitchen and dining
8055582,Blender,Kitchen and dining
8055582,Dining table,Kitchen and dining
8055582,Coffee,Kitchen and dining
8055582,Laundromat nearby,Location features
8055582,Patio or balcony,Outdoor
8055582,Outdoor furniture,Outdoor
8055582,Outdoor dining area,Outdoor
8055582,Free street parking,Parking and facilities
8055582,Luggage dropoff allowed,Services
8055582,Self check-in,Services
8055582,Keypad,Services
8055582,TV,Not included
8055582,Washer,Not included
8055582,Dryer,Not included
1041477525563744772,Bathtub,Bathroom
1041477525563744772,Hair dryer,Bathroom
1041477525563744772,Shampoo,Bathroom
1041477525563744772,Conditioner,Bathroom
1041477525563744772,Body soap,Bathroom
1041477525563744772,Hot water,Bathroom
1041477525563744772,Shower gel,Bathroom
1041477525563744772,Essentials,Bedroom and laundry
1041477525563744772,Bed linens,Bedroom and laundry
1041477525563744772,Extra pillows and blankets,Bedroom and laundry
1041477525563744772,Room-darkening shades,Bedroom and laundry
1041477525563744772,Iron,Bedroom and laundry
1041477525563744772,AC - split type ductless system,Heating and cooling
1041477525563744772,Heating - split type ductless system,Heating and cooling
1041477525563744772,Smoke alarm,Home safety
1041477525563744772,Carbon monoxide alarm,Home safety
1041477525563744772,Fire extinguisher,Home safety
1041477525563744772,First aid kit,Home safety
1041477525563744772,Wifi,Internet and office
1041477525563744772,Kitchen,Kitchen and dining
1041477525563744772,Refrigerator,Kitchen and dining
1041477525563744772,Microwave,Kitchen and dining
1041477525563744772,Dishes and silverware,Kitchen and dining
1041477525563744772,Freezer,Kitchen and dining
1041477525563744772,Stove,Kitchen and dining
1041477525563744772,Oven,Kitchen and dining
1041477525563744772,Hot water kettle,Kitchen and dining
1041477525563744772,Laundromat nearby,Location features
1041477525563744772,Free street parking,Parking and facilities
1041477525563744772,Luggage dropoff allowed,Services
1041477525563744772,Long term stays allowed,Services
1041477525563744772,Self check-in,Services
1041477525563744772,Keypad,Services
1041477525563744772,Lock on bedroom door,Privacy and safety
1041477525563744772,Exterior security cameras on property,Privacy and safety
1041477525563744772,TV,Privacy and safety
1041477525563744772,Washer,Privacy and safety
1041477525563744772,Private entrance,Privacy and safety
6729222,Garden view,Scenic views
6729222,Hair dryer,Bathroom
6729222,Cleaning products,Bathroom
6729222,Shampoo,Bathroom
6729222,Conditioner,Bathroom
6729222,Hot water,Bathroom
6729222,Shower gel,Bathroom
6729222,Essentials,Bedroom and laundry
6729222,Bed linens,Bedroom and laundry
6729222,Extra pillows and blankets,Bedroom and laundry
6729222,Room-darkening shades,Bedroom and laundry
6729222,Iron,Bedroom and laundry
6729222,Drying rack for clothing,Bedroom and laundry
6729222,Clothing storage: wardrobe,Bedroom and laundry
6729222,Ethernet connection,Entertainment
6729222,50 inch HDTV with Netflix,Entertainment
6729222,Bluetooth sound system,Entertainment
6729222,Exercise equipment: yoga mat,Entertainment
6729222,Books and reading material,Entertainment
6729222,AC - split type ductless system,Heating and cooling
6729222,Portable heater,Heating and cooling
6729222,Heating - split type ductless system,Heating and cooling
6729222,Exterior security cameras on property,Home safety
6729222,Smoke alarm,Home safety
6729222,Carbon monoxide alarm,Home safety
6729222,Fire extinguisher,Home safety
6729222,First aid kit,Home safety
6729222,Fast wifi – 341 Mbps,Internet and office
6729222,Dedicated workspace,Internet and office
6729222,Kitchen,Kitchen and dining
6729222,Refrigerator,Kitchen and dining
6729222,Microwave,Kitchen and dining
6729222,Cooking basics,Kitchen and dining
6729222,Dishes and silverware,Kitchen and dining
6729222,Freezer,Kitchen and dining
6729222,Gas stove,Kitchen and dining
6729222,Oven,Kitchen and dining
6729222,Hot water kettle,Kitchen and dining
6729222,"Coffee maker: drip coffee maker, french press",Kitchen and dining
6729222,Wine glasses,Kitchen and dining
6729222,Toaster,Kitchen and dining
6729222,Blender,Kitchen and dining
6729222,Dining table,Kitchen and dining
6729222,Coffee,Kitchen and dining
6729222,Private entrance,Location features
6729222,Shared patio or balcony,Outdoor
6729222,Private backyard – Fully fenced,Outdoor
6729222,Outdoor furniture,Outdoor
6729222,Outdoor dining area,Outdoor
6729222,Free street parking,Parking and facilities
6729222,Luggage dropoff allowed,Services
6729222,Smoking allowed,Services
6729222,Long term stays allowed,Services
6729222,Self check-in,Services
6729222,Keypad,Services
6729222,Cleaning available during stay,Services
6729222,Washer,Not included
6729222,Dryer,Not included
987157188477759486,Bathtub,Bathroom
987157188477759486,Hair dryer,Bathroom
987157188477759486,Cleaning products,Bathroom
987157188477759486,Shampoo,Bathroom
987157188477759486,Conditioner,Bathroom
987157188477759486,Hot water,Bathroom
987157188477759486,Shower gel,Bathroom
987157188477759486,Washer,Bedroom and laundry
987157188477759486,Free dryer – In unit,Bedroom and laundry
987157188477759486,Essentials,Bedroom and laundry
987157188477759486,Hangers,Bedroom and laundry
987157188477759486,Bed linens,Bedroom and laundry
987157188477759486,Iron,Bedroom and laundry
987157188477759486,Clothing storage: closet and dresser,Bedroom and laundry
987157188477759486,TV,Entertainment
987157188477759486,Pack ’n play/Travel crib - available upon request,Family
987157188477759486,High chair - available upon request,Family
987157188477759486,AC - split type ductless system,Heating and cooling
987157188477759486,Ceiling fan,Heating and cooling
987157188477759486,Radiant heating,Heating and cooling
987157188477759486,Heating - split type ductless system,Heating and cooling
987157188477759486,Exterior security cameras on property,Home safety
987157188477759486,Smoke alarm,Home safety
987157188477759486,Carbon monoxide alarm,Home safety
987157188477759486,First aid kit,Home safety
987157188477759486,Wifi,Internet and office
987157188477759486,Kitchen,Kitchen and dining
987157188477759486,Refrigerator,Kitchen and dining
987157188477759486,Microwave,Kitchen and dining
987157188477759486,Cooking basics,Kitchen and dining
987157188477759486,Dishes and silverware,Kitchen and dining
987157188477759486,Stove,Kitchen and dining
987157188477759486,Oven,Kitchen and dining
987157188477759486,Coffee maker: drip coffee maker,Kitchen and dining
987157188477759486,Wine glasses,Kitchen and dining
987157188477759486,Toaster,Kitchen and dining
987157188477759486,Coffee,Kitchen and dining
987157188477759486,Pets allowed,Services
987157188477759486,Self check-in,Services
987157188477759486,Keypad,Services
1572320521933195056,Bathtub,Bathroom
1572320521933195056,Hair dryer,Bathroom
1572320521933195056,Cleaning products,Bathroom
1572320521933195056,Shampoo,Bathroom
1572320521933195056,Conditioner,Bathroom
1572320521933195056,Hot water,Bathroom
1572320521933195056,Shower gel,Bathroom
1572320521933195056,Hangers,Bedroom and laundry
1572320521933195056,Bed linens,Bedroom and laundry
1572320521933195056,Extra pillows and blankets,Bedroom and laundry
1572320521933195056,Iron,Bedroom and laundry
1572320521933195056,Clothing storage,Bedroom and laundry
1572320521933195056,Ethernet connection,Entertainment
1572320521933195056,TV,Entertainment
1572320521933195056,Theme room,Entertainment
1572320521933195056,Air conditioning,Heating and cooling
1572320521933195056,Portable fans,Heating and cooling
1572320521933195056,Central heating,Heating and cooling
1572320521933195056,Exterior security cameras on property,Home safety
1572320521933195056,Smoke alarm,Home safety
1572320521933195056,Carbon monoxide alarm,Home safety
1572320521933195056,Fire extinguisher,Home safety
1572320521933195056,First aid kit,Home safety
1572320521933195056,Wifi,Internet and office
1572320521933195056,Dedicated workspace,Internet and office
1572320521933195056,Kitchen,Kitchen and dining
1572320521933195056,Refrigerator,Kitchen and dining
1572320521933195056,Microwave,Kitchen and dining
1572320521933195056,Dishes and silverware,Kitchen and dining
1572320521933195056,Freezer,Kitchen and dining
1572320521933195056,Dishwasher,Kitchen and dining
1572320521933195056,Coffee maker,Kitchen and dining
1572320521933195056,Wine glasses,Kitchen and dining
1572320521933195056,Toaster,Kitchen and dining
1572320521933195056,Trash compactor,Kitchen and dining
1572320521933195056,Dining table,Kitchen and dining
1572320521933195056,Coffee,Kitchen and dining
1572320521933195056,Bread maker,Kitchen and dining
1572320521933195056,Laundromat nearby,Location features
1572320521933195056,Free street parking,Parking and facilities
1572320521933195056,Luggage dropoff allowed,Services
1572320521933195056,Washer,Not included
1572320521933195056,Dryer,Not included
1572320521933195056,Essentials,Not included
41647808,Hair dryer,Bathroom
41647808,Shampoo,Bathroom
41647808,Hot water,Bathroom
41647808,Washer,Bedroom and laundry
41647808,Dryer,Bedroom and laundry
41647808,Essentials,Bedroom and laundry
41647808,Hangers,Bedroom and laundry
41647808,Bed linens,Bedroom and laundry
41647808,Extra pillows and blankets,Bedroom and laundry
41647808,Iron,Bedroom and laundry
41647808,TV,Entertainment
41647808,Air conditioning,Heating and cooling
41647808,Indoor fireplace,Heating and cooling
41647808,Heating,Heating and cooling
41647808,Lock on bedroom door,Privacy and safety
41647808,Smoke alarm,Privacy and safety
41647808,Carbon monoxide alarm,Privacy and safety
41647808,Fire extinguisher,Privacy and safety
41647808,First aid kit,Privacy and safety
41647808,Wifi,Internet and office
41647808,Kitchen,Kitchen and dining
41647808,Refrigerator,Kitchen and dining
41647808,Microwave,Kitchen and dining
41647808,Cooking basics,Kitchen and dining
41647808,Dishes and silverware,Kitchen and dining
41647808,Dishwasher,Kitchen and dining
41647808,Stove,Kitchen and dining
41647808,Oven,Kitchen and dining
41647808,Coffee maker,Kitchen and dining
41647808,Self check-in,Services
41647808,Smart lock,Services
41647808,Exterior security cameras on property,Not included
1200011902007184561,Bathtub,Bathroom
1200011902007184561,Hair dryer,Bathroom
1200011902007184561,Cleaning products,Bathroom
1200011902007184561,Shampoo,Bathroom
1200011902007184561,Conditioner,Bathroom
1200011902007184561,Body soap,Bathroom
1200011902007184561,Bidet,Bathroom
1200011902007184561,Hot water,Bathroom
1200011902007184561,Shower gel,Bathroom
1200011902007184561,Essentials,Bedroom and laundry
1200011902007184561,Hangers,Bedroom and laundry
1200011902007184561,Bed linens,Bedroom and laundry
1200011902007184561,Extra pillows and blankets,Bedroom and laundry
1200011902007184561,Room-darkening shades,Bedroom and laundry
1200011902007184561,Iron,Bedroom and laundry
1200011902007184561,Drying rack for clothing,Bedroom and laundry
1200011902007184561,Clothing storage,Bedroom and laundry
1200011902007184561,Books and reading material,Entertainment
1200011902007184561,Window AC unit,Heating and cooling
1200011902007184561,Radiant heating,Heating and cooling
1200011902007184561,Lock on bedroom door,Privacy and safety
1200011902007184561,Smoke alarm,Privacy and safety
1200011902007184561,Carbon monoxide alarm,Privacy and safety
1200011902007184561,Wifi,Internet and office
1200011902007184561,Dedicated workspace,Internet and office
1200011902007184561,Kitchen,Kitchen and dining
1200011902007184561,Refrigerator,Kitchen and dining
1200011902007184561,Microwave,Kitchen and dining
1200011902007184561,Cooking basics,Kitchen and dining
1200011902007184561,Freezer,Kitchen and dining
1200011902007184561,Dishwasher,Kitchen and dining
1200011902007184561,Blender,Kitchen and dining
1200011902007184561,Trash compactor,Kitchen and dining
1200011902007184561,Dining table,Kitchen and dining
1200011902007184561,Coffee,Kitchen and dining
1200011902007184561,Laundromat nearby,Location features
1200011902007184561,Fire pit,Outdoor
1200011902007184561,Hot tub,Parking and facilities
1200011902007184561,Long term stays allowed,Services
1200011902007184561,Cleaning available during stay,Services
1200011902007184561,Exterior security cameras on property,Not included
1200011902007184561,"TV with Apple TV, Fire TV, HBO Max, Hulu",Not included
1200011902007184561,Washer – In building,Not included
1200011902007184561,Dryer,Not included
1422721451605695553,Hair dryer,Bathroom
1422721451605695553,Cleaning products,Bathroom
1422721451605695553,Shampoo,Bathroom
1422721451605695553,Conditioner,Bathroom
1422721451605695553,Body soap,Bathroom
1422721451605695553,Hot water,Bathroom
1422721451605695553,Shower gel,Bathroom
1422721451605695553,Washer,Bedroom and laundry
1422721451605695553,Dryer – In unit,Bedroom and laundry
1422721451605695553,Essentials,Bedroom and laundry
1422721451605695553,Hangers,Bedroom and laundry
1422721451605695553,Extra pillows and blankets,Bedroom and laundry
1422721451605695553,Iron,Bedroom and laundry
1422721451605695553,Drying rack for clothing,Bedroom and laundry
1422721451605695553,Clothing storage: walk-in closet,Bedroom and laundry
1422721451605695553,TV,Entertainment
1422721451605695553,Exercise equipment,Entertainment
1422721451605695553,Pool table,Entertainment
1422721451605695553,Air conditioning,Heating and cooling
1422721451605695553,Central heating,Heating and cooling
1422721451605695553,Exterior security cameras on property,Home safety
1422721451605695553,Smoke alarm,Home safety
1422721451605695553,Carbon monoxide alarm,Home safety
1422721451605695553,Fire extinguisher,Home safety
1422721451605695553,First aid kit,Home safety
1422721451605695553,Wifi,Internet and office
1422721451605695553,Dedicated workspace,Internet and office
1422721451605695553,Kitchen,Kitchen and dining
1422721451605695553,Microwave,Kitchen and dining
1422721451605695553,Cooking basics,Kitchen and dining
1422721451605695553,Dishes and silverware,Kitchen and dining
1422721451605695553,Freezer,Kitchen and dining
1422721451605695553,Dishwasher,Kitchen and dining
1422721451605695553,Stove,Kitchen and dining
1422721451605695553,Oven,Kitchen and dining
1422721451605695553,Hot water kettle,Kitchen and dining
1422721451605695553,Coffee maker: Keurig coffee machine,Kitchen and dining
1422721451605695553,Wine glasses,Kitchen and dining
1422721451605695553,Toaster,Kitchen and dining
1422721451605695553,Blender,Kitchen and dining
1422721451605695553,Dining table,Kitchen and dining
1422721451605695553,Outdoor dining area,Outdoor
1422721451605695553,BBQ grill,Outdoor
1422721451605695553,Free residential garage on premises,Parking and facilities
1422721451605695553,Pool,Parking and facilities
1422721451605695553,Hot tub,Parking and facilities
1422721451605695553,Elevator,Parking and facilities
1422721451605695553,EV charger,Parking and facilities
1422721451605695553,Gym,Parking and facilities
1422721451605695553,Pets allowed,Services
1422721451605695553,Self check-in,Services
1422721451605695553,Keypad,Services
1583781679885801491,Bathtub,Bathroom
1583781679885801491,Hair dryer,Bathroom
1583781679885801491,Shampoo,Bathroom
1583781679885801491,Conditioner,Bathroom
1583781679885801491,Body soap,Bathroom
1583781679885801491,Shower gel,Bathroom
1583781679885801491,Hangers,Bedroom and laundry
1583781679885801491,TV,Entertainment
1583781679885801491,Wifi,Internet and office
1583781679885801491,Refrigerator,Kitchen and dining
1583781679885801491,Microwave,Kitchen and dining
1583781679885801491,Cooking basics,Kitchen and dining
1583781679885801491,Dishes and silverware,Kitchen and dining
1583781679885801491,Freezer,Kitchen and dining
1583781679885801491,Dining table,Kitchen and dining
1583781679885801491,Self check-in,Services
1583781679885801491,Lockbox,Services
1583781679885801491,Exterior security cameras on property,Not included
1583781679885801491,Kitchen,Not included
1583781679885801491,Washer,Not included
1583781679885801491,Dryer,Not included
1583781679885801491,Air conditioning,Not included
1583781679885801491,Essentials,Not included
1583781679885801491,Smoke alarm,Not included
1583781679885801491,Carbon monoxide alarm,Not included
1583781679885801491,Heating,Not included
1583781679885801491,Hot water,Not included
1325050928463769480,Hair dryer,Bathroom
1325050928463769480,Shampoo,Bathroom
1325050928463769480,Conditioner,Bathroom
1325050928463769480,Body soap,Bathroom
1325050928463769480,Bidet,Bathroom
1325050928463769480,Hot water,Bathroom
1325050928463769480,Shower gel,Bathroom
1325050928463769480,Free washer – In unit,Bedroom and laundry
1325050928463769480,Free dryer – In unit,Bedroom and laundry
1325050928463769480,Hangers,Bedroom and laundry
1325050928463769480,Clothing storage: dresser,Bedroom and laundry
1325050928463769480,TV,Entertainment
1325050928463769480,Portable heater,Heating and cooling
1325050928463769480,Smoke alarm,Home safety
1325050928463769480,Carbon monoxide alarm,Home safety
1325050928463769480,Fire extinguisher,Home safety
1325050928463769480,First aid kit,Home safety
1325050928463769480,Wifi,Internet and office
1325050928463769480,Microwave,Kitchen and dining
1325050928463769480,Dishes and silverware,Kitchen and dining
1325050928463769480,Mini fridge,Kitchen and dining
1325050928463769480,Dishwasher,Kitchen and dining
1325050928463769480,Hot water kettle,Kitchen and dining
1325050928463769480,Coffee maker: drip coffee maker,Kitchen and dining
1325050928463769480,Rice maker,Kitchen and dining
1325050928463769480,Kitchenette,Kitchen and dining
1325050928463769480,Dining table,Kitchen and dining
1325050928463769480,Private entrance,Location features
1325050928463769480,Free street parking,Parking and facilities
1325050928463769480,Luggage dropoff allowed,Services
1325050928463769480,Self check-in,Services
1325050928463769480,Keypad,Services
1325050928463769480,Lock on bedroom door,Privacy and safety
1325050928463769480,Exterior security cameras on property,Privacy and safety
1325050928463769480,Kitchen,Privacy and safety
1325050928463769480,Air conditioning,Privacy and safety
1325050928463769480,Essentials,Privacy and safety
1059399783161257709,Bathtub,Bathroom
1059399783161257709,Hair dryer,Bathroom
1059399783161257709,Cleaning products,Bathroom
1059399783161257709,TRESemmé shampoo,Bathroom
1059399783161257709,TRESemmé conditioner,Bathroom
1059399783161257709,Ivory body soap,Bathroom
1059399783161257709,Hot water,Bathroom
1059399783161257709,Shower gel,Bathroom
1059399783161257709,Paid washer – In building,Bedroom and laundry
1059399783161257709,Paid dryer – In building,Bedroom and laundry
1059399783161257709,Essentials,Bedroom and laundry
1059399783161257709,Hangers,Bedroom and laundry
1059399783161257709,Bed linens,Bedroom and laundry
1059399783161257709,Extra pillows and blankets,Bedroom and laundry
1059399783161257709,Iron,Bedroom and laundry
1059399783161257709,Drying rack for clothing,Bedroom and laundry
1059399783161257709,Ethernet connection,Entertainment
1059399783161257709,HDTV with Roku,Entertainment
1059399783161257709,Books and reading material,Entertainment
1059399783161257709,Pack ’n play/Travel crib - available upon request,Family
1059399783161257709,"Children’s books and toys for ages 0-2 years old, 2-5 years old, 5-10 years old, and 10+ years old",Family
1059399783161257709,Standalone high chair - available upon request,Family
1059399783161257709,Baby bath - available upon request,Family
1059399783161257709,Children’s dinnerware,Family
1059399783161257709,Changing table - available upon request,Family
1059399783161257709,Outlet covers,Family
1059399783161257709,Board games,Family
1059399783161257709,AC - split type ductless system,Heating and cooling
1059399783161257709,Portable fans,Heating and cooling
1059399783161257709,Central heating,Heating and cooling
1059399783161257709,Portable heater,Heating and cooling
1059399783161257709,Heating - split type ductless system,Heating and cooling
1059399783161257709,Exterior security cameras on property,Home safety
1059399783161257709,Smoke alarm,Home safety
1059399783161257709,Carbon monoxide alarm,Home safety
1059399783161257709,Fire extinguisher,Home safety
1059399783161257709,First aid kit,Home safety
1059399783161257709,Fast wifi – 180 Mbps,Internet and office
1059399783161257709,Dedicated workspace,Internet and office
1059399783161257709,Kitchen,Kitchen and dining
1059399783161257709,Refrigerator,Kitchen and dining
1059399783161257709,Microwave,Kitchen and dining
1059399783161257709,Cooking basics,Kitchen and dining
1059399783161257709,Dishes and silverware,Kitchen and dining
1059399783161257709,Mini fridge,Kitchen and dining
1059399783161257709,Freezer,Kitchen and dining
1059399783161257709,Induction stove,Kitchen and dining
1059399783161257709,Hot water kettle,Kitchen and dining
1059399783161257709,Coffee maker: Keurig coffee machine,Kitchen and dining
1059399783161257709,Wine glasses,Kitchen and dining
1059399783161257709,Toaster,Kitchen and dining
1059399783161257709,Blender,Kitchen and dining
1059399783161257709,Dining table,Kitchen and dining
1059399783161257709,Coffee,Kitchen and dining
1059399783161257709,Private entrance,Location features
1059399783161257709,Laundromat nearby,Location features
1059399783161257709,Free street parking,Parking and facilities
1059399783161257709,Private living room,Parking and facilities
1059399783161257709,Luggage dropoff allowed,Services
1059399783161257709,Self check-in,Services
1059399783161257709,Smart lock,Services
1059399783161257709,"Housekeeping available from 10:00 AM to 4:00 PM, every day - available at extra cost",Services
1059399783161257709,Lock on bedroom door,Privacy and safety
1294224662469197490,City skyline view,Scenic views
1294224662469197490,Bathtub,Bathroom
1294224662469197490,Hair dryer,Bathroom
1294224662469197490,Cleaning products,Bathroom
1294224662469197490,Shampoo,Bathroom
1294224662469197490,Conditioner,Bathroom
1294224662469197490,Body soap,Bathroom
1294224662469197490,Hot water,Bathroom
1294224662469197490,Essentials,Bedroom and laundry
1294224662469197490,Hangers,Bedroom and laundry
1294224662469197490,Bed linens,Bedroom and laundry
1294224662469197490,Iron,Bedroom and laundry
1294224662469197490,Clothing storage,Bedroom and laundry
1294224662469197490,TV,Entertainment
1294224662469197490,Air conditioning,Heating and cooling
1294224662469197490,Heating,Heating and cooling
1294224662469197490,Lock on bedroom door,Privacy and safety
1294224662469197490,Exterior security cameras on property,Privacy and safety
1294224662469197490,Smoke alarm,Privacy and safety
1294224662469197490,Carbon monoxide alarm,Privacy and safety
1294224662469197490,Fire extinguisher,Privacy and safety
1294224662469197490,First aid kit,Privacy and safety
1294224662469197490,Wifi,Internet and office
1294224662469197490,Dedicated workspace,Internet and office
1294224662469197490,Refrigerator,Kitchen and dining
1294224662469197490,Microwave,Kitchen and dining
1294224662469197490,Cooking basics,Kitchen and dining
1294224662469197490,Dishes and silverware,Kitchen and dining
1294224662469197490,Freezer,Kitchen and dining
1294224662469197490,Hot water kettle,Kitchen and dining
1294224662469197490,Coffee maker,Kitchen and dining
1294224662469197490,Toaster,Kitchen and dining
1294224662469197490,Kitchenette,Kitchen and dining
1294224662469197490,Dining table,Kitchen and dining
1294224662469197490,Coffee,Kitchen and dining
1294224662469197490,Laundromat nearby,Location features
1294224662469197490,Paid parking off premises,Parking and facilities
1294224662469197490,Luggage dropoff allowed,Services
1294224662469197490,Self check-in,Services
1294224662469197490,Lockbox,Services
1294224662469197490,Kitchen,Not included
1294224662469197490,Washer,Not included
1294224662469197490,Dryer,Not included
1122670703887751615,Bathtub,Bathroom
1122670703887751615,Hair dryer,Bathroom
1122670703887751615,Conditioner,Bathroom
1122670703887751615,Hot water,Bathroom
1122670703887751615,Paid washer – In building,Bedroom and laundry
1122670703887751615,Paid dryer – In building,Bedroom and laundry
1122670703887751615,Essentials,Bedroom and laundry
1122670703887751615,TV,Entertainment
1122670703887751615,Air conditioning,Heating and cooling
1122670703887751615,Smoke alarm,Home safety
1122670703887751615,Carbon monoxide alarm,Home safety
1122670703887751615,Wifi,Internet and office
1122670703887751615,Kitchen,Kitchen and dining
1122670703887751615,Refrigerator,Kitchen and dining
1122670703887751615,Microwave,Kitchen and dining
1122670703887751615,Cooking basics,Kitchen and dining
1122670703887751615,Dishes and silverware,Kitchen and dining
1122670703887751615,Stove,Kitchen and dining
1122670703887751615,Oven,Kitchen and dining
1122670703887751615,Coffee maker,Kitchen and dining
1122670703887751615,Toaster,Kitchen and dining
1122670703887751615,Dining table,Kitchen and dining
1122670703887751615,Coffee,Kitchen and dining
1122670703887751615,Free residential garage on premises – 1 space,Parking and facilities
1122670703887751615,Self check-in,Services
1122670703887751615,Lockbox,Services
1122670703887751615,Exterior security cameras on property,Not included
1122670703887751615,Shampoo,Not included
1122670703887751615,Private entrance,Not included
1122670703887751615,Heating,Not included
1574442753342763775,Bathtub,Bathroom
1574442753342763775,Hair dryer,Bathroom
1574442753342763775,Cleaning products,Bathroom
1574442753342763775,Shampoo,Bathroom
1574442753342763775,Conditioner,Bathroom
1574442753342763775,Body soap,Bathroom
1574442753342763775,Hot water,Bathroom
1574442753342763775,Shower gel,Bathroom
1574442753342763775,Hangers,Bedroom and laundry
1574442753342763775,Bed linens,Bedroom and laundry
1574442753342763775,Clothing storage: closet,Bedroom and laundry
1574442753342763775,Ethernet connection,Entertainment
1574442753342763775,TV,Entertainment
1574442753342763775,Theme room,Entertainment
1574442753342763775,Air conditioning,Heating and cooling
1574442753342763775,Portable fans,Heating and cooling
1574442753342763775,Central heating,Heating and cooling
1574442753342763775,Exterior security cameras on property,Home safety
1574442753342763775,Smoke alarm,Home safety
1574442753342763775,Carbon monoxide alarm,Home safety
1574442753342763775,Fire extinguisher,Home safety
1574442753342763775,First aid kit,Home safety
1574442753342763775,Wifi,Internet and office
1574442753342763775,Dedicated workspace,Internet and office
1574442753342763775,Refrigerator,Kitchen and dining
1574442753342763775,Microwave,Kitchen and dining
1574442753342763775,Cooking basics,Kitchen and dining
1574442753342763775,Dishes and silverware,Kitchen and dining
1574442753342763775,Freezer,Kitchen and dining
1574442753342763775,Coffee maker,Kitchen and dining
1574442753342763775,Wine glasses,Kitchen and dining
1574442753342763775,Toaster,Kitchen and dining
1574442753342763775,Trash compactor,Kitchen and dining
1574442753342763775,Dining table,Kitchen and dining
1574442753342763775,Coffee,Kitchen and dining
1574442753342763775,Bread maker,Kitchen and dining
1574442753342763775,Laundromat nearby,Location features
1574442753342763775,Private patio or balcony,Outdoor
1574442753342763775,Paid parking on premises,Parking and facilities
1574442753342763775,Luggage dropoff allowed,Services
1574442753342763775,Kitchen,Not included
1574442753342763775,Washer,Not included
1574442753342763775,Dryer,Not included
1574442753342763775,Essentials,Not included
1452459651028581483,Bathtub,Bathroom
1452459651028581483,Hair dryer,Bathroom
1452459651028581483,Shampoo,Bathroom
1452459651028581483,Conditioner,Bathroom
1452459651028581483,Hot water,Bathroom
1452459651028581483,Shower gel,Bathroom
1452459651028581483,Essentials,Bedroom and laundry
1452459651028581483,Hangers,Bedroom and laundry
1452459651028581483,Bed linens,Bedroom and laundry
1452459651028581483,Drying rack for clothing,Bedroom and laundry
1452459651028581483,TV,Entertainment
1452459651028581483,Air conditioning,Heating and cooling
1452459651028581483,Ceiling fan,Heating and cooling
1452459651028581483,Central heating,Heating and cooling
1452459651028581483,Lock on bedroom door,Privacy and safety
1452459651028581483,Exterior security cameras on property,Privacy and safety
1452459651028581483,Smoke alarm,Privacy and safety
1452459651028581483,Carbon monoxide alarm,Privacy and safety
1452459651028581483,Fire extinguisher,Privacy and safety
1452459651028581483,First aid kit,Privacy and safety
1452459651028581483,Wifi,Internet and office
1452459651028581483,Dedicated workspace,Internet and office
1452459651028581483,Kitchen,Kitchen and dining
1452459651028581483,Refrigerator,Kitchen and dining
1452459651028581483,Microwave,Kitchen and dining
1452459651028581483,Cooking basics,Kitchen and dining
1452459651028581483,Dishes and silverware,Kitchen and dining
1452459651028581483,Stove,Kitchen and dining
1452459651028581483,Oven,Kitchen and dining
1452459651028581483,Hot water kettle,Kitchen and dining
1452459651028581483,Coffee maker: drip coffee maker,Kitchen and dining
1452459651028581483,Wine glasses,Kitchen and dining
1452459651028581483,Toaster,Kitchen and dining
1452459651028581483,Dining table,Kitchen and dining
1452459651028581483,Coffee,Kitchen and dining
1452459651028581483,Private entrance,Location features
1452459651028581483,Laundromat nearby,Location features
1452459651028581483,Long term stays allowed,Services
1452459651028581483,Self check-in,Services
1452459651028581483,Keypad,Services
1452459651028581483,Washer,Not included
1452459651028581483,Dryer,Not included
1511038171725185830,Bathtub,Bathroom
1511038171725185830,Hair dryer,Bathroom
1511038171725185830,Cleaning products,Bathroom
1511038171725185830,Shampoo,Bathroom
1511038171725185830,Conditioner,Bathroom
1511038171725185830,Body soap,Bathroom
1511038171725185830,Hot water,Bathroom
1511038171725185830,Shower gel,Bathroom
1511038171725185830,Essentials,Bedroom and laundry
1511038171725185830,TV,Entertainment
1511038171725185830,Air conditioning,Heating and cooling
1511038171725185830,Portable heater,Heating and cooling
1511038171725185830,Smoke alarm,Home safety
1511038171725185830,Carbon monoxide alarm,Home safety
1511038171725185830,Fire extinguisher,Home safety
1511038171725185830,Wifi,Internet and office
1511038171725185830,Kitchen,Kitchen and dining
1511038171725185830,Cooking basics,Kitchen and dining
1511038171725185830,Free parking on premises,Parking and facilities
1511038171725185830,Pets allowed,Services
1511038171725185830,Self check-in,Services
1511038171725185830,Lockbox,Services
1511038171725185830,Exterior security cameras on property,Not included
1511038171725185830,Washer,Not included
1511038171725185830,Dryer,Not included
626767327976025919,City skyline view,Scenic views
626767327976025919,Garden view,Scenic views
626767327976025919,Bathtub,Bathroom
626767327976025919,Hair dryer,Bathroom
626767327976025919,Shampoo,Bathroom
626767327976025919,Conditioner,Bathroom
626767327976025919,Body soap,Bathroom
626767327976025919,Hot water,Bathroom
626767327976025919,Shower gel,Bathroom
626767327976025919,Essentials,Bedroom and laundry
626767327976025919,Hangers,Bedroom and laundry
626767327976025919,Bed linens,Bedroom and laundry
626767327976025919,Extra pillows and blankets,Bedroom and laundry
626767327976025919,Room-darkening shades,Bedroom and laundry
626767327976025919,Iron,Bedroom and laundry
626767327976025919,Clothing storage: closet and dresser,Bedroom and laundry
626767327976025919,"50 inch HDTV with Netflix, premium cable",Entertainment
626767327976025919,AC - split type ductless system,Heating and cooling
626767327976025919,Ceiling fan,Heating and cooling
626767327976025919,Heating - split type ductless system,Heating and cooling
626767327976025919,Lock on bedroom door,Privacy and safety
626767327976025919,Exterior security cameras on property,Privacy and safety
626767327976025919,Smoke alarm,Privacy and safety
626767327976025919,Fire extinguisher,Privacy and safety
626767327976025919,Wifi,Internet and office
626767327976025919,Dedicated workspace,Internet and office
626767327976025919,Microwave,Kitchen and dining
626767327976025919,Dishes and silverware,Kitchen and dining
626767327976025919,Mini fridge,Kitchen and dining
626767327976025919,Hot water kettle,Kitchen and dining
626767327976025919,"Coffee maker: drip coffee maker, french press",Kitchen and dining
626767327976025919,Wine glasses,Kitchen and dining
626767327976025919,Toaster,Kitchen and dining
626767327976025919,Kitchenette,Kitchen and dining
626767327976025919,Dining table,Kitchen and dining
626767327976025919,Private entrance,Location features
626767327976025919,Laundromat nearby,Location features
626767327976025919,Free street parking,Parking and facilities
626767327976025919,Paid parking garage off premises,Parking and facilities
626767327976025919,Luggage dropoff allowed,Services
626767327976025919,Long term stays allowed,Services
626767327976025919,Self check-in,Services
626767327976025919,Lockbox,Services
626767327976025919,Kitchen,Not included
626767327976025919,Washer,Not included
626767327976025919,Dryer,Not included
626767327976025919,Carbon monoxide alarm,Not included
13788132,Hair dryer,Bathroom
13788132,Shampoo,Bathroom
13788132,Conditioner,Bathroom
13788132,Body soap,Bathroom
13788132,Hot water,Bathroom
13788132,Shower gel,Bathroom
13788132,Essentials,Bedroom and laundry
13788132,Hangers,Bedroom and laundry
13788132,Bed linens,Bedroom and laundry
13788132,Room-darkening shades,Bedroom and laundry
13788132,Iron,Bedroom and laundry
13788132,Clothing storage: closet and dresser,Bedroom and laundry
13788132,TV with standard cable,Entertainment
13788132,Window AC unit,Heating and cooling
13788132,Heating,Heating and cooling
13788132,Lock on bedroom door,Privacy and safety
13788132,Fire extinguisher,Privacy and safety
13788132,First aid kit,Privacy and safety
13788132,Fast wifi – 227 Mbps,Internet and office
13788132,Dedicated workspace,Internet and office
13788132,Kitchen,Kitchen and dining
13788132,Refrigerator,Kitchen and dining
13788132,Microwave,Kitchen and dining
13788132,Cooking basics,Kitchen and dining
13788132,Dishes and silverware,Kitchen and dining
13788132,Freezer,Kitchen and dining
13788132,Stove,Kitchen and dining
13788132,Oven,Kitchen and dining
13788132,Hot water kettle,Kitchen and dining
13788132,Wine glasses,Kitchen and dining
13788132,Dining table,Kitchen and dining
13788132,Free parking on premises,Parking and facilities
13788132,Free street parking,Parking and facilities
13788132,Paid parking garage off premises,Parking and facilities
13788132,Luggage dropoff allowed,Services
13788132,Self check-in,Services
13788132,Lockbox,Services
13788132,Exterior security cameras on property,Not included
13788132,Washer,Not included
13788132,Dryer,Not included
13788132,Smoke alarm,Not included
13788132,Carbon monoxide alarm,Not included
1523479926217161224,Shampoo,Bathroom
1523479926217161224,Hot water,Bathroom
1523479926217161224,Air conditioning,Heating and cooling
1523479926217161224,Exterior security cameras on property,Home safety
1523479926217161224,Smoke alarm,Home safety
1523479926217161224,First aid kit,Home safety
1523479926217161224,Wifi,Internet and office
1523479926217161224,Outdoor dining area,Outdoor
1523479926217161224,BBQ grill,Outdoor
1523479926217161224,Free parking on premises,Parking and facilities
1523479926217161224,Kitchen,Not included
1523479926217161224,Washer,Not included
1523479926217161224,Dryer,Not included
1523479926217161224,Essentials,Not included
1523479926217161224,Carbon monoxide alarm,Not included
1523479926217161224,Heating,Not included
1116547318831943620,Bathtub,Bathroom
1116547318831943620,Hair dryer,Bathroom
1116547318831943620,Cleaning products,Bathroom
1116547318831943620,Shampoo,Bathroom
1116547318831943620,Conditioner,Bathroom
1116547318831943620,Body soap,Bathroom
1116547318831943620,Hot water,Bathroom
1116547318831943620,Shower gel,Bathroom
1116547318831943620,Essentials,Bedroom and laundry
1116547318831943620,Hangers,Bedroom and laundry
1116547318831943620,Bed linens,Bedroom and laundry
1116547318831943620,Extra pillows and blankets,Bedroom and laundry
1116547318831943620,Room-darkening shades,Bedroom and laundry
1116547318831943620,Iron,Bedroom and laundry
1116547318831943620,Clothing storage,Bedroom and laundry
1116547318831943620,Ethernet connection,Entertainment
1116547318831943620,TV,Entertainment
1116547318831943620,Air conditioning,Heating and cooling
1116547318831943620,Heating,Heating and cooling
1116547318831943620,Exterior security cameras on property,Home safety
1116547318831943620,Smoke alarm,Home safety
1116547318831943620,Carbon monoxide alarm,Home safety
1116547318831943620,Fire extinguisher,Home safety
1116547318831943620,First aid kit,Home safety
1116547318831943620,Wifi,Internet and office
1116547318831943620,Dedicated workspace,Internet and office
1116547318831943620,Kitchen,Kitchen and dining
1116547318831943620,Refrigerator,Kitchen and dining
1116547318831943620,Microwave,Kitchen and dining
1116547318831943620,Cooking basics,Kitchen and dining
1116547318831943620,Freezer,Kitchen and dining
1116547318831943620,Stove,Kitchen and dining
1116547318831943620,Oven,Kitchen and dining
1116547318831943620,Hot water kettle,Kitchen and dining
1116547318831943620,Coffee maker,Kitchen and dining
1116547318831943620,Wine glasses,Kitchen and dining
1116547318831943620,Toaster,Kitchen and dining
1116547318831943620,Dining table,Kitchen and dining
1116547318831943620,Coffee,Kitchen and dining
1116547318831943620,Private entrance,Location features
1116547318831943620,Patio or balcony,Outdoor
1116547318831943620,Outdoor furniture,Outdoor
1116547318831943620,Long term stays allowed,Services
1116547318831943620,Self check-in,Services
1116547318831943620,Smart lock,Services
1116547318831943620,Washer,Not included
31593457,Bathtub,Bathroom
31593457,Hair dryer,Bathroom
31593457,Shampoo,Bathroom
31593457,Conditioner,Bathroom
31593457,Body soap,Bathroom
31593457,Hot water,Bathroom
31593457,Shower gel,Bathroom
31593457,Essentials,Bedroom and laundry
31593457,Hangers,Bedroom and laundry
31593457,Bed linens,Bedroom and laundry
31593457,Extra pillows and blankets,Bedroom and laundry
31593457,Room-darkening shades,Bedroom and laundry
31593457,Iron,Bedroom and laundry
31593457,Clothing storage,Bedroom and laundry
31593457,TV,Entertainment
31593457,Central air conditioning,Heating and cooling
31593457,Heating,Heating and cooling
31593457,Smoke alarm,Home safety
31593457,Carbon monoxide alarm,Home safety
31593457,Fire extinguisher,Home safety
31593457,Wifi,Internet and office
31593457,Dedicated workspace,Internet and office
31593457,Kitchen,Kitchen and dining
31593457,Refrigerator,Kitchen and dining
31593457,Microwave,Kitchen and dining
31593457,Cooking basics,Kitchen and dining
31593457,Dishes and silverware,Kitchen and dining
31593457,Freezer,Kitchen and dining
31593457,Dishwasher,Kitchen and dining
31593457,Stove,Kitchen and dining
31593457,Oven,Kitchen and dining
31593457,Hot water kettle,Kitchen and dining
31593457,Coffee maker,Kitchen and dining
31593457,Toaster,Kitchen and dining
31593457,Private entrance,Location features
31593457,Free parking on premises,Parking and facilities
31593457,Pets allowed,Services
31593457,Washer,Not included
31593457,Dryer,Not included
560179706514869791,Mountain view,Scenic views
560179706514869791,Bathtub,Bathroom
560179706514869791,Hair dryer,Bathroom
560179706514869791,Cleaning products,Bathroom
560179706514869791,Shampoo,Bathroom
560179706514869791,Body soap,Bathroom
560179706514869791,Hot water,Bathroom
560179706514869791,Free washer – In building,Bedroom and laundry
560179706514869791,Dryer – In unit,Bedroom and laundry
560179706514869791,Essentials,Bedroom and laundry
560179706514869791,Hangers,Bedroom and laundry
560179706514869791,Bed linens,Bedroom and laundry
560179706514869791,Room-darkening shades,Bedroom and laundry
560179706514869791,Clothing storage: closet and dresser,Bedroom and laundry
560179706514869791,Record player,Entertainment
560179706514869791,Books and reading material,Entertainment
560179706514869791,Central air conditioning,Heating and cooling
560179706514869791,Indoor fireplace,Heating and cooling
560179706514869791,Heating,Heating and cooling
560179706514869791,Smoke alarm,Home safety
560179706514869791,Carbon monoxide alarm,Home safety
560179706514869791,Fire extinguisher,Home safety
560179706514869791,First aid kit,Home safety
560179706514869791,Wifi,Internet and office
560179706514869791,Dedicated workspace,Internet and office
560179706514869791,Kitchen,Kitchen and dining
560179706514869791,Smeg refrigerator,Kitchen and dining
560179706514869791,Cooking basics,Kitchen and dining
560179706514869791,Dishes and silverware,Kitchen and dining
560179706514869791,Freezer,Kitchen and dining
560179706514869791,Dishwasher,Kitchen and dining
560179706514869791,Smeg gas stove,Kitchen and dining
560179706514869791,Smeg oven,Kitchen and dining
560179706514869791,Coffee maker,Kitchen and dining
560179706514869791,Dining table,Kitchen and dining
560179706514869791,Private entrance,Location features
560179706514869791,Private patio or balcony,Outdoor
560179706514869791,Private backyard – Fully fenced,Outdoor
560179706514869791,Outdoor furniture,Outdoor
560179706514869791,Outdoor dining area,Outdoor
560179706514869791,Sun loungers,Outdoor
560179706514869791,Free parking on premises,Parking and facilities
560179706514869791,Free street parking,Parking and facilities
560179706514869791,Single level home,Parking and facilities
560179706514869791,Long term stays allowed,Services
560179706514869791,Exterior security cameras on property,Not included
560179706514869791,TV,Not included
39251646,Garden view,Scenic views
39251646,Bathtub,Bathroom
39251646,Hair dryer,Bathroom
39251646,Cleaning products,Bathroom
39251646,Shampoo,Bathroom
39251646,Conditioner,Bathroom
39251646,Body soap,Bathroom
39251646,Hot water,Bathroom
39251646,Shower gel,Bathroom
39251646,Paid washer – In building,Bedroom and laundry
39251646,Paid dryer – In building,Bedroom and laundry
39251646,Essentials,Bedroom and laundry
39251646,Hangers,Bedroom and laundry
39251646,Bed linens,Bedroom and laundry
39251646,Extra pillows and blankets,Bedroom and laundry
39251646,Iron,Bedroom and laundry
39251646,Clothing storage,Bedroom and laundry
39251646,Ethernet connection,Entertainment
39251646,TV with standard cable,Entertainment
39251646,JVC Bluetooth speaker  Bluetooth sound system,Entertainment
39251646,Heating,Heating and cooling
39251646,Exterior security cameras on property,Home safety
39251646,Smoke alarm,Home safety
39251646,Carbon monoxide alarm,Home safety
39251646,Fire extinguisher,Home safety
39251646,Wifi,Internet and office
39251646,Dedicated workspace,Internet and office
39251646,Kitchen,Kitchen and dining
39251646,Refrigerator,Kitchen and dining
39251646,Microwave,Kitchen and dining
39251646,Cooking basics,Kitchen and dining
39251646,Dishes and silverware,Kitchen and dining
39251646,Dishwasher,Kitchen and dining
39251646,Stove,Kitchen and dining
39251646,Oven,Kitchen and dining
39251646,Coffee maker,Kitchen and dining
39251646,Wine glasses,Kitchen and dining
39251646,Coffee,Kitchen and dining
39251646,Private entrance,Location features
39251646,Shared patio or balcony,Outdoor
39251646,Private backyard – Not fully fenced,Outdoor
39251646,BBQ grill,Outdoor
39251646,Beach essentials,Outdoor
39251646,Free parking on premises,Parking and facilities
39251646,Free street parking,Parking and facilities
39251646,Luggage dropoff allowed,Services
39251646,Long term stays allowed,Services
39251646,Self check-in,Services
39251646,Keypad,Services
39251646,Air conditioning,Not included
565430340731534459,Hair dryer,Bathroom
565430340731534459,Cleaning products,Bathroom
565430340731534459,Hydro Marula Shampoo shampoo,Bathroom
565430340731534459,Hydro Marula Conditioner conditioner,Bathroom
565430340731534459,Hydro Marula Body Bar body soap,Bathroom
565430340731534459,Hot water,Bathroom
565430340731534459,Essentials,Bedroom and laundry
565430340731534459,Hangers,Bedroom and laundry
565430340731534459,Bed linens,Bedroom and laundry
565430340731534459,Extra pillows and blankets,Bedroom and laundry
565430340731534459,Room-darkening shades,Bedroom and laundry
565430340731534459,Iron,Bedroom and laundry
565430340731534459,Clothing storage: closet,Bedroom and laundry
565430340731534459,Ethernet connection,Entertainment
565430340731534459,"50 inch HDTV with Amazon Prime Video, Netflix",Entertainment
565430340731534459,SYMFONISK Speaker lamp  Bluetooth sound system,Entertainment
565430340731534459,Board games,Family
565430340731534459,Window AC unit,Heating and cooling
565430340731534459,Radiant heating,Heating and cooling
565430340731534459,Exterior security cameras on property,Home safety
565430340731534459,Smoke alarm,Home safety
565430340731534459,Carbon monoxide alarm,Home safety
565430340731534459,Fire extinguisher,Home safety
565430340731534459,Fast wifi – 725 Mbps,Internet and office
565430340731534459,Dedicated workspace,Internet and office
565430340731534459,Kitchen,Kitchen and dining
565430340731534459,Refrigerator,Kitchen and dining
565430340731534459,Microwave,Kitchen and dining
565430340731534459,Cooking basics,Kitchen and dining
565430340731534459,Dishes and silverware,Kitchen and dining
565430340731534459,Freezer,Kitchen and dining
565430340731534459,Gas stove,Kitchen and dining
565430340731534459,Oven,Kitchen and dining
565430340731534459,Hot water kettle,Kitchen and dining
565430340731534459,"Coffee maker: drip coffee maker, Keurig coffee machine",Kitchen and dining
565430340731534459,Wine glasses,Kitchen and dining
565430340731534459,Baking sheet,Kitchen and dining
565430340731534459,Dining table,Kitchen and dining
565430340731534459,Coffee,Kitchen and dining
565430340731534459,Private entrance,Location features
565430340731534459,Laundromat nearby,Location features
565430340731534459,Paid street parking off premises,Parking and facilities
565430340731534459,Long term stays allowed,Services
565430340731534459,Self check-in,Services
565430340731534459,Smart lock,Services
565430340731534459,Washer,Not included
52853265,Bathtub,Bathroom
52853265,Hair dryer,Bathroom
52853265,Cleaning products,Bathroom
52853265,Shampoo,Bathroom
52853265,Body soap,Bathroom
52853265,Hot water,Bathroom
52853265,Shower gel,Bathroom
52853265,Paid washer – In building,Bedroom and laundry
52853265,Paid dryer – In building,Bedroom and laundry
52853265,Essentials,Bedroom and laundry
52853265,Hangers,Bedroom and laundry
52853265,Bed linens,Bedroom and laundry
52853265,Extra pillows and blankets,Bedroom and laundry
52853265,Room-darkening shades,Bedroom and laundry
52853265,Iron,Bedroom and laundry
52853265,Safe,Bedroom and laundry
52853265,Mosquito net,Bedroom and laundry
52853265,"TV with Amazon Prime Video, Disney+, Fire TV, HBO Max, Hulu, Netflix, Apple TV",Entertainment
52853265,Books and reading material,Entertainment
52853265,Board games,Family
52853265,Air conditioning,Heating and cooling
52853265,Ceiling fan,Heating and cooling
52853265,Portable fans,Heating and cooling
52853265,Lock on bedroom door,Privacy and safety
52853265,Exterior security cameras on property,Privacy and safety
52853265,Smoke alarm,Privacy and safety
52853265,Carbon monoxide alarm,Privacy and safety
52853265,Fire extinguisher,Privacy and safety
52853265,First aid kit,Privacy and safety
52853265,Wifi,Internet and office
52853265,Dedicated workspace,Internet and office
52853265,Kitchen,Kitchen and dining
52853265,Refrigerator,Kitchen and dining
52853265,Microwave,Kitchen and dining
52853265,Cooking basics,Kitchen and dining
52853265,Dishes and silverware,Kitchen and dining
52853265,Mini fridge,Kitchen and dining
52853265,Freezer,Kitchen and dining
52853265,Stove,Kitchen and dining
52853265,Oven,Kitchen and dining
52853265,Hot water kettle,Kitchen and dining
52853265,Wine glasses,Kitchen and dining
52853265,Blender,Kitchen and dining
52853265,Rice maker,Kitchen and dining
52853265,Dining table,Kitchen and dining
52853265,Coffee,Kitchen and dining
52853265,Free street parking,Parking and facilities
52853265,Paid street parking off premises,Parking and facilities
52853265,Paid parking on premises,Parking and facilities
52853265,Luggage dropoff allowed,Services
52853265,Long term stays allowed,Services
52853265,Heating,Not included
1177449988217037376,Bathtub,Bathroom
1177449988217037376,Hair dryer,Bathroom
1177449988217037376,Shampoo,Bathroom
1177449988217037376,Conditioner,Bathroom
1177449988217037376,Body soap,Bathroom
1177449988217037376,Hot water,Bathroom
1177449988217037376,Shower gel,Bathroom
1177449988217037376,Essentials,Bedroom and laundry
1177449988217037376,Hangers,Bedroom and laundry
1177449988217037376,Room-darkening shades,Bedroom and laundry
1177449988217037376,Iron,Bedroom and laundry
1177449988217037376,TV,Entertainment
1177449988217037376,Pack ’n play/Travel crib - available upon request,Family
1177449988217037376,Air conditioning,Heating and cooling
1177449988217037376,Heating,Heating and cooling
1177449988217037376,Smoke alarm,Home safety
1177449988217037376,Carbon monoxide alarm,Home safety
1177449988217037376,Fast wifi – 143 Mbps,Internet and office
1177449988217037376,Dedicated workspace,Internet and office
1177449988217037376,Microwave,Kitchen and dining
1177449988217037376,Mini fridge,Kitchen and dining
1177449988217037376,Coffee maker,Kitchen and dining
1177449988217037376,Coffee,Kitchen and dining
1177449988217037376,Laundromat nearby,Location features
1177449988217037376,Elevator,Parking and facilities
1177449988217037376,Shared gym in building,Parking and facilities
1177449988217037376,Paid parking off premises,Parking and facilities
1177449988217037376,Pets allowed,Services
1177449988217037376,Self check-in,Services
1177449988217037376,Smart lock,Services
1177449988217037376,Kitchen,Not included
1177449988217037376,Washer,Not included
1177449988217037376,Private entrance,Not included
41840320,Hair dryer,Bathroom
41840320,Cleaning products,Bathroom
41840320,Shampoo,Bathroom
41840320,Hot water,Bathroom
41840320,Essentials,Bedroom and laundry
41840320,Hangers,Bedroom and laundry
41840320,Bed linens,Bedroom and laundry
41840320,Iron,Bedroom and laundry
41840320,Clothing storage: closet and dresser,Bedroom and laundry
41840320,TV,Entertainment
41840320,Portable air conditioning,Heating and cooling
41840320,Ceiling fan,Heating and cooling
41840320,Portable fans,Heating and cooling
41840320,Heating,Heating and cooling
41840320,Lock on bedroom door,Privacy and safety
41840320,Smoke alarm,Privacy and safety
41840320,Carbon monoxide alarm,Privacy and safety
41840320,Fire extinguisher,Privacy and safety
41840320,Wifi,Internet and office
41840320,Dedicated workspace,Internet and office
41840320,Kitchen,Kitchen and dining
41840320,Refrigerator,Kitchen and dining
41840320,Microwave,Kitchen and dining
41840320,Cooking basics,Kitchen and dining
41840320,Dishes and silverware,Kitchen and dining
41840320,Mini fridge,Kitchen and dining
41840320,Freezer,Kitchen and dining
41840320,Dishwasher,Kitchen and dining
41840320,Gas stove,Kitchen and dining
41840320,Oven,Kitchen and dining
41840320,Hot water kettle,Kitchen and dining
41840320,"Coffee maker: drip coffee maker, french press",Kitchen and dining
41840320,Wine glasses,Kitchen and dining
41840320,Toaster,Kitchen and dining
41840320,Baking sheet,Kitchen and dining
41840320,Blender,Kitchen and dining
41840320,Barbecue utensils,Kitchen and dining
41840320,Dining table,Kitchen and dining
41840320,Coffee,Kitchen and dining
41840320,Laundromat nearby,Location features
41840320,Shared backyard – Fully fenced,Outdoor
41840320,Outdoor furniture,Outdoor
41840320,Outdoor dining area,Outdoor
41840320,BBQ grill: charcoal,Outdoor
41840320,Free street parking,Parking and facilities
41840320,Luggage dropoff allowed,Services
41840320,Long term stays allowed,Services
41840320,Host greets you,Services
41840320,Exterior security cameras on property,Not included
41840320,Washer,Not included
41840320,Dryer,Not included
1173168273112763284,Bathtub,Bathroom
1173168273112763284,Hair dryer,Bathroom
1173168273112763284,Shampoo,Bathroom
1173168273112763284,Conditioner,Bathroom
1173168273112763284,Body soap,Bathroom
1173168273112763284,Hot water,Bathroom
1173168273112763284,Shower gel,Bathroom
1173168273112763284,Essentials,Bedroom and laundry
1173168273112763284,Hangers,Bedroom and laundry
1173168273112763284,Bed linens,Bedroom and laundry
1173168273112763284,Room-darkening shades,Bedroom and laundry
1173168273112763284,Iron,Bedroom and laundry
1173168273112763284,Clothing storage,Bedroom and laundry
1173168273112763284,TV,Entertainment
1173168273112763284,Pack ’n play/Travel crib - available upon request,Family
1173168273112763284,Window AC unit,Heating and cooling
1173168273112763284,Heating,Heating and cooling
1173168273112763284,Smoke alarm,Home safety
1173168273112763284,Carbon monoxide alarm,Home safety
1173168273112763284,Fast wifi – 226 Mbps,Internet and office
1173168273112763284,Dedicated workspace,Internet and office
1173168273112763284,Refrigerator,Kitchen and dining
1173168273112763284,Microwave,Kitchen and dining
1173168273112763284,Cooking basics,Kitchen and dining
1173168273112763284,Dishes and silverware,Kitchen and dining
1173168273112763284,Freezer,Kitchen and dining
1173168273112763284,Electric stove,Kitchen and dining
1173168273112763284,Coffee maker,Kitchen and dining
1173168273112763284,Kitchenette,Kitchen and dining
1173168273112763284,Coffee,Kitchen and dining
1173168273112763284,Laundromat nearby,Location features
1173168273112763284,Elevator,Parking and facilities
1173168273112763284,Shared gym in building,Parking and facilities
1173168273112763284,Paid parking off premises,Parking and facilities
1173168273112763284,Pets allowed,Services
1173168273112763284,Long term stays allowed,Services
1173168273112763284,Self check-in,Services
1173168273112763284,Smart lock,Services
1173168273112763284,Housekeeping - available at extra cost,Services
1173168273112763284,Exterior security cameras on property,Not included
1173168273112763284,Kitchen,Not included
1173168273112763284,Washer,Not included
1173168273112763284,Private entrance,Not included
1364767247295535976,Bathtub,Bathroom
1364767247295535976,Hair dryer,Bathroom
1364767247295535976,Cleaning products,Bathroom
1364767247295535976,Shampoo,Bathroom
1364767247295535976,Conditioner,Bathroom
1364767247295535976,Body soap,Bathroom
1364767247295535976,Hot water,Bathroom
1364767247295535976,Shower gel,Bathroom
1364767247295535976,Washer,Bedroom and laundry
1364767247295535976,Dryer,Bedroom and laundry
1364767247295535976,Hangers,Bedroom and laundry
1364767247295535976,Bed linens,Bedroom and laundry
1364767247295535976,Extra pillows and blankets,Bedroom and laundry
1364767247295535976,Iron,Bedroom and laundry
1364767247295535976,Drying rack for clothing,Bedroom and laundry
1364767247295535976,Clothing storage,Bedroom and laundry
1364767247295535976,TV,Entertainment
1364767247295535976,Books and reading material,Entertainment
1364767247295535976,Paid crib - available upon request,Family
1364767247295535976,Paid pack ’n play/travel crib - available upon request,Family
1364767247295535976,Paid high chair - available upon request,Family
1364767247295535976,Air conditioning,Heating and cooling
1364767247295535976,Heating,Heating and cooling
1364767247295535976,Exterior security cameras on property,Home safety
1364767247295535976,Smoke alarm,Home safety
1364767247295535976,Carbon monoxide alarm,Home safety
1364767247295535976,Fire extinguisher,Home safety
1364767247295535976,First aid kit,Home safety
1364767247295535976,Wifi,Internet and office
1364767247295535976,Dedicated workspace,Internet and office
1364767247295535976,Kitchen,Kitchen and dining
1364767247295535976,Refrigerator,Kitchen and dining
1364767247295535976,Microwave,Kitchen and dining
1364767247295535976,Cooking basics,Kitchen and dining
1364767247295535976,Dishes and silverware,Kitchen and dining
1364767247295535976,Freezer,Kitchen and dining
1364767247295535976,Dishwasher,Kitchen and dining
1364767247295535976,Stove,Kitchen and dining
1364767247295535976,Oven,Kitchen and dining
1364767247295535976,Hot water kettle,Kitchen and dining
1364767247295535976,Coffee maker,Kitchen and dining
1364767247295535976,Wine glasses,Kitchen and dining
1364767247295535976,Toaster,Kitchen and dining
1364767247295535976,Baking sheet,Kitchen and dining
1364767247295535976,Blender,Kitchen and dining
1364767247295535976,Dining table,Kitchen and dining
1364767247295535976,Coffee,Kitchen and dining
1364767247295535976,Private entrance,Location features
1364767247295535976,Laundromat nearby,Location features
1364767247295535976,Free parking on premises,Parking and facilities
1364767247295535976,Pets allowed,Services
1364767247295535976,Luggage dropoff allowed,Services
1364767247295535976,Long term stays allowed,Services
1364767247295535976,Cleaning available during stay,Services
1364767247295535976,Essentials,Not included
658872910949576878,Bathtub,Bathroom
658872910949576878,Hair dryer,Bathroom
658872910949576878,Shampoo,Bathroom
658872910949576878,Hot water,Bathroom
658872910949576878,Shower gel,Bathroom
658872910949576878,Essentials,Bedroom and laundry
658872910949576878,Hangers,Bedroom and laundry
658872910949576878,Bed linens,Bedroom and laundry
658872910949576878,Iron,Bedroom and laundry
658872910949576878,Ceiling fan,Heating and cooling
658872910949576878,Heating,Heating and cooling
658872910949576878,Lock on bedroom door,Privacy and safety
658872910949576878,Smoke alarm,Privacy and safety
658872910949576878,Carbon monoxide alarm,Privacy and safety
658872910949576878,First aid kit,Privacy and safety
658872910949576878,Wifi,Internet and office
658872910949576878,Dedicated workspace,Internet and office
658872910949576878,Refrigerator,Kitchen and dining
658872910949576878,Microwave,Kitchen and dining
658872910949576878,Cooking basics,Kitchen and dining
658872910949576878,Dishes and silverware,Kitchen and dining
658872910949576878,Freezer,Kitchen and dining
658872910949576878,Stove,Kitchen and dining
658872910949576878,Oven,Kitchen and dining
658872910949576878,Hot water kettle,Kitchen and dining
658872910949576878,Coffee maker: drip coffee maker,Kitchen and dining
658872910949576878,Dining table,Kitchen and dining
658872910949576878,Coffee,Kitchen and dining
658872910949576878,Free street parking,Parking and facilities
658872910949576878,Self check-in,Services
658872910949576878,Lockbox,Services
658872910949576878,Exterior security cameras on property,Not included
658872910949576878,Kitchen,Not included
658872910949576878,20 inch HDTV with Roku,Not included
658872910949576878,Washer,Not included
658872910949576878,Dryer,Not included
658872910949576878,Air conditioning,Not included
5846745,Hair dryer,Bathroom
5846745,Cleaning products,Bathroom
5846745,Shampoo,Bathroom
5846745,Standard conditioner,Bathroom
5846745,Standard body soap,Bathroom
5846745,Hot water,Bathroom
5846745,Shower gel,Bathroom
5846745,Washer – In building,Bedroom and laundry
5846745,Dryer,Bedroom and laundry
5846745,Essentials,Bedroom and laundry
5846745,Hangers,Bedroom and laundry
5846745,Iron,Bedroom and laundry
5846745,Clothing storage: closet and dresser,Bedroom and laundry
5846745,Books and reading material,Entertainment
5846745,Board games,Family
5846745,Air conditioning,Heating and cooling
5846745,Heating,Heating and cooling
5846745,Smoke alarm,Home safety
5846745,Carbon monoxide alarm,Home safety
5846745,Fire extinguisher,Home safety
5846745,First aid kit,Home safety
5846745,Wifi,Internet and office
5846745,Dedicated workspace,Internet and office
5846745,Kitchen,Kitchen and dining
5846745,Refrigerator,Kitchen and dining
5846745,Cooking basics,Kitchen and dining
5846745,Dishes and silverware,Kitchen and dining
5846745,Stove,Kitchen and dining
5846745,Coffee maker: drip coffee maker,Kitchen and dining
5846745,Wine glasses,Kitchen and dining
5846745,Coffee,Kitchen and dining
5846745,Patio or balcony,Outdoor
5846745,Shared backyard – Fully fenced,Outdoor
5846745,Outdoor furniture,Outdoor
5846745,Outdoor dining area,Outdoor
5846745,Free street parking,Parking and facilities
5846745,Luggage dropoff allowed,Services
5846745,Host greets you,Services
5846745,Lock on bedroom door,Privacy and safety
5846745,Exterior security cameras on property,Privacy and safety
5846745,TV,Privacy and safety
52921783,City skyline view,Scenic views
52921783,Hair dryer,Bathroom
52921783,Cleaning products,Bathroom
52921783,Shampoo,Bathroom
52921783,Conditioner,Bathroom
52921783,Body soap,Bathroom
52921783,Hot water,Bathroom
52921783,Essentials,Bedroom and laundry
52921783,Hangers,Bedroom and laundry
52921783,Bed linens,Bedroom and laundry
52921783,Extra pillows and blankets,Bedroom and laundry
52921783,Room-darkening shades,Bedroom and laundry
52921783,Iron,Bedroom and laundry
52921783,Clothing storage,Bedroom and laundry
52921783,Books and reading material,Entertainment
52921783,Air conditioning,Heating and cooling
52921783,Heating,Heating and cooling
52921783,Lock on bedroom door,Privacy and safety
52921783,Smoke alarm,Privacy and safety
52921783,Carbon monoxide alarm,Privacy and safety
52921783,Fire extinguisher,Privacy and safety
52921783,First aid kit,Privacy and safety
52921783,Wifi,Internet and office
52921783,Dedicated workspace,Internet and office
52921783,Kitchen,Kitchen and dining
52921783,Refrigerator,Kitchen and dining
52921783,Microwave,Kitchen and dining
52921783,Cooking basics,Kitchen and dining
52921783,Dishes and silverware,Kitchen and dining
52921783,Mini fridge,Kitchen and dining
52921783,Oven,Kitchen and dining
52921783,Hot water kettle,Kitchen and dining
52921783,"Coffee maker: Nespresso, pour-over coffee",Kitchen and dining
52921783,Toaster,Kitchen and dining
52921783,Dining table,Kitchen and dining
52921783,Coffee,Kitchen and dining
52921783,Laundromat nearby,Location features
52921783,Shared patio or balcony,Outdoor
52921783,Outdoor dining area,Outdoor
52921783,Free street parking,Parking and facilities
52921783,Elevator,Parking and facilities
52921783,Paid parking off premises,Parking and facilities
52921783,Luggage dropoff allowed,Services
52921783,Long term stays allowed,Services
52921783,Self check-in,Services
52921783,Lockbox,Services
52921783,Exterior security cameras on property,Not included
52921783,TV,Not included
52921783,Washer,Not included
52921783,Paid dryer – In building,Not included
8704528,Bathtub,Bathroom
8704528,Hair dryer,Bathroom
8704528,Shampoo,Bathroom
8704528,Body soap,Bathroom
8704528,Hot water,Bathroom
8704528,Essentials,Bedroom and laundry
8704528,Hangers,Bedroom and laundry
8704528,Bed linens,Bedroom and laundry
8704528,Extra pillows and blankets,Bedroom and laundry
8704528,Iron,Bedroom and laundry
8704528,Air conditioning,Heating and cooling
8704528,Heating,Heating and cooling
8704528,Lock on bedroom door,Privacy and safety
8704528,Smoke alarm,Privacy and safety
8704528,Carbon monoxide alarm,Privacy and safety
8704528,Fire extinguisher,Privacy and safety
8704528,Wifi,Internet and office
8704528,Refrigerator,Kitchen and dining
8704528,Microwave,Kitchen and dining
8704528,Host greets you,Services
8704528,Exterior security cameras on property,Not included
8704528,Kitchen,Not included
8704528,TV,Not included
8704528,Washer,Not included
8704528,Dryer,Not included
711820084444046096,Hot water,Bathroom
711820084444046096,Radiant heating,Heating and cooling
711820084444046096,Exterior security cameras on property,Home safety
711820084444046096,Carbon monoxide alarm,Home safety
711820084444046096,Wifi,Internet and office
711820084444046096,Kitchen,Kitchen and dining
711820084444046096,Self check-in,Services
711820084444046096,Keypad,Services
711820084444046096,Lock on bedroom door,Privacy and safety
711820084444046096,TV,Privacy and safety
711820084444046096,Washer,Privacy and safety
711820084444046096,Dryer,Privacy and safety
711820084444046096,Air conditioning,Privacy and safety
711820084444046096,Essentials,Privacy and safety
711820084444046096,Smoke alarm,Privacy and safety
30715051,Hair dryer,Bathroom
30715051,Shampoo,Bathroom
30715051,Conditioner,Bathroom
30715051,Body soap,Bathroom
30715051,Hot water,Bathroom
30715051,Essentials,Bedroom and laundry
30715051,Hangers,Bedroom and laundry
30715051,Bed linens,Bedroom and laundry
30715051,Extra pillows and blankets,Bedroom and laundry
30715051,Iron,Bedroom and laundry
30715051,55 inch HDTV with standard cable,Entertainment
30715051,Air conditioning,Heating and cooling
30715051,Heating,Heating and cooling
30715051,Smoke alarm,Home safety
30715051,Carbon monoxide alarm,Home safety
30715051,Fire extinguisher,Home safety
30715051,First aid kit,Home safety
30715051,Wifi,Internet and office
30715051,Dedicated workspace,Internet and office
30715051,Kitchen,Kitchen and dining
30715051,Refrigerator,Kitchen and dining
30715051,Microwave,Kitchen and dining
30715051,Cooking basics,Kitchen and dining
30715051,Dishes and silverware,Kitchen and dining
30715051,Dishwasher,Kitchen and dining
30715051,Stove,Kitchen and dining
30715051,Oven,Kitchen and dining
30715051,Coffee maker: Keurig coffee machine,Kitchen and dining
30715051,Private entrance,Location features
30715051,Free parking on premises,Parking and facilities
30715051,Free street parking,Parking and facilities
30715051,Long term stays allowed,Services
30715051,Self check-in,Services
30715051,Lockbox,Services
30715051,Exterior security cameras on property,Not included
30715051,Washer,Not included
30715051,Dryer,Not included
15581948,Hair dryer,Bathroom
15581948,Conditioner,Bathroom
15581948,Body soap,Bathroom
15581948,Hot water,Bathroom
15581948,Essentials,Bedroom and laundry
15581948,Hangers,Bedroom and laundry
15581948,Extra pillows and blankets,Bedroom and laundry
15581948,Iron,Bedroom and laundry
15581948,TV with standard cable,Entertainment
15581948,Air conditioning,Heating and cooling
15581948,Portable fans,Heating and cooling
15581948,Heating,Heating and cooling
15581948,Smoke alarm,Home safety
15581948,Carbon monoxide alarm,Home safety
15581948,First aid kit,Home safety
15581948,Wifi,Internet and office
15581948,Refrigerator,Kitchen and dining
15581948,Microwave,Kitchen and dining
15581948,Dishes and silverware,Kitchen and dining
15581948,Mini fridge,Kitchen and dining
15581948,Coffee maker,Kitchen and dining
15581948,Free street parking,Parking and facilities
15581948,Long term stays allowed,Services
15581948,Host greets you,Services
15581948,Exterior security cameras on property,Not included
15581948,Kitchen,Not included
15581948,Washer,Not included
15581948,Dryer,Not included
1495255829787485284,City skyline view,Scenic views
1495255829787485284,Bathtub,Bathroom
1495255829787485284,Hair dryer,Bathroom
1495255829787485284,Cleaning products,Bathroom
1495255829787485284,Hot water,Bathroom
1495255829787485284,Washer,Bedroom and laundry
1495255829787485284,Dryer,Bedroom and laundry
1495255829787485284,Hangers,Bedroom and laundry
1495255829787485284,Bed linens,Bedroom and laundry
1495255829787485284,Room-darkening shades,Bedroom and laundry
1495255829787485284,Iron,Bedroom and laundry
1495255829787485284,Clothing storage,Bedroom and laundry
1495255829787485284,TV,Entertainment
1495255829787485284,Sound system,Entertainment
1495255829787485284,Air conditioning,Heating and cooling
1495255829787485284,Heating,Heating and cooling
1495255829787485284,Exterior security cameras on property,Home safety
1495255829787485284,Smoke alarm,Home safety
1495255829787485284,Carbon monoxide alarm,Home safety
1495255829787485284,Fire extinguisher,Home safety
1495255829787485284,Fast wifi – 228 Mbps,Internet and office
1495255829787485284,Dedicated workspace,Internet and office
1495255829787485284,Kitchen,Kitchen and dining
1495255829787485284,Refrigerator,Kitchen and dining
1495255829787485284,Microwave,Kitchen and dining
1495255829787485284,Cooking basics,Kitchen and dining
1495255829787485284,Dishes and silverware,Kitchen and dining
1495255829787485284,Freezer,Kitchen and dining
1495255829787485284,Dishwasher,Kitchen and dining
1495255829787485284,Stove,Kitchen and dining
1495255829787485284,Oven,Kitchen and dining
1495255829787485284,Toaster,Kitchen and dining
1495255829787485284,Dining table,Kitchen and dining
1495255829787485284,Self check-in,Services
1495255829787485284,Keypad,Services
1495255829787485284,Essentials,Not included
43311037,Hair dryer,Bathroom
43311037,Shampoo,Bathroom
43311037,Conditioner,Bathroom
43311037,Body soap,Bathroom
43311037,Hot water,Bathroom
43311037,Essentials,Bedroom and laundry
43311037,Hangers,Bedroom and laundry
43311037,Iron,Bedroom and laundry
43311037,TV,Entertainment
43311037,Air conditioning,Heating and cooling
43311037,Heating,Heating and cooling
43311037,Exterior security cameras on property,Home safety
43311037,Smoke alarm,Home safety
43311037,Carbon monoxide alarm,Home safety
43311037,Wifi,Internet and office
43311037,Kitchen,Kitchen and dining
43311037,Refrigerator,Kitchen and dining
43311037,Microwave,Kitchen and dining
43311037,Dishes and silverware,Kitchen and dining
43311037,Oven,Kitchen and dining
43311037,Coffee maker,Kitchen and dining
43311037,Private entrance,Location features
43311037,Free street parking,Parking and facilities
43311037,Washer,Not included
43311037,Dryer,Not included
1175761700034327015,Hair dryer,Bathroom
1175761700034327015,Shampoo,Bathroom
1175761700034327015,Conditioner,Bathroom
1175761700034327015,Hot water,Bathroom
1175761700034327015,Shower gel,Bathroom
1175761700034327015,Bed linens,Bedroom and laundry
1175761700034327015,Iron,Bedroom and laundry
1175761700034327015,AC - split type ductless system,Heating and cooling
1175761700034327015,Heating,Heating and cooling
1175761700034327015,Exterior security cameras on property,Home safety
1175761700034327015,Smoke alarm,Home safety
1175761700034327015,Carbon monoxide alarm,Home safety
1175761700034327015,Wifi,Internet and office
1175761700034327015,Microwave,Kitchen and dining
1175761700034327015,Mini fridge,Kitchen and dining
1175761700034327015,Coffee maker,Kitchen and dining
1175761700034327015,Dining table,Kitchen and dining
1175761700034327015,Coffee,Kitchen and dining
1175761700034327015,Private entrance,Location features
1175761700034327015,Patio or balcony,Outdoor
1175761700034327015,Free parking on premises,Parking and facilities
1175761700034327015,Free street parking,Parking and facilities
1175761700034327015,Self check-in,Services
1175761700034327015,Smart lock,Services
1175761700034327015,Kitchen,Not included
1175761700034327015,TV,Not included
1175761700034327015,Washer,Not included
1175761700034327015,Dryer,Not included
1175761700034327015,Essentials,Not included
1064523931238623062,Hair dryer,Bathroom
1064523931238623062,Shampoo,Bathroom
1064523931238623062,Conditioner,Bathroom
1064523931238623062,Hot water,Bathroom
1064523931238623062,Shower gel,Bathroom
1064523931238623062,Essentials,Bedroom and laundry
1064523931238623062,Hangers,Bedroom and laundry
1064523931238623062,Bed linens,Bedroom and laundry
1064523931238623062,Room-darkening shades,Bedroom and laundry
1064523931238623062,Iron,Bedroom and laundry
1064523931238623062,TV,Entertainment
1064523931238623062,Air conditioning,Heating and cooling
1064523931238623062,Heating,Heating and cooling
1064523931238623062,Smoke alarm,Home safety
1064523931238623062,Carbon monoxide alarm,Home safety
1064523931238623062,Wifi,Internet and office
1064523931238623062,Microwave,Kitchen and dining
1064523931238623062,Mini fridge,Kitchen and dining
1064523931238623062,Coffee maker,Kitchen and dining
1064523931238623062,Elevator,Parking and facilities
1064523931238623062,Gym,Parking and facilities
1064523931238623062,Luggage dropoff allowed,Services
1064523931238623062,Self check-in,Services
1064523931238623062,Building staff,Services
1064523931238623062,Kitchen,Not included
1064523931238623062,Washer,Not included
1064523931238623062,Private entrance,Not included
12133672,Garden view,Scenic views
12133672,Hair dryer,Bathroom
12133672,Shampoo,Bathroom
12133672,Body soap,Bathroom
12133672,Hot water,Bathroom
12133672,Essentials,Bedroom and laundry
12133672,Hangers,Bedroom and laundry
12133672,Bed linens,Bedroom and laundry
12133672,Extra pillows and blankets,Bedroom and laundry
12133672,Iron,Bedroom and laundry
12133672,TV with standard cable,Entertainment
12133672,Pack ’n play/Travel crib - always at the listing,Family
12133672,Central air conditioning,Heating and cooling
12133672,Heating,Heating and cooling
12133672,Exterior security cameras on property,Home safety
12133672,Smoke alarm,Home safety
12133672,Carbon monoxide alarm,Home safety
12133672,Fire extinguisher,Home safety
12133672,Wifi,Internet and office
12133672,Dedicated workspace,Internet and office
12133672,Refrigerator,Kitchen and dining
12133672,Microwave,Kitchen and dining
12133672,Dishes and silverware,Kitchen and dining
12133672,Mini fridge,Kitchen and dining
12133672,Coffee maker,Kitchen and dining
12133672,Toaster,Kitchen and dining
12133672,Kitchenette,Kitchen and dining
12133672,Dining table,Kitchen and dining
12133672,Private entrance,Location features
12133672,Private patio or balcony,Outdoor
12133672,Private backyard – Fully fenced,Outdoor
12133672,Outdoor furniture,Outdoor
12133672,Hammock,Outdoor
12133672,Outdoor dining area,Outdoor
12133672,Free driveway parking on premises – 1 space,Parking and facilities
12133672,Free street parking,Parking and facilities
12133672,Single level home,Parking and facilities
12133672,Pets allowed,Services
12133672,Luggage dropoff allowed,Services
12133672,Long term stays allowed,Services
12133672,Self check-in,Services
12133672,Lockbox,Services
12133672,Kitchen,Not included
12133672,Washer,Not included
12133672,Dryer,Not included
966015814531483475,Hair dryer,Bathroom
966015814531483475,Cleaning products,Bathroom
966015814531483475,Shampoo,Bathroom
966015814531483475,Essentials,Bedroom and laundry
966015814531483475,Hangers,Bedroom and laundry
966015814531483475,Bed linens,Bedroom and laundry
966015814531483475,Iron,Bedroom and laundry
966015814531483475,50 inch HDTV with Netflix,Entertainment
966015814531483475,Air conditioning,Heating and cooling
966015814531483475,Heating,Heating and cooling
966015814531483475,Exterior security cameras on property,Home safety
966015814531483475,Smoke alarm,Home safety
966015814531483475,Carbon monoxide alarm,Home safety
966015814531483475,Fire extinguisher,Home safety
966015814531483475,Wifi,Internet and office
966015814531483475,Kitchen,Kitchen and dining
966015814531483475,Refrigerator,Kitchen and dining
966015814531483475,Microwave,Kitchen and dining
966015814531483475,Cooking basics,Kitchen and dining
966015814531483475,Dishes and silverware,Kitchen and dining
966015814531483475,Coffee maker,Kitchen and dining
966015814531483475,Private entrance,Location features
966015814531483475,Backyard,Outdoor
966015814531483475,Self check-in,Services
966015814531483475,Smart lock,Services
966015814531483475,Lock on bedroom door,Privacy and safety
966015814531483475,Washer,Privacy and safety
1535157466371657330,Bathtub,Bathroom
1535157466371657330,Hair dryer,Bathroom
1535157466371657330,Cleaning products,Bathroom
1535157466371657330,Shampoo,Bathroom
1535157466371657330,Conditioner,Bathroom
1535157466371657330,Body soap,Bathroom
1535157466371657330,Hot water,Bathroom
1535157466371657330,Shower gel,Bathroom
1535157466371657330,Washer,Bedroom and laundry
1535157466371657330,Paid dryer,Bedroom and laundry
1535157466371657330,Hangers,Bedroom and laundry
1535157466371657330,Bed linens,Bedroom and laundry
1535157466371657330,Extra pillows and blankets,Bedroom and laundry
1535157466371657330,Drying rack for clothing,Bedroom and laundry
1535157466371657330,Clothing storage: walk-in closet,Bedroom and laundry
1535157466371657330,TV,Entertainment
1535157466371657330,Exercise equipment,Entertainment
1535157466371657330,Board games,Family
1535157466371657330,Air conditioning,Heating and cooling
1535157466371657330,Central heating,Heating and cooling
1535157466371657330,Exterior security cameras on property,Home safety
1535157466371657330,Smoke alarm,Home safety
1535157466371657330,Carbon monoxide alarm,Home safety
1535157466371657330,Fire extinguisher,Home safety
1535157466371657330,First aid kit,Home safety
1535157466371657330,Wifi,Internet and office
1535157466371657330,Dedicated workspace,Internet and office
1535157466371657330,Kitchen,Kitchen and dining
1535157466371657330,Refrigerator,Kitchen and dining
1535157466371657330,Microwave,Kitchen and dining
1535157466371657330,Cooking basics,Kitchen and dining
1535157466371657330,Dishes and silverware,Kitchen and dining
1535157466371657330,Freezer,Kitchen and dining
1535157466371657330,Dishwasher,Kitchen and dining
1535157466371657330,Electric stove,Kitchen and dining
1535157466371657330,Oven,Kitchen and dining
1535157466371657330,Coffee maker,Kitchen and dining
1535157466371657330,Wine glasses,Kitchen and dining
1535157466371657330,Toaster,Kitchen and dining
1535157466371657330,Blender,Kitchen and dining
1535157466371657330,Barbecue utensils,Kitchen and dining
1535157466371657330,Coffee,Kitchen and dining
1535157466371657330,Bread maker,Kitchen and dining
1535157466371657330,Private patio or balcony,Outdoor
1535157466371657330,Fire pit,Outdoor
1535157466371657330,Outdoor dining area,Outdoor
1535157466371657330,BBQ grill,Outdoor
1535157466371657330,Free parking on premises,Parking and facilities
1535157466371657330,Free street parking,Parking and facilities
1535157466371657330,Pool,Parking and facilities
1535157466371657330,Hot tub,Parking and facilities
1535157466371657330,Elevator,Parking and facilities
1535157466371657330,Private gym in building,Parking and facilities
1535157466371657330,Luggage dropoff allowed,Services
1535157466371657330,Self check-in,Services
1535157466371657330,Lockbox,Services
1535157466371657330,Essentials,Not included
1177429576159372498,Bathtub,Bathroom
1177429576159372498,Hair dryer,Bathroom
1177429576159372498,Shampoo,Bathroom
1177429576159372498,Conditioner,Bathroom
1177429576159372498,Body soap,Bathroom
1177429576159372498,Hot water,Bathroom
1177429576159372498,Shower gel,Bathroom
1177429576159372498,Essentials,Bedroom and laundry
1177429576159372498,Hangers,Bedroom and laundry
1177429576159372498,Room-darkening shades,Bedroom and laundry
1177429576159372498,Iron,Bedroom and laundry
1177429576159372498,TV,Entertainment
1177429576159372498,Pack ’n play/Travel crib - available upon request,Family
1177429576159372498,Air conditioning,Heating and cooling
1177429576159372498,Heating,Heating and cooling
1177429576159372498,Smoke alarm,Home safety
1177429576159372498,Carbon monoxide alarm,Home safety
1177429576159372498,Fast wifi – 158 Mbps,Internet and office
1177429576159372498,Dedicated workspace,Internet and office
1177429576159372498,Microwave,Kitchen and dining
1177429576159372498,Mini fridge,Kitchen and dining
1177429576159372498,Coffee maker,Kitchen and dining
1177429576159372498,Coffee,Kitchen and dining
1177429576159372498,Laundromat nearby,Location features
1177429576159372498,Elevator,Parking and facilities
1177429576159372498,Shared gym in building,Parking and facilities
1177429576159372498,Paid parking on premises,Parking and facilities
1177429576159372498,Pets allowed,Services
1177429576159372498,Self check-in,Services
1177429576159372498,Smart lock,Services
1177429576159372498,Housekeeping - available at extra cost,Services
1177429576159372498,Exterior security cameras on property,Not included
1177429576159372498,Kitchen,Not included
1177429576159372498,Washer,Not included
1177429576159372498,Private entrance,Not included
43132765,Courtyard view,Scenic views
43132765,Bathtub,Bathroom
43132765,Hair dryer,Bathroom
43132765,Cleaning products,Bathroom
43132765,Hot water,Bathroom
43132765,Free washer – In unit,Bedroom and laundry
43132765,Free dryer – In unit,Bedroom and laundry
43132765,Essentials,Bedroom and laundry
43132765,Hangers,Bedroom and laundry
43132765,Bed linens,Bedroom and laundry
43132765,Extra pillows and blankets,Bedroom and laundry
43132765,Room-darkening shades,Bedroom and laundry
43132765,Iron,Bedroom and laundry
43132765,Safe,Bedroom and laundry
43132765,Mosquito net,Bedroom and laundry
43132765,Clothing storage: dresser,Bedroom and laundry
43132765,Ethernet connection,Entertainment
43132765,TV,Entertainment
43132765,Record player,Entertainment
43132765,Bluetooth sound system,Entertainment
43132765,Game console,Entertainment
43132765,Arcade games,Entertainment
43132765,Books and reading material,Entertainment
43132765,Window guards,Family
43132765,Outlet covers,Family
43132765,Board games,Family
43132765,Window AC unit,Heating and cooling
43132765,Ceiling fan,Heating and cooling
43132765,Central heating,Heating and cooling
43132765,Lock on bedroom door,Privacy and safety
43132765,Smoke alarm,Privacy and safety
43132765,Carbon monoxide alarm,Privacy and safety
43132765,Fast wifi – 278 Mbps,Internet and office
43132765,Dedicated workspace,Internet and office
43132765,Kitchen,Kitchen and dining
43132765,Refrigerator,Kitchen and dining
43132765,Microwave,Kitchen and dining
43132765,Cooking basics,Kitchen and dining
43132765,Dishes and silverware,Kitchen and dining
43132765,Freezer,Kitchen and dining
43132765,Gas stove,Kitchen and dining
43132765,Stainless steel double oven,Kitchen and dining
43132765,Coffee maker,Kitchen and dining
43132765,Wine glasses,Kitchen and dining
43132765,Toaster,Kitchen and dining
43132765,Baking sheet,Kitchen and dining
43132765,Dining table,Kitchen and dining
43132765,Coffee,Kitchen and dining
43132765,Laundromat nearby,Location features
43132765,Free parking on premises,Parking and facilities
43132765,Free street parking,Parking and facilities
43132765,Single level home,Parking and facilities
43132765,Pets allowed,Services
43132765,Luggage dropoff allowed,Services
43132765,Long term stays allowed,Services
43132765,Self check-in,Services
43132765,Lockbox,Services
43132765,Cleaning available during stay,Services
43132765,Exterior security cameras on property,Not included
43132765,Shampoo,Not included
43132765,Private entrance,Not included
1551346502888454090,Hair dryer,Bathroom
1551346502888454090,Shampoo,Bathroom
1551346502888454090,Body soap,Bathroom
1551346502888454090,Essentials,Bedroom and laundry
1551346502888454090,Hangers,Bedroom and laundry
1551346502888454090,Bed linens,Bedroom and laundry
1551346502888454090,Iron,Bedroom and laundry
1551346502888454090,Safe,Bedroom and laundry
1551346502888454090,TV,Entertainment
1551346502888454090,Air conditioning,Heating and cooling
1551346502888454090,Heating,Heating and cooling
1551346502888454090,Smoke alarm,Home safety
1551346502888454090,Carbon monoxide alarm,Home safety
1551346502888454090,Fire extinguisher,Home safety
1551346502888454090,First aid kit,Home safety
1551346502888454090,Wifi,Internet and office
1551346502888454090,Dedicated workspace,Internet and office
1551346502888454090,Private entrance,Location features
1551346502888454090,Patio or balcony,Outdoor
1551346502888454090,Elevator,Parking and facilities
1551346502888454090,Paid parking off premises,Parking and facilities
1551346502888454090,Pets allowed,Services
1551346502888454090,Breakfast,Services
1551346502888454090,Long term stays allowed,Services
1551346502888454090,Host greets you,Services
1551346502888454090,Kitchen,Not included
1551346502888454090,Washer,Not included
8055721,Bathtub,Bathroom
8055721,Hair dryer,Bathroom
8055721,Cleaning products,Bathroom
8055721,Shampoo,Bathroom
8055721,Conditioner,Bathroom
8055721,Body soap,Bathroom
8055721,Hot water,Bathroom
8055721,Shower gel,Bathroom
8055721,Essentials,Bedroom and laundry
8055721,Hangers,Bedroom and laundry
8055721,Bed linens,Bedroom and laundry
8055721,Extra pillows and blankets,Bedroom and laundry
8055721,Room-darkening shades,Bedroom and laundry
8055721,Iron,Bedroom and laundry
8055721,Clothing storage: closet,Bedroom and laundry
8055721,Books and reading material,Entertainment
8055721,Air conditioning,Heating and cooling
8055721,Portable fans,Heating and cooling
8055721,Heating,Heating and cooling
8055721,Lock on bedroom door,Privacy and safety
8055721,Exterior security cameras on property,Privacy and safety
8055721,Smoke alarm,Privacy and safety
8055721,Carbon monoxide alarm,Privacy and safety
8055721,Fire extinguisher,Privacy and safety
8055721,First aid kit,Privacy and safety
8055721,Wifi,Internet and office
8055721,Dedicated workspace,Internet and office
8055721,Kitchen,Kitchen and dining
8055721,Refrigerator,Kitchen and dining
8055721,Microwave,Kitchen and dining
8055721,Cooking basics,Kitchen and dining
8055721,Dishes and silverware,Kitchen and dining
8055721,Freezer,Kitchen and dining
8055721,Stove,Kitchen and dining
8055721,Oven,Kitchen and dining
8055721,Hot water kettle,Kitchen and dining
8055721,Coffee maker,Kitchen and dining
8055721,Wine glasses,Kitchen and dining
8055721,Toaster,Kitchen and dining
8055721,Baking sheet,Kitchen and dining
8055721,Blender,Kitchen and dining
8055721,Dining table,Kitchen and dining
8055721,Coffee,Kitchen and dining
8055721,Laundromat nearby,Location features
8055721,Patio or balcony,Outdoor
8055721,Outdoor furniture,Outdoor
8055721,Outdoor dining area,Outdoor
8055721,Free street parking,Parking and facilities
8055721,Luggage dropoff allowed,Services
8055721,Self check-in,Services
8055721,Keypad,Services
8055721,TV,Not included
8055721,Washer,Not included
8055721,Dryer,Not included
40113324,Garden view,Scenic views
40113324,Mountain view,Scenic views
40113324,Hair dryer,Bathroom
40113324,Shampoo,Bathroom
40113324,Hot water,Bathroom
40113324,Shower gel,Bathroom
40113324,Essentials,Bedroom and laundry
40113324,Hangers,Bedroom and laundry
40113324,Bed linens,Bedroom and laundry
40113324,Extra pillows and blankets,Bedroom and laundry
40113324,Iron,Bedroom and laundry
40113324,TV with standard cable,Entertainment
40113324,Exercise equipment,Entertainment
40113324,Ping pong table,Entertainment
40113324,Books and reading material,Entertainment
40113324,Air conditioning,Heating and cooling
40113324,Indoor fireplace,Heating and cooling
40113324,Heating,Heating and cooling
40113324,Smoke alarm,Home safety
40113324,Carbon monoxide alarm,Home safety
40113324,Wifi,Internet and office
40113324,Dedicated workspace,Internet and office
40113324,Refrigerator,Kitchen and dining
40113324,Microwave,Kitchen and dining
40113324,Dishes and silverware,Kitchen and dining
40113324,Coffee maker,Kitchen and dining
40113324,Barbecue utensils,Kitchen and dining
40113324,Private entrance,Location features
40113324,Private patio or balcony,Outdoor
40113324,Private backyard – Fully fenced,Outdoor
40113324,Outdoor furniture,Outdoor
40113324,Outdoor dining area,Outdoor
40113324,Sun loungers,Outdoor
40113324,Free parking on premises,Parking and facilities
40113324,Free street parking,Parking and facilities
40113324,Self check-in,Services
40113324,Keypad,Services
40113324,Exterior security cameras on property,Not included
40113324,Kitchen,Not included
40113324,Washer,Not included
40113324,Dryer,Not included
20014072,Bathtub,Bathroom
20014072,Shampoo,Bathroom
20014072,Dove body soap,Bathroom
20014072,Bidet,Bathroom
20014072,Hot water,Bathroom
20014072,Shower gel,Bathroom
20014072,Essentials,Bedroom and laundry
20014072,Hangers,Bedroom and laundry
20014072,Bed linens,Bedroom and laundry
20014072,Extra pillows and blankets,Bedroom and laundry
20014072,Iron,Bedroom and laundry
20014072,Clothing storage: closet,Bedroom and laundry
20014072,Ethernet connection,Entertainment
20014072,TV,Entertainment
20014072,Piano,Entertainment
20014072,Window AC unit,Heating and cooling
20014072,Heating,Heating and cooling
20014072,Lock on bedroom door,Privacy and safety
20014072,Exterior security cameras on property,Privacy and safety
20014072,Smoke alarm,Privacy and safety
20014072,Carbon monoxide alarm,Privacy and safety
20014072,Fire extinguisher,Privacy and safety
20014072,Wifi,Internet and office
20014072,Dedicated workspace,Internet and office
20014072,Mini fridge,Kitchen and dining
20014072,Laundromat nearby,Location features
20014072,Free street parking,Parking and facilities
20014072,Paid parking lot on premises – 1 space,Parking and facilities
20014072,Luggage dropoff allowed,Services
20014072,Long term stays allowed,Services
20014072,Self check-in,Services
20014072,Keypad,Services
20014072,Kitchen,Not included
20014072,Washer,Not included
20014072,Dryer,Not included
1077513687676546697,Hair dryer,Bathroom
1077513687676546697,Shampoo,Bathroom
1077513687676546697,Conditioner,Bathroom
1077513687676546697,Body soap,Bathroom
1077513687676546697,Hot water,Bathroom
1077513687676546697,Shower gel,Bathroom
1077513687676546697,Essentials,Bedroom and laundry
1077513687676546697,Bed linens,Bedroom and laundry
1077513687676546697,Room-darkening shades,Bedroom and laundry
1077513687676546697,Iron,Bedroom and laundry
1077513687676546697,TV,Entertainment
1077513687676546697,Crib,Family
1077513687676546697,Air conditioning,Heating and cooling
1077513687676546697,Heating,Heating and cooling
1077513687676546697,Smoke alarm,Home safety
1077513687676546697,Wifi,Internet and office
1077513687676546697,Pool,Parking and facilities
1077513687676546697,Elevator,Parking and facilities
1077513687676546697,Gym,Parking and facilities
1077513687676546697,Paid parking on premises,Parking and facilities
1077513687676546697,Luggage dropoff allowed,Services
1077513687676546697,Self check-in,Services
1077513687676546697,Building staff,Services
1077513687676546697,Kitchen,Not included
1077513687676546697,Washer,Not included
1077513687676546697,Carbon monoxide alarm,Not included
1077513687676546697,Private entrance,Not included
1568604412261891363,Bathtub,Bathroom
1568604412261891363,Hair dryer,Bathroom
1568604412261891363,Cleaning products,Bathroom
1568604412261891363,Shampoo,Bathroom
1568604412261891363,Conditioner,Bathroom
1568604412261891363,Body soap,Bathroom
1568604412261891363,Hot water,Bathroom
1568604412261891363,Shower gel,Bathroom
1568604412261891363,Washer,Bedroom and laundry
1568604412261891363,Free dryer – In unit,Bedroom and laundry
1568604412261891363,Essentials,Bedroom and laundry
1568604412261891363,Hangers,Bedroom and laundry
1568604412261891363,Bed linens,Bedroom and laundry
1568604412261891363,Extra pillows and blankets,Bedroom and laundry
1568604412261891363,Iron,Bedroom and laundry
1568604412261891363,Clothing storage,Bedroom and laundry
1568604412261891363,Ethernet connection,Entertainment
1568604412261891363,TV,Entertainment
1568604412261891363,Exercise equipment,Entertainment
1568604412261891363,Pool table,Entertainment
1568604412261891363,Air conditioning,Heating and cooling
1568604412261891363,Ceiling fan,Heating and cooling
1568604412261891363,Central heating,Heating and cooling
1568604412261891363,Smoke alarm,Home safety
1568604412261891363,Carbon monoxide alarm,Home safety
1568604412261891363,Fire extinguisher,Home safety
1568604412261891363,First aid kit,Home safety
1568604412261891363,Wifi,Internet and office
1568604412261891363,Dedicated workspace,Internet and office
1568604412261891363,Kitchen,Kitchen and dining
1568604412261891363,Refrigerator,Kitchen and dining
1568604412261891363,Microwave,Kitchen and dining
1568604412261891363,Cooking basics,Kitchen and dining
1568604412261891363,Dishes and silverware,Kitchen and dining
1568604412261891363,Freezer,Kitchen and dining
1568604412261891363,Dishwasher,Kitchen and dining
1568604412261891363,Stove,Kitchen and dining
1568604412261891363,Oven,Kitchen and dining
1568604412261891363,Hot water kettle,Kitchen and dining
1568604412261891363,Coffee maker,Kitchen and dining
1568604412261891363,Wine glasses,Kitchen and dining
1568604412261891363,Baking sheet,Kitchen and dining
1568604412261891363,Dining table,Kitchen and dining
1568604412261891363,Coffee,Kitchen and dining
1568604412261891363,Beach access,Location features
1568604412261891363,Patio or balcony,Outdoor
1568604412261891363,Fire pit,Outdoor
1568604412261891363,BBQ grill,Outdoor
1568604412261891363,Sun loungers,Outdoor
1568604412261891363,Free parking on premises,Parking and facilities
1568604412261891363,Pool,Parking and facilities
1568604412261891363,Hot tub,Parking and facilities
1568604412261891363,Elevator,Parking and facilities
1568604412261891363,Shared gym in building,Parking and facilities
1568604412261891363,Luggage dropoff allowed,Services
1568604412261891363,Long term stays allowed,Services
1568604412261891363,Self check-in,Services
1568604412261891363,Keypad,Services
1568604412261891363,Housekeeping - available at extra cost,Services
1568604412261891363,Exterior security cameras on property,Not included
1568604412261891363,Private entrance,Not included
47026093,Bathtub,Bathroom
47026093,Hair dryer,Bathroom
47026093,Cleaning products,Bathroom
47026093,Shampoo,Bathroom
47026093,Conditioner,Bathroom
47026093,Body soap,Bathroom
47026093,Hot water,Bathroom
47026093,Shower gel,Bathroom
47026093,Essentials,Bedroom and laundry
47026093,Hangers,Bedroom and laundry
47026093,Bed linens,Bedroom and laundry
47026093,Extra pillows and blankets,Bedroom and laundry
47026093,Iron,Bedroom and laundry
47026093,Clothing storage: closet and dresser,Bedroom and laundry
47026093,"HDTV with Apple TV, Netflix, HBO Max, Amazon Prime Video",Entertainment
47026093,Window AC unit,Heating and cooling
47026093,Portable fans,Heating and cooling
47026093,Heating,Heating and cooling
47026093,Exterior security cameras on property,Home safety
47026093,Smoke alarm,Home safety
47026093,Fast wifi – 307 Mbps,Internet and office
47026093,Dedicated workspace,Internet and office
47026093,Kitchen,Kitchen and dining
47026093,Refrigerator,Kitchen and dining
47026093,Microwave,Kitchen and dining
47026093,Dishes and silverware,Kitchen and dining
47026093,Freezer,Kitchen and dining
47026093,Gas stove,Kitchen and dining
47026093,Oven,Kitchen and dining
47026093,Hot water kettle,Kitchen and dining
47026093,Toaster,Kitchen and dining
47026093,Baking sheet,Kitchen and dining
47026093,Dining table,Kitchen and dining
47026093,Free street parking,Parking and facilities
47026093,Single level home,Parking and facilities
47026093,Self check-in,Services
47026093,Lockbox,Services
47026093,Lock on bedroom door,Privacy and safety
47026093,Washer,Privacy and safety
47026093,Dryer,Privacy and safety
47026093,Carbon monoxide alarm,Privacy and safety
1240735,City skyline view,Scenic views
1240735,Mountain view,Scenic views
1240735,Hair dryer,Bathroom
1240735,Cleaning products,Bathroom
1240735,Shampoo,Bathroom
1240735,Generic body soap,Bathroom
1240735,Hot water,Bathroom
1240735,Shower gel,Bathroom
1240735,Free washer – In building,Bedroom and laundry
1240735,Free dryer – In building,Bedroom and laundry
1240735,Essentials,Bedroom and laundry
1240735,Hangers,Bedroom and laundry
1240735,Bed linens,Bedroom and laundry
1240735,Extra pillows and blankets,Bedroom and laundry
1240735,Room-darkening shades,Bedroom and laundry
1240735,Iron,Bedroom and laundry
1240735,Clothing storage,Bedroom and laundry
1240735,Ethernet connection,Entertainment
1240735,TV with standard cable,Entertainment
1240735,Central air conditioning,Heating and cooling
1240735,Indoor fireplace: gas,Heating and cooling
1240735,Portable fans,Heating and cooling
1240735,Heating,Heating and cooling
1240735,Lock on bedroom door,Privacy and safety
1240735,Exterior security cameras on property,Privacy and safety
1240735,Smoke alarm,Privacy and safety
1240735,Carbon monoxide alarm,Privacy and safety
1240735,Fire extinguisher,Privacy and safety
1240735,First aid kit,Privacy and safety
1240735,Wifi,Internet and office
1240735,Refrigerator,Kitchen and dining
1240735,Mini fridge,Kitchen and dining
1240735,Coffee maker,Kitchen and dining
1240735,Wine glasses,Kitchen and dining
1240735,Coffee,Kitchen and dining
1240735,Laundromat nearby,Location features
1240735,Shared patio or balcony,Outdoor
1240735,Private backyard – Not fully fenced,Outdoor
1240735,Fire pit,Outdoor
1240735,Outdoor furniture,Outdoor
1240735,Outdoor dining area,Outdoor
1240735,Beach essentials,Outdoor
1240735,Sun loungers,Outdoor
1240735,Free parking on premises,Parking and facilities
1240735,Free street parking,Parking and facilities
1240735,Luggage dropoff allowed,Services
1240735,Kitchen,Not included
1173239609371845295,Bathtub,Bathroom
1173239609371845295,Hair dryer,Bathroom
1173239609371845295,Shampoo,Bathroom
1173239609371845295,Conditioner,Bathroom
1173239609371845295,Body soap,Bathroom
1173239609371845295,Hot water,Bathroom
1173239609371845295,Shower gel,Bathroom
1173239609371845295,Essentials,Bedroom and laundry
1173239609371845295,Hangers,Bedroom and laundry
1173239609371845295,Room-darkening shades,Bedroom and laundry
1173239609371845295,Iron,Bedroom and laundry
1173239609371845295,TV,Entertainment
1173239609371845295,Exercise equipment: treadmill,Entertainment
1173239609371845295,Ping pong table,Entertainment
1173239609371845295,Pool table,Entertainment
1173239609371845295,Arcade games,Entertainment
1173239609371845295,Pack ’n play/Travel crib - available upon request,Family
1173239609371845295,Air conditioning,Heating and cooling
1173239609371845295,Heating,Heating and cooling
1173239609371845295,Smoke alarm,Home safety
1173239609371845295,Carbon monoxide alarm,Home safety
1173239609371845295,Fast wifi – 282 Mbps,Internet and office
1173239609371845295,Dedicated workspace,Internet and office
1173239609371845295,Mini fridge,Kitchen and dining
1173239609371845295,Coffee maker,Kitchen and dining
1173239609371845295,Coffee,Kitchen and dining
1173239609371845295,Laundromat nearby,Location features
1173239609371845295,Elevator,Parking and facilities
1173239609371845295,Shared gym in building,Parking and facilities
1173239609371845295,Paid parking off premises,Parking and facilities
1173239609371845295,Pets allowed,Services
1173239609371845295,Self check-in,Services
1173239609371845295,Smart lock,Services
1173239609371845295,Housekeeping - available at extra cost,Services
1173239609371845295,Kitchen,Not included
1173239609371845295,Washer,Not included
1173239609371845295,Private entrance,Not included
723861207309008728,City skyline view,Scenic views
723861207309008728,Hair dryer,Bathroom
723861207309008728,Cleaning products,Bathroom
723861207309008728,Shampoo,Bathroom
723861207309008728,Conditioner,Bathroom
723861207309008728,Body soap,Bathroom
723861207309008728,Hot water,Bathroom
723861207309008728,Paid washer – In building,Bedroom and laundry
723861207309008728,Paid dryer – In building,Bedroom and laundry
723861207309008728,Essentials,Bedroom and laundry
723861207309008728,Hangers,Bedroom and laundry
723861207309008728,Bed linens,Bedroom and laundry
723861207309008728,Room-darkening shades,Bedroom and laundry
723861207309008728,Iron,Bedroom and laundry
723861207309008728,Clothing storage,Bedroom and laundry
723861207309008728,"32 inch HDTV with Amazon Prime Video, Disney+, HBO Max, Netflix",Entertainment
723861207309008728,Books and reading material,Entertainment
723861207309008728,AC - split type ductless system,Heating and cooling
723861207309008728,Portable fans,Heating and cooling
723861207309008728,Central heating,Heating and cooling
723861207309008728,Lock on bedroom door,Privacy and safety
723861207309008728,Smoke alarm,Privacy and safety
723861207309008728,Carbon monoxide alarm,Privacy and safety
723861207309008728,Fire extinguisher,Privacy and safety
723861207309008728,First aid kit,Privacy and safety
723861207309008728,Wifi,Internet and office
723861207309008728,Dedicated workspace,Internet and office
723861207309008728,Kitchen,Kitchen and dining
723861207309008728,Refrigerator,Kitchen and dining
723861207309008728,Microwave,Kitchen and dining
723861207309008728,Cooking basics,Kitchen and dining
723861207309008728,Dishes and silverware,Kitchen and dining
723861207309008728,Mini fridge,Kitchen and dining
723861207309008728,Freezer,Kitchen and dining
723861207309008728,Hot water kettle,Kitchen and dining
723861207309008728,"Coffee maker: french press, Nespresso, pour-over coffee",Kitchen and dining
723861207309008728,Toaster,Kitchen and dining
723861207309008728,Dining table,Kitchen and dining
723861207309008728,Coffee,Kitchen and dining
723861207309008728,Laundromat nearby,Location features
723861207309008728,Shared patio or balcony,Outdoor
723861207309008728,Free parking on premises,Parking and facilities
723861207309008728,Free street parking,Parking and facilities
723861207309008728,Elevator,Parking and facilities
723861207309008728,Paid parking garage off premises,Parking and facilities
723861207309008728,Luggage dropoff allowed,Services
723861207309008728,Self check-in,Services
723861207309008728,Lockbox,Services
723861207309008728,Exterior security cameras on property,Not included
1527080220580206427,Bathtub,Bathroom
1527080220580206427,Shampoo,Bathroom
1527080220580206427,Conditioner,Bathroom
1527080220580206427,Body soap,Bathroom
1527080220580206427,Outdoor shower,Bathroom
1527080220580206427,Hot water,Bathroom
1527080220580206427,Shower gel,Bathroom
1527080220580206427,Washer,Bedroom and laundry
1527080220580206427,Free dryer – In unit,Bedroom and laundry
1527080220580206427,Hangers,Bedroom and laundry
1527080220580206427,Bed linens,Bedroom and laundry
1527080220580206427,Room-darkening shades,Bedroom and laundry
1527080220580206427,Iron,Bedroom and laundry
1527080220580206427,Mosquito net,Bedroom and laundry
1527080220580206427,TV,Entertainment
1527080220580206427,"Exercise equipment: elliptical, free weights, stationary bike, treadmill, yoga mat, workout bench, rowing",Entertainment
1527080220580206427,Air conditioning,Heating and cooling
1527080220580206427,Central heating,Heating and cooling
1527080220580206427,Smoke alarm,Home safety
1527080220580206427,Wifi,Internet and office
1527080220580206427,Dedicated workspace,Internet and office
1527080220580206427,Pocket wifi,Internet and office
1527080220580206427,Kitchen,Kitchen and dining
1527080220580206427,Refrigerator,Kitchen and dining
1527080220580206427,Microwave,Kitchen and dining
1527080220580206427,Cooking basics,Kitchen and dining
1527080220580206427,Dishes and silverware,Kitchen and dining
1527080220580206427,Freezer,Kitchen and dining
1527080220580206427,Dishwasher,Kitchen and dining
1527080220580206427,Electric stove,Kitchen and dining
1527080220580206427,Oven,Kitchen and dining
1527080220580206427,Hot water kettle,Kitchen and dining
1527080220580206427,Coffee maker: drip coffee maker,Kitchen and dining
1527080220580206427,Toaster,Kitchen and dining
1527080220580206427,Blender,Kitchen and dining
1527080220580206427,Dining table,Kitchen and dining
1527080220580206427,Private patio or balcony,Outdoor
1527080220580206427,Outdoor furniture,Outdoor
1527080220580206427,Outdoor dining area,Outdoor
1527080220580206427,Shared outdoor kitchen,Outdoor
1527080220580206427,Shared BBQ grill: gas,Outdoor
1527080220580206427,Sun loungers,Outdoor
1527080220580206427,Free parking on premises,Parking and facilities
1527080220580206427,Free street parking,Parking and facilities
1527080220580206427,Pool,Parking and facilities
1527080220580206427,Hot tub,Parking and facilities
1527080220580206427,Elevator,Parking and facilities
1527080220580206427,"EV charger - level 2, tesla only",Parking and facilities
1527080220580206427,Shared gym in building,Parking and facilities
1527080220580206427,Pets allowed,Services
1527080220580206427,Long term stays allowed,Services
1527080220580206427,Host greets you,Services
1527080220580206427,Exterior security cameras on property,Not included
1527080220580206427,Essentials,Not included
1527080220580206427,Carbon monoxide alarm,Not included
53127410,Mountain view,Scenic views
53127410,Bathtub,Bathroom
53127410,Hair dryer,Bathroom
53127410,Cleaning products,Bathroom
53127410,Shampoo,Bathroom
53127410,Conditioner,Bathroom
53127410,Body soap,Bathroom
53127410,Hot water,Bathroom
53127410,Shower gel,Bathroom
53127410,Essentials,Bedroom and laundry
53127410,Hangers,Bedroom and laundry
53127410,Bed linens,Bedroom and laundry
53127410,Extra pillows and blankets,Bedroom and laundry
53127410,"25 inch TV with Amazon Prime Video, Hulu, Netflix, premium cable, standard cable",Entertainment
53127410,Books and reading material,Entertainment
53127410,Pack ’n play/Travel crib,Family
53127410,Children’s books and toys for ages 2-5 years old,Family
53127410,Outlet covers,Family
53127410,Window AC unit,Heating and cooling
53127410,Heating,Heating and cooling
53127410,Smoke alarm,Home safety
53127410,Carbon monoxide alarm,Home safety
53127410,Fire extinguisher,Home safety
53127410,First aid kit,Home safety
53127410,Wifi,Internet and office
53127410,Kitchen,Kitchen and dining
53127410,Refrigerator,Kitchen and dining
53127410,Microwave,Kitchen and dining
53127410,Cooking basics,Kitchen and dining
53127410,Dishes and silverware,Kitchen and dining
53127410,Freezer,Kitchen and dining
53127410,Stove,Kitchen and dining
53127410,Oven,Kitchen and dining
53127410,Hot water kettle,Kitchen and dining
53127410,Coffee maker: Keurig coffee machine,Kitchen and dining
53127410,Wine glasses,Kitchen and dining
53127410,Dining table,Kitchen and dining
53127410,Coffee,Kitchen and dining
53127410,Private entrance,Location features
53127410,Patio or balcony,Outdoor
53127410,Outdoor furniture,Outdoor
53127410,Free street parking,Parking and facilities
53127410,Host greets you,Services
53127410,Exterior security cameras on property,Not included
53127410,Washer,Not included
53127410,Dryer,Not included
859771139425703476,Bathtub,Bathroom
859771139425703476,Hair dryer,Bathroom
859771139425703476,Cleaning products,Bathroom
859771139425703476,Brand shampoo,Bathroom
859771139425703476,Brand conditioner,Bathroom
859771139425703476,Brand body soap,Bathroom
859771139425703476,Hot water,Bathroom
859771139425703476,Shower gel,Bathroom
859771139425703476,Essentials,Bedroom and laundry
859771139425703476,Hangers,Bedroom and laundry
859771139425703476,Bed linens,Bedroom and laundry
859771139425703476,Extra pillows and blankets,Bedroom and laundry
859771139425703476,Room-darkening shades,Bedroom and laundry
859771139425703476,Iron,Bedroom and laundry
859771139425703476,Mosquito net,Bedroom and laundry
859771139425703476,Clothing storage: closet,Bedroom and laundry
859771139425703476,TV,Entertainment
859771139425703476,Books and reading material,Entertainment
859771139425703476,Air conditioning,Heating and cooling
859771139425703476,Indoor fireplace,Heating and cooling
859771139425703476,Portable fans,Heating and cooling
859771139425703476,Heating,Heating and cooling
859771139425703476,Exterior security cameras on property,Home safety
859771139425703476,Smoke alarm,Home safety
859771139425703476,Carbon monoxide alarm,Home safety
859771139425703476,Fire extinguisher,Home safety
859771139425703476,First aid kit,Home safety
859771139425703476,Wifi,Internet and office
859771139425703476,Dedicated workspace,Internet and office
859771139425703476,Kitchen,Kitchen and dining
859771139425703476,Microwave,Kitchen and dining
859771139425703476,Cooking basics,Kitchen and dining
859771139425703476,Dishes and silverware,Kitchen and dining
859771139425703476,Mini fridge,Kitchen and dining
859771139425703476,Freezer,Kitchen and dining
859771139425703476,Hot water kettle,Kitchen and dining
859771139425703476,Wine glasses,Kitchen and dining
859771139425703476,Dining table,Kitchen and dining
859771139425703476,Coffee,Kitchen and dining
859771139425703476,Private entrance,Location features
859771139425703476,Laundromat nearby,Location features
859771139425703476,Free street parking,Parking and facilities
859771139425703476,Paid parking garage off premises,Parking and facilities
859771139425703476,Luggage dropoff allowed,Services
859771139425703476,Self check-in,Services
859771139425703476,Smart lock,Services
859771139425703476,Cleaning available during stay,Services
859771139425703476,Lock on bedroom door,Privacy and safety
859771139425703476,Washer,Privacy and safety
859771139425703476,Dryer,Privacy and safety
1020302460310493937,Hair dryer,Bathroom
1020302460310493937,Cleaning products,Bathroom
1020302460310493937,Shampoo,Bathroom
1020302460310493937,Conditioner,Bathroom
1020302460310493937,Body soap,Bathroom
1020302460310493937,Essentials,Bedroom and laundry
1020302460310493937,Hangers,Bedroom and laundry
1020302460310493937,Bed linens,Bedroom and laundry
1020302460310493937,Iron,Bedroom and laundry
1020302460310493937,Drying rack for clothing,Bedroom and laundry
1020302460310493937,Clothing storage: closet,Bedroom and laundry
1020302460310493937,TV,Entertainment
1020302460310493937,Air conditioning,Heating and cooling
1020302460310493937,Radiant heating,Heating and cooling
1020302460310493937,Heating - split type ductless system,Heating and cooling
1020302460310493937,Lock on bedroom door,Privacy and safety
1020302460310493937,Exterior security cameras on property,Privacy and safety
1020302460310493937,Smoke alarm,Privacy and safety
1020302460310493937,Carbon monoxide alarm,Privacy and safety
1020302460310493937,Fire extinguisher,Privacy and safety
1020302460310493937,First aid kit,Privacy and safety
1020302460310493937,Wifi,Internet and office
1020302460310493937,Kitchen,Kitchen and dining
1020302460310493937,Refrigerator,Kitchen and dining
1020302460310493937,Microwave,Kitchen and dining
1020302460310493937,Cooking basics,Kitchen and dining
1020302460310493937,Dishes and silverware,Kitchen and dining
1020302460310493937,Freezer,Kitchen and dining
1020302460310493937,Dishwasher,Kitchen and dining
1020302460310493937,Gas stove,Kitchen and dining
1020302460310493937,Stainless steel single oven,Kitchen and dining
1020302460310493937,Hot water kettle,Kitchen and dining
1020302460310493937,Coffee maker: Keurig coffee machine,Kitchen and dining
1020302460310493937,Wine glasses,Kitchen and dining
1020302460310493937,Toaster,Kitchen and dining
1020302460310493937,Baking sheet,Kitchen and dining
1020302460310493937,Dining table,Kitchen and dining
1020302460310493937,Coffee,Kitchen and dining
1020302460310493937,Laundromat nearby,Location features
1020302460310493937,Shared backyard – Fully fenced,Outdoor
1020302460310493937,Outdoor furniture,Outdoor
1020302460310493937,Outdoor dining area,Outdoor
1020302460310493937,Free street parking,Parking and facilities
1020302460310493937,Luggage dropoff allowed,Services
1020302460310493937,Self check-in,Services
1020302460310493937,Keypad,Services
1020302460310493937,Washer,Not included
1020302460310493937,Private entrance,Not included
1488416489756723302,Hair dryer,Bathroom
1488416489756723302,Shampoo,Bathroom
1488416489756723302,Conditioner,Bathroom
1488416489756723302,Hot water,Bathroom
1488416489756723302,Shower gel,Bathroom
1488416489756723302,Essentials,Bedroom and laundry
1488416489756723302,Bed linens,Bedroom and laundry
1488416489756723302,Room-darkening shades,Bedroom and laundry
1488416489756723302,Iron,Bedroom and laundry
1488416489756723302,TV,Entertainment
1488416489756723302,Air conditioning,Heating and cooling
1488416489756723302,Heating,Heating and cooling
1488416489756723302,Smoke alarm,Home safety
1488416489756723302,Wifi,Internet and office
1488416489756723302,Coffee maker,Kitchen and dining
1488416489756723302,Gym,Parking and facilities
1488416489756723302,Paid parking on premises,Parking and facilities
1488416489756723302,Luggage dropoff allowed,Services
1488416489756723302,Self check-in,Services
1488416489756723302,Building staff,Services
1488416489756723302,Kitchen,Not included
1488416489756723302,Washer,Not included
1488416489756723302,Carbon monoxide alarm,Not included
1488416489756723302,Private entrance,Not included
1162392324462030686,Hair dryer,Bathroom
1162392324462030686,Cleaning products,Bathroom
1162392324462030686,Irish Spring shampoo,Bathroom
1162392324462030686,Body soap,Bathroom
1162392324462030686,Hot water,Bathroom
1162392324462030686,Shower gel,Bathroom
1162392324462030686,Washer,Bedroom and laundry
1162392324462030686,Free dryer – In unit,Bedroom and laundry
1162392324462030686,Hangers,Bedroom and laundry
1162392324462030686,Bed linens,Bedroom and laundry
1162392324462030686,Iron,Bedroom and laundry
1162392324462030686,Clothing storage: closet,Bedroom and laundry
1162392324462030686,TV,Entertainment
1162392324462030686,Pack ’n play/Travel crib - available upon request,Family
1162392324462030686,Air conditioning,Heating and cooling
1162392324462030686,Heating - split type ductless system,Heating and cooling
1162392324462030686,Lock on bedroom door,Privacy and safety
1162392324462030686,Exterior security cameras on property,Privacy and safety
1162392324462030686,Smoke alarm,Privacy and safety
1162392324462030686,Carbon monoxide alarm,Privacy and safety
1162392324462030686,Fire extinguisher,Privacy and safety
1162392324462030686,First aid kit,Privacy and safety
1162392324462030686,Wifi,Internet and office
1162392324462030686,Kitchen,Kitchen and dining
1162392324462030686,Refrigerator,Kitchen and dining
1162392324462030686,Microwave,Kitchen and dining
1162392324462030686,Cooking basics,Kitchen and dining
1162392324462030686,Dishes and silverware,Kitchen and dining
1162392324462030686,Freezer,Kitchen and dining
1162392324462030686,Dishwasher,Kitchen and dining
1162392324462030686,Stainless steel gas stove,Kitchen and dining
1162392324462030686,Stainless steel single oven,Kitchen and dining
1162392324462030686,Hot water kettle,Kitchen and dining
1162392324462030686,Coffee maker: Keurig coffee machine,Kitchen and dining
1162392324462030686,Toaster,Kitchen and dining
1162392324462030686,Baking sheet,Kitchen and dining
1162392324462030686,Dining table,Kitchen and dining
1162392324462030686,Coffee,Kitchen and dining
1162392324462030686,Shared backyard – Fully fenced,Outdoor
1162392324462030686,Outdoor furniture,Outdoor
1162392324462030686,Free street parking,Parking and facilities
1162392324462030686,Luggage dropoff allowed,Services
1162392324462030686,Self check-in,Services
1162392324462030686,Smart lock,Services
1162392324462030686,Essentials,Not included
1162392324462030686,Private entrance,Not included
1241226565036164226,Shampoo,Bathroom
1241226565036164226,Conditioner,Bathroom
1241226565036164226,Body soap,Bathroom
1241226565036164226,Hot water,Bathroom
1241226565036164226,Hangers,Bedroom and laundry
1241226565036164226,Bed linens,Bedroom and laundry
1241226565036164226,Extra pillows and blankets,Bedroom and laundry
1241226565036164226,Iron,Bedroom and laundry
1241226565036164226,Clothing storage: closet,Bedroom and laundry
1241226565036164226,TV,Entertainment
1241226565036164226,Air conditioning,Heating and cooling
1241226565036164226,Central heating,Heating and cooling
1241226565036164226,Exterior security cameras on property,Home safety
1241226565036164226,Smoke alarm,Home safety
1241226565036164226,Carbon monoxide alarm,Home safety
1241226565036164226,Wifi,Internet and office
1241226565036164226,Dedicated workspace,Internet and office
1241226565036164226,Microwave,Kitchen and dining
1241226565036164226,Dishes and silverware,Kitchen and dining
1241226565036164226,Mini fridge,Kitchen and dining
1241226565036164226,Hot water kettle,Kitchen and dining
1241226565036164226,Coffee maker,Kitchen and dining
1241226565036164226,Toaster,Kitchen and dining
1241226565036164226,Coffee,Kitchen and dining
1241226565036164226,Shared backyard – Fully fenced,Outdoor
1241226565036164226,Outdoor furniture,Outdoor
1241226565036164226,Self check-in,Services
1241226565036164226,Keypad,Services
1241226565036164226,Kitchen,Not included
1241226565036164226,Washer,Not included
1241226565036164226,Dryer,Not included
1241226565036164226,Essentials,Not included
41295524,Hair dryer,Bathroom
41295524,Shampoo,Bathroom
41295524,Hot water,Bathroom
41295524,Essentials,Bedroom and laundry
41295524,Iron,Bedroom and laundry
41295524,TV,Entertainment
41295524,Children’s dinnerware,Family
41295524,Board games,Family
41295524,Air conditioning,Heating and cooling
41295524,Heating,Heating and cooling
41295524,Exterior security cameras on property,Home safety
41295524,Smoke alarm,Home safety
41295524,Carbon monoxide alarm,Home safety
41295524,First aid kit,Home safety
41295524,Wifi,Internet and office
41295524,Dedicated workspace,Internet and office
41295524,Refrigerator,Kitchen and dining
41295524,Microwave,Kitchen and dining
41295524,Dishes and silverware,Kitchen and dining
41295524,Hot water kettle,Kitchen and dining
41295524,Coffee maker,Kitchen and dining
41295524,Toaster,Kitchen and dining
41295524,Kitchenette,Kitchen and dining
41295524,Dining table,Kitchen and dining
41295524,Private patio or balcony,Outdoor
41295524,Private backyard – Fully fenced,Outdoor
41295524,Outdoor furniture,Outdoor
41295524,Outdoor dining area,Outdoor
41295524,Free street parking,Parking and facilities
41295524,Pets allowed,Services
41295524,Luggage dropoff allowed,Services
41295524,Long term stays allowed,Services
41295524,Self check-in,Services
41295524,Lockbox,Services
41295524,Kitchen,Not included
41295524,Washer,Not included
41295524,Dryer,Not included
1207148805164324844,Hair dryer,Bathroom
1207148805164324844,Hot water,Bathroom
1207148805164324844,Essentials,Bedroom and laundry
1207148805164324844,Hangers,Bedroom and laundry
1207148805164324844,Bed linens,Bedroom and laundry
1207148805164324844,Extra pillows and blankets,Bedroom and laundry
1207148805164324844,Iron,Bedroom and laundry
1207148805164324844,Clothing storage,Bedroom and laundry
1207148805164324844,TV,Entertainment
1207148805164324844,Air conditioning,Heating and cooling
1207148805164324844,Indoor fireplace,Heating and cooling
1207148805164324844,Heating,Heating and cooling
1207148805164324844,Lock on bedroom door,Privacy and safety
1207148805164324844,Smoke alarm,Privacy and safety
1207148805164324844,Carbon monoxide alarm,Privacy and safety
1207148805164324844,Fire extinguisher,Privacy and safety
1207148805164324844,First aid kit,Privacy and safety
1207148805164324844,Wifi,Internet and office
1207148805164324844,Dedicated workspace,Internet and office
1207148805164324844,Kitchen,Kitchen and dining
1207148805164324844,Refrigerator,Kitchen and dining
1207148805164324844,Microwave,Kitchen and dining
1207148805164324844,Cooking basics,Kitchen and dining
1207148805164324844,Dishes and silverware,Kitchen and dining
1207148805164324844,Mini fridge,Kitchen and dining
1207148805164324844,Stove,Kitchen and dining
1207148805164324844,Coffee maker,Kitchen and dining
1207148805164324844,Wine glasses,Kitchen and dining
1207148805164324844,Toaster,Kitchen and dining
1207148805164324844,Blender,Kitchen and dining
1207148805164324844,Dining table,Kitchen and dining
1207148805164324844,Coffee,Kitchen and dining
1207148805164324844,Waterfront,Location features
1207148805164324844,Laundromat nearby,Location features
1207148805164324844,Free street parking,Parking and facilities
1207148805164324844,Paid parking off premises,Parking and facilities
1207148805164324844,Paid parking on premises,Parking and facilities
1207148805164324844,Self check-in,Services
1207148805164324844,Smart lock,Services
1207148805164324844,Exterior security cameras on property,Not included
1207148805164324844,Washer,Not included
1207148805164324844,Shampoo,Not included
1207148805164324844,Private entrance,Not included
1350130887670690892,Hair dryer,Bathroom
1350130887670690892,Shampoo,Bathroom
1350130887670690892,Conditioner,Bathroom
1350130887670690892,Body soap,Bathroom
1350130887670690892,Hot water,Bathroom
1350130887670690892,Shower gel,Bathroom
1350130887670690892,Essentials,Bedroom and laundry
1350130887670690892,Hangers,Bedroom and laundry
1350130887670690892,Room-darkening shades,Bedroom and laundry
1350130887670690892,Iron,Bedroom and laundry
1350130887670690892,TV,Entertainment
1350130887670690892,Exercise equipment: treadmill,Entertainment
1350130887670690892,Ping pong table,Entertainment
1350130887670690892,Pool table,Entertainment
1350130887670690892,Arcade games,Entertainment
1350130887670690892,Pack ’n play/Travel crib,Family
1350130887670690892,Air conditioning,Heating and cooling
1350130887670690892,Heating,Heating and cooling
1350130887670690892,Smoke alarm,Home safety
1350130887670690892,Carbon monoxide alarm,Home safety
1350130887670690892,Fast wifi – 178 Mbps,Internet and office
1350130887670690892,Dedicated workspace,Internet and office
1350130887670690892,Microwave,Kitchen and dining
1350130887670690892,Mini fridge,Kitchen and dining
1350130887670690892,Coffee maker,Kitchen and dining
1350130887670690892,Coffee,Kitchen and dining
1350130887670690892,Laundromat nearby,Location features
1350130887670690892,Elevator,Parking and facilities
1350130887670690892,Shared gym in building,Parking and facilities
1350130887670690892,Paid parking off premises,Parking and facilities
1350130887670690892,Pets allowed,Services
1350130887670690892,Self check-in,Services
1350130887670690892,Smart lock,Services
1350130887670690892,Cleaning available during stay,Services
1350130887670690892,Kitchen,Not included
1350130887670690892,Washer,Not included
1350130887670690892,Private entrance,Not included
1385698795727564646,Bathtub,Bathroom
1385698795727564646,Hair dryer,Bathroom
1385698795727564646,Cleaning products,Bathroom
1385698795727564646,Shampoo,Bathroom
1385698795727564646,Conditioner,Bathroom
1385698795727564646,Body soap,Bathroom
1385698795727564646,Hot water,Bathroom
1385698795727564646,Shower gel,Bathroom
1385698795727564646,Washer,Bedroom and laundry
1385698795727564646,Paid dryer – In building,Bedroom and laundry
1385698795727564646,Essentials,Bedroom and laundry
1385698795727564646,Hangers,Bedroom and laundry
1385698795727564646,Bed linens,Bedroom and laundry
1385698795727564646,Extra pillows and blankets,Bedroom and laundry
1385698795727564646,Room-darkening shades,Bedroom and laundry
1385698795727564646,Iron,Bedroom and laundry
1385698795727564646,Clothing storage,Bedroom and laundry
1385698795727564646,TV,Entertainment
1385698795727564646,Books and reading material,Entertainment
1385698795727564646,Portable air conditioning,Heating and cooling
1385698795727564646,Portable fans,Heating and cooling
1385698795727564646,Heating,Heating and cooling
1385698795727564646,Smoke alarm,Home safety
1385698795727564646,Carbon monoxide alarm,Home safety
1385698795727564646,Fire extinguisher,Home safety
1385698795727564646,First aid kit,Home safety
1385698795727564646,Wifi,Internet and office
1385698795727564646,Dedicated workspace,Internet and office
1385698795727564646,Kitchen,Kitchen and dining
1385698795727564646,Refrigerator,Kitchen and dining
1385698795727564646,Microwave,Kitchen and dining
1385698795727564646,Cooking basics,Kitchen and dining
1385698795727564646,Dishes and silverware,Kitchen and dining
1385698795727564646,Freezer,Kitchen and dining
1385698795727564646,Stove,Kitchen and dining
1385698795727564646,Oven,Kitchen and dining
1385698795727564646,Hot water kettle,Kitchen and dining
1385698795727564646,Coffee maker: Keurig coffee machine,Kitchen and dining
1385698795727564646,Wine glasses,Kitchen and dining
1385698795727564646,Toaster,Kitchen and dining
1385698795727564646,Baking sheet,Kitchen and dining
1385698795727564646,Blender,Kitchen and dining
1385698795727564646,Trash compactor,Kitchen and dining
1385698795727564646,Dining table,Kitchen and dining
1385698795727564646,Coffee,Kitchen and dining
1385698795727564646,Waterfront,Location features
1385698795727564646,Beach access,Location features
1385698795727564646,Laundromat nearby,Location features
1385698795727564646,Free street parking,Parking and facilities
1385698795727564646,Elevator,Parking and facilities
1385698795727564646,Gym,Parking and facilities
1385698795727564646,Paid street parking off premises,Parking and facilities
1385698795727564646,Paid parking garage on premises – 1 space,Parking and facilities
1385698795727564646,Luggage dropoff allowed,Services
1385698795727564646,Long term stays allowed,Services
1385698795727564646,Self check-in,Services
1385698795727564646,Lockbox,Services
1385698795727564646,Cleaning available during stay,Services
1385698795727564646,Exterior security cameras on property,Not included
1385698795727564646,Private entrance,Not included
1293787829009614899,Hair dryer,Bathroom
1293787829009614899,Cleaning products,Bathroom
1293787829009614899,Shampoo,Bathroom
1293787829009614899,Generic  conditioner,Bathroom
1293787829009614899,Generic  body soap,Bathroom
1293787829009614899,Hot water,Bathroom
1293787829009614899,Shower gel,Bathroom
1293787829009614899,Essentials,Bedroom and laundry
1293787829009614899,Hangers,Bedroom and laundry
1293787829009614899,Iron,Bedroom and laundry
1293787829009614899,TV with standard cable,Entertainment
1293787829009614899,Crib,Family
1293787829009614899,Pack ’n play/Travel crib,Family
1293787829009614899,Heating,Heating and cooling
1293787829009614899,Smoke alarm,Home safety
1293787829009614899,Carbon monoxide alarm,Home safety
1293787829009614899,Fire extinguisher,Home safety
1293787829009614899,Wifi,Internet and office
1293787829009614899,Dedicated workspace,Internet and office
1293787829009614899,Kitchen,Kitchen and dining
1293787829009614899,Refrigerator,Kitchen and dining
1293787829009614899,Microwave,Kitchen and dining
1293787829009614899,Cooking basics,Kitchen and dining
1293787829009614899,Dishes and silverware,Kitchen and dining
1293787829009614899,Stove,Kitchen and dining
1293787829009614899,Oven,Kitchen and dining
1293787829009614899,Coffee maker,Kitchen and dining
1293787829009614899,Beach access – Beachfront,Location features
1293787829009614899,Paid parking off premises,Parking and facilities
1293787829009614899,Pets allowed,Services
1293787829009614899,Luggage dropoff allowed,Services
1293787829009614899,Long term stays allowed,Services
1293787829009614899,Self check-in,Services
1293787829009614899,Keypad,Services
1293787829009614899,Exterior security cameras on property,Not included
1293787829009614899,Washer,Not included
1293787829009614899,Dryer,Not included
1293787829009614899,Air conditioning,Not included
1052398121872631109,Hair dryer,Bathroom
1052398121872631109,Shampoo,Bathroom
1052398121872631109,Body soap,Bathroom
1052398121872631109,Hot water,Bathroom
1052398121872631109,Shower gel,Bathroom
1052398121872631109,Essentials,Bedroom and laundry
1052398121872631109,Hangers,Bedroom and laundry
1052398121872631109,Bed linens,Bedroom and laundry
1052398121872631109,Extra pillows and blankets,Bedroom and laundry
1052398121872631109,Iron,Bedroom and laundry
1052398121872631109,Safe,Bedroom and laundry
1052398121872631109,Clothing storage: closet and dresser,Bedroom and laundry
1052398121872631109,43 inch HDTV with premium cable,Entertainment
1052398121872631109,Central air conditioning,Heating and cooling
1052398121872631109,Central heating,Heating and cooling
1052398121872631109,Smoke alarm,Home safety
1052398121872631109,Fire extinguisher,Home safety
1052398121872631109,First aid kit,Home safety
1052398121872631109,Wifi,Internet and office
1052398121872631109,Mini fridge,Kitchen and dining
1052398121872631109,Hot water kettle,Kitchen and dining
1052398121872631109,Coffee,Kitchen and dining
1052398121872631109,Private entrance,Location features
1052398121872631109,Outdoor furniture,Outdoor
1052398121872631109,Outdoor dining area,Outdoor
1052398121872631109,Free parking on premises,Parking and facilities
1052398121872631109,Luggage dropoff allowed,Services
1052398121872631109,Cleaning available during stay,Services
1052398121872631109,Host greets you,Services
1052398121872631109,Exterior security cameras on property,Not included
1052398121872631109,Kitchen,Not included
1052398121872631109,Washer,Not included
1052398121872631109,Carbon monoxide alarm,Not included
1273342441543046706,Random shampoo,Bathroom
1273342441543046706,Hot water,Bathroom
1273342441543046706,Essentials,Bedroom and laundry
1273342441543046706,Bed linens,Bedroom and laundry
1273342441543046706,Clothing storage: closet and dresser,Bedroom and laundry
1273342441543046706,Ethernet connection,Entertainment
1273342441543046706,TV,Entertainment
1273342441543046706,Air conditioning,Heating and cooling
1273342441543046706,Central heating,Heating and cooling
1273342441543046706,Smoke alarm,Home safety
1273342441543046706,Carbon monoxide alarm,Home safety
1273342441543046706,Fire extinguisher,Home safety
1273342441543046706,Wifi,Internet and office
1273342441543046706,Dedicated workspace,Internet and office
1273342441543046706,Kitchen,Kitchen and dining
1273342441543046706,Random refrigerator,Kitchen and dining
1273342441543046706,Cooking basics,Kitchen and dining
1273342441543046706,Dishes and silverware,Kitchen and dining
1273342441543046706,Freezer,Kitchen and dining
1273342441543046706,Gas stove,Kitchen and dining
1273342441543046706,Oven,Kitchen and dining
1273342441543046706,Coffee maker: drip coffee maker,Kitchen and dining
1273342441543046706,Baking sheet,Kitchen and dining
1273342441543046706,Dining table,Kitchen and dining
1273342441543046706,Coffee,Kitchen and dining
1273342441543046706,Laundromat nearby,Location features
1273342441543046706,Patio or balcony,Outdoor
1273342441543046706,Outdoor furniture,Outdoor
1273342441543046706,Free parking on premises,Parking and facilities
1273342441543046706,Single level home,Parking and facilities
1273342441543046706,Exterior security cameras on property,Not included
1273342441543046706,Washer,Not included
1273342441543046706,Dryer,Not included
1092072336012573142,Hair dryer,Bathroom
1092072336012573142,Shampoo,Bathroom
1092072336012573142,Body soap,Bathroom
1092072336012573142,Essentials,Bedroom and laundry
1092072336012573142,Hangers,Bedroom and laundry
1092072336012573142,Bed linens,Bedroom and laundry
1092072336012573142,Iron,Bedroom and laundry
1092072336012573142,Safe,Bedroom and laundry
1092072336012573142,TV with standard cable,Entertainment
1092072336012573142,Air conditioning,Heating and cooling
1092072336012573142,Heating,Heating and cooling
1092072336012573142,Smoke alarm,Home safety
1092072336012573142,Carbon monoxide alarm,Home safety
1092072336012573142,Wifi,Internet and office
1092072336012573142,Private entrance,Location features
1092072336012573142,Elevator,Parking and facilities
1092072336012573142,Gym,Parking and facilities
1092072336012573142,Paid parking off premises,Parking and facilities
1092072336012573142,Pets allowed,Services
1092072336012573142,Host greets you,Services
1092072336012573142,Kitchen,Not included
1092072336012573142,Washer,Not included
1445866841793395391,Shampoo,Bathroom
1445866841793395391,Conditioner,Bathroom
1445866841793395391,Body soap,Bathroom
1445866841793395391,Hot water,Bathroom
1445866841793395391,Shower gel,Bathroom
1445866841793395391,Free washer – In unit,Bedroom and laundry
1445866841793395391,Free dryer – In unit,Bedroom and laundry
1445866841793395391,Essentials,Bedroom and laundry
1445866841793395391,Hangers,Bedroom and laundry
1445866841793395391,Bed linens,Bedroom and laundry
1445866841793395391,Extra pillows and blankets,Bedroom and laundry
1445866841793395391,TV,Entertainment
1445866841793395391,Air conditioning,Heating and cooling
1445866841793395391,Heating,Heating and cooling
1445866841793395391,Exterior security cameras on property,Home safety
1445866841793395391,Smoke alarm,Home safety
1445866841793395391,Carbon monoxide alarm,Home safety
1445866841793395391,Fire extinguisher,Home safety
1445866841793395391,First aid kit,Home safety
1445866841793395391,Wifi,Internet and office
1445866841793395391,Kitchen,Kitchen and dining
1445866841793395391,Microwave,Kitchen and dining
1445866841793395391,Cooking basics,Kitchen and dining
1445866841793395391,Dishes and silverware,Kitchen and dining
1445866841793395391,Mini fridge,Kitchen and dining
1445866841793395391,Hot water kettle,Kitchen and dining
1445866841793395391,Coffee maker: drip coffee maker,Kitchen and dining
1445866841793395391,Wine glasses,Kitchen and dining
1445866841793395391,Toaster,Kitchen and dining
1445866841793395391,Blender,Kitchen and dining
1445866841793395391,Private entrance,Location features
1445866841793395391,Shared patio or balcony,Outdoor
1445866841793395391,Shared backyard – Fully fenced,Outdoor
1445866841793395391,Outdoor furniture,Outdoor
1445866841793395391,Outdoor dining area,Outdoor
1445866841793395391,Free street parking,Parking and facilities
1445866841793395391,Luggage dropoff allowed,Services
1445866841793395391,Smoking allowed,Services
1445866841793395391,Long term stays allowed,Services
1525651849805447084,Bathtub,Bathroom
1525651849805447084,Hair dryer,Bathroom
1525651849805447084,Cleaning products,Bathroom
1525651849805447084,Shampoo,Bathroom
1525651849805447084,Conditioner,Bathroom
1525651849805447084,Body soap,Bathroom
1525651849805447084,Hot water,Bathroom
1525651849805447084,Shower gel,Bathroom
1525651849805447084,Essentials,Bedroom and laundry
1525651849805447084,Hangers,Bedroom and laundry
1525651849805447084,Bed linens,Bedroom and laundry
1525651849805447084,Extra pillows and blankets,Bedroom and laundry
1525651849805447084,Room-darkening shades,Bedroom and laundry
1525651849805447084,Iron,Bedroom and laundry
1525651849805447084,Mosquito net,Bedroom and laundry
1525651849805447084,Clothing storage,Bedroom and laundry
1525651849805447084,TV,Entertainment
1525651849805447084,Air conditioning,Heating and cooling
1525651849805447084,Ceiling fan,Heating and cooling
1525651849805447084,Heating,Heating and cooling
1525651849805447084,Exterior security cameras on property,Home safety
1525651849805447084,Smoke alarm,Home safety
1525651849805447084,Carbon monoxide alarm,Home safety
1525651849805447084,First aid kit,Home safety
1525651849805447084,Wifi,Internet and office
1525651849805447084,Dedicated workspace,Internet and office
1525651849805447084,Kitchen,Kitchen and dining
1525651849805447084,Refrigerator,Kitchen and dining
1525651849805447084,Microwave,Kitchen and dining
1525651849805447084,Cooking basics,Kitchen and dining
1525651849805447084,Dishes and silverware,Kitchen and dining
1525651849805447084,Freezer,Kitchen and dining
1525651849805447084,Dishwasher,Kitchen and dining
1525651849805447084,Stove,Kitchen and dining
1525651849805447084,Oven,Kitchen and dining
1525651849805447084,Coffee maker,Kitchen and dining
1525651849805447084,Wine glasses,Kitchen and dining
1525651849805447084,Baking sheet,Kitchen and dining
1525651849805447084,Dining table,Kitchen and dining
1525651849805447084,Coffee,Kitchen and dining
1525651849805447084,Private entrance,Location features
1525651849805447084,Laundromat nearby,Location features
1525651849805447084,Free street parking,Parking and facilities
1525651849805447084,Paid parking off premises,Parking and facilities
1525651849805447084,Single level home,Parking and facilities
1525651849805447084,Pets allowed,Services
1525651849805447084,Washer,Not included
1525651849805447084,Dryer,Not included
6237443,Bathtub,Bathroom
6237443,Shampoo,Bathroom
6237443,Body soap,Bathroom
6237443,Hot water,Bathroom
6237443,Washer,Bedroom and laundry
6237443,Dryer,Bedroom and laundry
6237443,Essentials,Bedroom and laundry
6237443,Hangers,Bedroom and laundry
6237443,Bed linens,Bedroom and laundry
6237443,Room-darkening shades,Bedroom and laundry
6237443,Iron,Bedroom and laundry
6237443,Piano,Entertainment
6237443,Air conditioning,Heating and cooling
6237443,Heating,Heating and cooling
6237443,Smoke alarm,Home safety
6237443,Fire extinguisher,Home safety
6237443,Wifi,Internet and office
6237443,Dedicated workspace,Internet and office
6237443,Kitchen,Kitchen and dining
6237443,Refrigerator,Kitchen and dining
6237443,Microwave,Kitchen and dining
6237443,Cooking basics,Kitchen and dining
6237443,Dishes and silverware,Kitchen and dining
6237443,Stove,Kitchen and dining
6237443,Oven,Kitchen and dining
6237443,Coffee maker,Kitchen and dining
6237443,Free street parking,Parking and facilities
6237443,Elevator,Parking and facilities
6237443,Gym,Parking and facilities
6237443,Paid parking off premises,Parking and facilities
6237443,Host greets you,Services
6237443,Lock on bedroom door,Privacy and safety
6237443,Carbon monoxide alarm,Privacy and safety
696558738505882577,Hot water,Bathroom
696558738505882577,Radiant heating,Heating and cooling
696558738505882577,Exterior security cameras on property,Home safety
696558738505882577,Carbon monoxide alarm,Home safety
696558738505882577,Wifi,Internet and office
696558738505882577,Kitchen,Kitchen and dining
696558738505882577,Self check-in,Services
696558738505882577,Keypad,Services
696558738505882577,Lock on bedroom door,Privacy and safety
696558738505882577,TV,Privacy and safety
696558738505882577,Washer,Privacy and safety
696558738505882577,Dryer,Privacy and safety
696558738505882577,Air conditioning,Privacy and safety
696558738505882577,Essentials,Privacy and safety
696558738505882577,Smoke alarm,Privacy and safety
1396456624160193887,Hair dryer,Bathroom
1396456624160193887,Cleaning products,Bathroom
1396456624160193887,Shampoo,Bathroom
1396456624160193887,Conditioner,Bathroom
1396456624160193887,Body soap,Bathroom
1396456624160193887,Hot water,Bathroom
1396456624160193887,Shower gel,Bathroom
1396456624160193887,Washer,Bedroom and laundry
1396456624160193887,Dryer,Bedroom and laundry
1396456624160193887,Essentials,Bedroom and laundry
1396456624160193887,Hangers,Bedroom and laundry
1396456624160193887,Bed linens,Bedroom and laundry
1396456624160193887,Room-darkening shades,Bedroom and laundry
1396456624160193887,Clothing storage,Bedroom and laundry
1396456624160193887,Ethernet connection,Entertainment
1396456624160193887,TV,Entertainment
1396456624160193887,Books and reading material,Entertainment
1396456624160193887,Children’s books and toys,Family
1396456624160193887,Board games,Family
1396456624160193887,Air conditioning,Heating and cooling
1396456624160193887,Heating,Heating and cooling
1396456624160193887,Lock on bedroom door,Privacy and safety
1396456624160193887,Exterior security cameras on property,Privacy and safety
1396456624160193887,Smoke alarm,Privacy and safety
1396456624160193887,Carbon monoxide alarm,Privacy and safety
1396456624160193887,Fire extinguisher,Privacy and safety
1396456624160193887,Wifi,Internet and office
1396456624160193887,Dedicated workspace,Internet and office
1396456624160193887,Kitchen,Kitchen and dining
1396456624160193887,Microwave,Kitchen and dining
1396456624160193887,Cooking basics,Kitchen and dining
1396456624160193887,Dishes and silverware,Kitchen and dining
1396456624160193887,Freezer,Kitchen and dining
1396456624160193887,Dishwasher,Kitchen and dining
1396456624160193887,Stove,Kitchen and dining
1396456624160193887,Oven,Kitchen and dining
1396456624160193887,Hot water kettle,Kitchen and dining
1396456624160193887,Coffee maker,Kitchen and dining
1396456624160193887,Wine glasses,Kitchen and dining
1396456624160193887,Toaster,Kitchen and dining
1396456624160193887,Baking sheet,Kitchen and dining
1396456624160193887,Dining table,Kitchen and dining
1396456624160193887,Coffee,Kitchen and dining
1396456624160193887,Outdoor furniture,Outdoor
1396456624160193887,Free parking on premises,Parking and facilities
1396456624160193887,Free street parking,Parking and facilities
1396456624160193887,Long term stays allowed,Services
1396456624160193887,Private entrance,Not included
1003437049851150279,Bathtub,Bathroom
1003437049851150279,Hair dryer,Bathroom
1003437049851150279,Cleaning products,Bathroom
1003437049851150279,Hot water,Bathroom
1003437049851150279,Washer,Bedroom and laundry
1003437049851150279,Dryer,Bedroom and laundry
1003437049851150279,Essentials,Bedroom and laundry
1003437049851150279,Hangers,Bedroom and laundry
1003437049851150279,Bed linens,Bedroom and laundry
1003437049851150279,Extra pillows and blankets,Bedroom and laundry
1003437049851150279,Iron,Bedroom and laundry
1003437049851150279,TV,Entertainment
1003437049851150279,Air conditioning,Heating and cooling
1003437049851150279,Heating,Heating and cooling
1003437049851150279,Smoke alarm,Home safety
1003437049851150279,Carbon monoxide alarm,Home safety
1003437049851150279,Fire extinguisher,Home safety
1003437049851150279,Wifi,Internet and office
1003437049851150279,Kitchen,Kitchen and dining
1003437049851150279,Refrigerator,Kitchen and dining
1003437049851150279,Microwave,Kitchen and dining
1003437049851150279,Dishes and silverware,Kitchen and dining
1003437049851150279,Freezer,Kitchen and dining
1003437049851150279,Dishwasher,Kitchen and dining
1003437049851150279,Stove,Kitchen and dining
1003437049851150279,Oven,Kitchen and dining
1003437049851150279,Coffee maker,Kitchen and dining
1003437049851150279,Wine glasses,Kitchen and dining
1003437049851150279,Toaster,Kitchen and dining
1003437049851150279,Blender,Kitchen and dining
1003437049851150279,Laundromat nearby,Location features
1003437049851150279,Free street parking,Parking and facilities
1003437049851150279,Luggage dropoff allowed,Services
1003437049851150279,Self check-in,Services
1003437049851150279,Keypad,Services
1003437049851150279,Lock on bedroom door,Privacy and safety
1003437049851150279,Exterior security cameras on property,Privacy and safety
22088301,Garden view,Scenic views
22088301,Bathtub,Bathroom
22088301,Hair dryer,Bathroom
22088301,Cleaning products,Bathroom
22088301,Shampoo,Bathroom
22088301,Conditioner,Bathroom
22088301,Dove  body soap,Bathroom
22088301,Hot water,Bathroom
22088301,Shower gel,Bathroom
22088301,Free dryer – In building,Bedroom and laundry
22088301,Essentials,Bedroom and laundry
22088301,Hangers,Bedroom and laundry
22088301,Bed linens,Bedroom and laundry
22088301,Extra pillows and blankets,Bedroom and laundry
22088301,Iron,Bedroom and laundry
22088301,Ethernet connection,Entertainment
22088301,TV with Apple TV,Entertainment
22088301,Record player,Entertainment
22088301,Sound system,Entertainment
22088301,Exercise equipment,Entertainment
22088301,Books and reading material,Entertainment
22088301,Children’s books and toys,Family
22088301,AC - split type ductless system,Heating and cooling
22088301,Portable fans,Heating and cooling
22088301,Heating,Heating and cooling
22088301,Smoke alarm,Home safety
22088301,Carbon monoxide alarm,Home safety
22088301,Fire extinguisher,Home safety
22088301,First aid kit,Home safety
22088301,Wifi,Internet and office
22088301,Dedicated workspace,Internet and office
22088301,Kitchen,Kitchen and dining
22088301,Refrigerator,Kitchen and dining
22088301,Microwave,Kitchen and dining
22088301,Cooking basics,Kitchen and dining
22088301,Dishes and silverware,Kitchen and dining
22088301,Freezer,Kitchen and dining
22088301,Gas stove,Kitchen and dining
22088301,Oven,Kitchen and dining
22088301,Hot water kettle,Kitchen and dining
22088301,Coffee maker,Kitchen and dining
22088301,Wine glasses,Kitchen and dining
22088301,Toaster,Kitchen and dining
22088301,Blender,Kitchen and dining
22088301,Rice maker,Kitchen and dining
22088301,Trash compactor,Kitchen and dining
22088301,Barbecue utensils,Kitchen and dining
22088301,Dining table,Kitchen and dining
22088301,Coffee,Kitchen and dining
22088301,Private entrance,Location features
22088301,Laundromat nearby,Location features
22088301,Private patio or balcony,Outdoor
22088301,Private backyard – Fully fenced,Outdoor
22088301,Fire pit,Outdoor
22088301,Outdoor furniture,Outdoor
22088301,Outdoor dining area,Outdoor
22088301,BBQ grill,Outdoor
22088301,Free street parking,Parking and facilities
22088301,Paid parking off premises,Parking and facilities
22088301,Pets allowed,Services
22088301,Luggage dropoff allowed,Services
22088301,Long term stays allowed,Services
22088301,Self check-in,Services
22088301,Smart lock,Services
22088301,Exterior security cameras on property,Not included
22088301,Washer,Not included
1321012476779647336,Hair dryer,Bathroom
1321012476779647336,Shampoo,Bathroom
1321012476779647336,Conditioner,Bathroom
1321012476779647336,Hot water,Bathroom
1321012476779647336,Shower gel,Bathroom
1321012476779647336,Essentials,Bedroom and laundry
1321012476779647336,Hangers,Bedroom and laundry
1321012476779647336,Iron,Bedroom and laundry
1321012476779647336,TV,Entertainment
1321012476779647336,Crib,Family
1321012476779647336,Heating,Heating and cooling
1321012476779647336,Exterior security cameras on property,Home safety
1321012476779647336,Smoke alarm,Home safety
1321012476779647336,Carbon monoxide alarm,Home safety
1321012476779647336,Fire extinguisher,Home safety
1321012476779647336,First aid kit,Home safety
1321012476779647336,Wifi,Internet and office
1321012476779647336,Dedicated workspace,Internet and office
1321012476779647336,Kitchen,Kitchen and dining
1321012476779647336,Microwave,Kitchen and dining
1321012476779647336,Cooking basics,Kitchen and dining
1321012476779647336,Dishes and silverware,Kitchen and dining
1321012476779647336,Mini fridge,Kitchen and dining
1321012476779647336,Stove,Kitchen and dining
1321012476779647336,Oven,Kitchen and dining
1321012476779647336,Coffee maker,Kitchen and dining
1321012476779647336,Beach access,Location features
1321012476779647336,Private entrance,Location features
1321012476779647336,Paid parking on premises,Parking and facilities
1321012476779647336,Pets allowed,Services
1321012476779647336,Self check-in,Services
1321012476779647336,Lockbox,Services
1321012476779647336,Washer,Not included
1321012476779647336,Dryer,Not included
1321012476779647336,Air conditioning,Not included
1480429953620865698,Hair dryer,Bathroom
1480429953620865698,Cleaning products,Bathroom
1480429953620865698,Shampoo,Bathroom
1480429953620865698,Conditioner,Bathroom
1480429953620865698,Hot water,Bathroom
1480429953620865698,Shower gel,Bathroom
1480429953620865698,Essentials,Bedroom and laundry
1480429953620865698,Hangers,Bedroom and laundry
1480429953620865698,Bed linens,Bedroom and laundry
1480429953620865698,Extra pillows and blankets,Bedroom and laundry
1480429953620865698,Room-darkening shades,Bedroom and laundry
1480429953620865698,Iron,Bedroom and laundry
1480429953620865698,Drying rack for clothing,Bedroom and laundry
1480429953620865698,Clothing storage,Bedroom and laundry
1480429953620865698,TV,Entertainment
1480429953620865698,Window AC unit,Heating and cooling
1480429953620865698,Heating,Heating and cooling
1480429953620865698,Lock on bedroom door,Privacy and safety
1480429953620865698,Exterior security cameras on property,Privacy and safety
1480429953620865698,Smoke alarm,Privacy and safety
1480429953620865698,Carbon monoxide alarm,Privacy and safety
1480429953620865698,Fire extinguisher,Privacy and safety
1480429953620865698,First aid kit,Privacy and safety
1480429953620865698,Wifi,Internet and office
1480429953620865698,Dedicated workspace,Internet and office
1480429953620865698,Kitchen,Kitchen and dining
1480429953620865698,Refrigerator,Kitchen and dining
1480429953620865698,Microwave,Kitchen and dining
1480429953620865698,Cooking basics,Kitchen and dining
1480429953620865698,Dishes and silverware,Kitchen and dining
1480429953620865698,Stove,Kitchen and dining
1480429953620865698,Oven,Kitchen and dining
1480429953620865698,Hot water kettle,Kitchen and dining
1480429953620865698,"Coffee maker: drip coffee maker, Keurig coffee machine",Kitchen and dining
1480429953620865698,Wine glasses,Kitchen and dining
1480429953620865698,Toaster,Kitchen and dining
1480429953620865698,Dining table,Kitchen and dining
1480429953620865698,Coffee,Kitchen and dining
1480429953620865698,Laundromat nearby,Location features
1480429953620865698,Paid parking on premises,Parking and facilities
1480429953620865698,Luggage dropoff allowed,Services
1480429953620865698,Long term stays allowed,Services
1480429953620865698,Self check-in,Services
1480429953620865698,Smart lock,Services
1480429953620865698,Washer,Not included
1480429953620865698,Dryer,Not included
9795877,Hair dryer,Bathroom
9795877,Shampoo,Bathroom
9795877,Hot water,Bathroom
9795877,Essentials,Bedroom and laundry
9795877,Hangers,Bedroom and laundry
9795877,Extra pillows and blankets,Bedroom and laundry
9795877,Iron,Bedroom and laundry
9795877,TV,Entertainment
9795877,Air conditioning,Heating and cooling
9795877,Heating,Heating and cooling
9795877,Exterior security cameras on property,Home safety
9795877,Smoke alarm,Home safety
9795877,Carbon monoxide alarm,Home safety
9795877,Fire extinguisher,Home safety
9795877,First aid kit,Home safety
9795877,Wifi,Internet and office
9795877,Dedicated workspace,Internet and office
9795877,Refrigerator,Kitchen and dining
9795877,Microwave,Kitchen and dining
9795877,Dishes and silverware,Kitchen and dining
9795877,Coffee maker,Kitchen and dining
9795877,Private entrance,Location features
9795877,Free street parking,Parking and facilities
9795877,Self check-in,Services
9795877,Keypad,Services
9795877,Kitchen,Not included
9795877,Washer,Not included
9795877,Dryer,Not included
1158421229819722537,Hair dryer,Bathroom
1158421229819722537,Cleaning products,Bathroom
1158421229819722537,Shampoo,Bathroom
1158421229819722537,Conditioner,Bathroom
1158421229819722537,Body soap,Bathroom
1158421229819722537,Hot water,Bathroom
1158421229819722537,Shower gel,Bathroom
1158421229819722537,Washer,Bedroom and laundry
1158421229819722537,Dryer,Bedroom and laundry
1158421229819722537,Essentials,Bedroom and laundry
1158421229819722537,Hangers,Bedroom and laundry
1158421229819722537,Bed linens,Bedroom and laundry
1158421229819722537,Room-darkening shades,Bedroom and laundry
1158421229819722537,Clothing storage,Bedroom and laundry
1158421229819722537,Ethernet connection,Entertainment
1158421229819722537,TV,Entertainment
1158421229819722537,Books and reading material,Entertainment
1158421229819722537,Children’s books and toys,Family
1158421229819722537,Board games,Family
1158421229819722537,Air conditioning,Heating and cooling
1158421229819722537,Heating,Heating and cooling
1158421229819722537,Lock on bedroom door,Privacy and safety
1158421229819722537,Exterior security cameras on property,Privacy and safety
1158421229819722537,Smoke alarm,Privacy and safety
1158421229819722537,Carbon monoxide alarm,Privacy and safety
1158421229819722537,Fire extinguisher,Privacy and safety
1158421229819722537,Wifi,Internet and office
1158421229819722537,Dedicated workspace,Internet and office
1158421229819722537,Kitchen,Kitchen and dining
1158421229819722537,Refrigerator,Kitchen and dining
1158421229819722537,Microwave,Kitchen and dining
1158421229819722537,Cooking basics,Kitchen and dining
1158421229819722537,Dishes and silverware,Kitchen and dining
1158421229819722537,Freezer,Kitchen and dining
1158421229819722537,Dishwasher,Kitchen and dining
1158421229819722537,Stove,Kitchen and dining
1158421229819722537,Oven,Kitchen and dining
1158421229819722537,Hot water kettle,Kitchen and dining
1158421229819722537,Coffee maker,Kitchen and dining
1158421229819722537,Wine glasses,Kitchen and dining
1158421229819722537,Toaster,Kitchen and dining
1158421229819722537,Baking sheet,Kitchen and dining
1158421229819722537,Dining table,Kitchen and dining
1158421229819722537,Coffee,Kitchen and dining
1158421229819722537,Outdoor furniture,Outdoor
1158421229819722537,Free street parking,Parking and facilities
1158421229819722537,Long term stays allowed,Services
1158421229819722537,Private entrance,Not included
5309959,Hot water,Bathroom
5309959,Hangers,Bedroom and laundry
5309959,Iron,Bedroom and laundry
5309959,TV,Entertainment
5309959,Window AC unit,Heating and cooling
5309959,Heating,Heating and cooling
5309959,Lock on bedroom door,Privacy and safety
5309959,Exterior security cameras on property,Privacy and safety
5309959,Smoke alarm,Privacy and safety
5309959,Carbon monoxide alarm,Privacy and safety
5309959,Fire extinguisher,Privacy and safety
5309959,Wifi,Internet and office
5309959,Dedicated workspace,Internet and office
5309959,Kitchen,Kitchen and dining
5309959,Refrigerator,Kitchen and dining
5309959,Microwave,Kitchen and dining
5309959,Cooking basics,Kitchen and dining
5309959,Dishes and silverware,Kitchen and dining
5309959,Stove,Kitchen and dining
5309959,Coffee maker,Kitchen and dining
5309959,Resort access,Location features
5309959,Patio or balcony,Outdoor
5309959,Backyard,Outdoor
5309959,EV charger,Parking and facilities
5309959,Washer,Not included
5309959,Dryer,Not included
5309959,Essentials,Not included
890578160748025477,Bathtub,Bathroom
890578160748025477,Hair dryer,Bathroom
890578160748025477,Cleaning products,Bathroom
890578160748025477,Shampoo,Bathroom
890578160748025477,Air Conditioner  conditioner,Bathroom
890578160748025477,Body soap,Bathroom
890578160748025477,Hot water,Bathroom
890578160748025477,Shower gel,Bathroom
890578160748025477,Essentials,Bedroom and laundry
890578160748025477,Hangers,Bedroom and laundry
890578160748025477,Room-darkening shades,Bedroom and laundry
890578160748025477,Iron,Bedroom and laundry
890578160748025477,Portable fans,Heating and cooling
890578160748025477,Heating,Heating and cooling
890578160748025477,Lock on bedroom door,Privacy and safety
890578160748025477,Exterior security cameras on property,Privacy and safety
890578160748025477,Smoke alarm,Privacy and safety
890578160748025477,Carbon monoxide alarm,Privacy and safety
890578160748025477,Wifi,Internet and office
890578160748025477,Dedicated workspace,Internet and office
890578160748025477,Kitchen,Kitchen and dining
890578160748025477,Refrigerator,Kitchen and dining
890578160748025477,Microwave,Kitchen and dining
890578160748025477,Cooking basics,Kitchen and dining
890578160748025477,Dishes and silverware,Kitchen and dining
890578160748025477,Freezer,Kitchen and dining
890578160748025477,Gas stove,Kitchen and dining
890578160748025477,Oven,Kitchen and dining
890578160748025477,Hot water kettle,Kitchen and dining
890578160748025477,"Coffee maker: drip coffee maker, french press",Kitchen and dining
890578160748025477,Dining table,Kitchen and dining
890578160748025477,Free street parking,Parking and facilities
890578160748025477,Long term stays allowed,Services
890578160748025477,Self check-in,Services
890578160748025477,Lockbox,Services
890578160748025477,Cleaning available during stay,Services
890578160748025477,TV,Not included
890578160748025477,Washer,Not included
890578160748025477,Dryer,Not included
890578160748025477,Window AC unit,Not included
1177505327183162711,Bathtub,Bathroom
1177505327183162711,Hair dryer,Bathroom
1177505327183162711,Shampoo,Bathroom
1177505327183162711,Conditioner,Bathroom
1177505327183162711,Body soap,Bathroom
1177505327183162711,Hot water,Bathroom
1177505327183162711,Shower gel,Bathroom
1177505327183162711,Essentials,Bedroom and laundry
1177505327183162711,Hangers,Bedroom and laundry
1177505327183162711,Bed linens,Bedroom and laundry
1177505327183162711,Room-darkening shades,Bedroom and laundry
1177505327183162711,Iron,Bedroom and laundry
1177505327183162711,TV,Entertainment
1177505327183162711,Pack ’n play/Travel crib - available upon request,Family
1177505327183162711,Air conditioning,Heating and cooling
1177505327183162711,Heating,Heating and cooling
1177505327183162711,Smoke alarm,Home safety
1177505327183162711,Carbon monoxide alarm,Home safety
1177505327183162711,Fast wifi – 406 Mbps,Internet and office
1177505327183162711,Dedicated workspace,Internet and office
1177505327183162711,Microwave,Kitchen and dining
1177505327183162711,Mini fridge,Kitchen and dining
1177505327183162711,Coffee maker,Kitchen and dining
1177505327183162711,Coffee,Kitchen and dining
1177505327183162711,Laundromat nearby,Location features
1177505327183162711,Elevator,Parking and facilities
1177505327183162711,Gym,Parking and facilities
1177505327183162711,Paid parking off premises,Parking and facilities
1177505327183162711,Pets allowed,Services
1177505327183162711,Self check-in,Services
1177505327183162711,Smart lock,Services
1177505327183162711,Housekeeping - available at extra cost,Services
1177505327183162711,Kitchen,Not included
1177505327183162711,Washer,Not included
1177505327183162711,Private entrance,Not included
1440492343478263869,Hair dryer,Bathroom
1440492343478263869,Shampoo,Bathroom
1440492343478263869,Conditioner,Bathroom
1440492343478263869,Body soap,Bathroom
1440492343478263869,Hot water,Bathroom
1440492343478263869,Shower gel,Bathroom
1440492343478263869,Essentials,Bedroom and laundry
1440492343478263869,Hangers,Bedroom and laundry
1440492343478263869,Extra pillows and blankets,Bedroom and laundry
1440492343478263869,TV,Entertainment
1440492343478263869,Books and reading material,Entertainment
1440492343478263869,Portable fans,Heating and cooling
1440492343478263869,Heating,Heating and cooling
1440492343478263869,Lock on bedroom door,Privacy and safety
1440492343478263869,Exterior security cameras on property,Privacy and safety
1440492343478263869,Smoke alarm,Privacy and safety
1440492343478263869,Carbon monoxide alarm,Privacy and safety
1440492343478263869,Wifi,Internet and office
1440492343478263869,Dedicated workspace,Internet and office
1440492343478263869,Microwave,Kitchen and dining
1440492343478263869,Mini fridge,Kitchen and dining
1440492343478263869,Oven,Kitchen and dining
1440492343478263869,Coffee maker,Kitchen and dining
1440492343478263869,Toaster,Kitchen and dining
1440492343478263869,Kitchenette,Kitchen and dining
1440492343478263869,Coffee,Kitchen and dining
1440492343478263869,Laundromat nearby,Location features
1440492343478263869,Hammock,Outdoor
1440492343478263869,Free street parking,Parking and facilities
1440492343478263869,Luggage dropoff allowed,Services
1440492343478263869,Kitchen,Not included
1440492343478263869,Washer,Not included
1440492343478263869,Dryer,Not included
1440492343478263869,Air conditioning,Not included
1407336432341758567,Hair dryer,Bathroom
1407336432341758567,Shampoo,Bathroom
1407336432341758567,Conditioner,Bathroom
1407336432341758567,Body soap,Bathroom
1407336432341758567,Hot water,Bathroom
1407336432341758567,Shower gel,Bathroom
1407336432341758567,Hangers,Bedroom and laundry
1407336432341758567,Bed linens,Bedroom and laundry
1407336432341758567,Room-darkening shades,Bedroom and laundry
1407336432341758567,Safe,Bedroom and laundry
1407336432341758567,Clothing storage,Bedroom and laundry
1407336432341758567,Books and reading material,Entertainment
1407336432341758567,Air conditioning,Heating and cooling
1407336432341758567,Heating,Heating and cooling
1407336432341758567,Exterior security cameras on property,Home safety
1407336432341758567,Smoke alarm,Home safety
1407336432341758567,Carbon monoxide alarm,Home safety
1407336432341758567,Fire extinguisher,Home safety
1407336432341758567,First aid kit,Home safety
1407336432341758567,Wifi,Internet and office
1407336432341758567,Dedicated workspace,Internet and office
1407336432341758567,Coffee maker: drip coffee maker,Kitchen and dining
1407336432341758567,Dining table,Kitchen and dining
1407336432341758567,Coffee,Kitchen and dining
1407336432341758567,Outdoor furniture,Outdoor
1407336432341758567,Outdoor dining area,Outdoor
1407336432341758567,Free street parking,Parking and facilities
1407336432341758567,Luggage dropoff allowed,Services
1407336432341758567,Breakfast,Services
1407336432341758567,Kitchen,Not included
1407336432341758567,TV,Not included
1407336432341758567,Washer,Not included
1407336432341758567,Essentials,Not included
1407336432341758567,Private entrance,Not included
15522627,Hair dryer,Bathroom
15522627,Cleaning products,Bathroom
15522627,Shampoo,Bathroom
15522627,Hot water,Bathroom
15522627,Essentials,Bedroom and laundry
15522627,Hangers,Bedroom and laundry
15522627,Bed linens,Bedroom and laundry
15522627,Iron,Bedroom and laundry
15522627,"HDTV with standard cable, DVD player",Entertainment
15522627,Books and reading material,Entertainment
15522627,Window AC unit,Heating and cooling
15522627,Ceiling fan,Heating and cooling
15522627,Heating,Heating and cooling
15522627,Lock on bedroom door,Privacy and safety
15522627,Smoke alarm,Privacy and safety
15522627,Carbon monoxide alarm,Privacy and safety
15522627,Fire extinguisher,Privacy and safety
15522627,First aid kit,Privacy and safety
15522627,Wifi,Internet and office
15522627,Dedicated workspace,Internet and office
15522627,Kitchen,Kitchen and dining
15522627,Refrigerator,Kitchen and dining
15522627,Dishes and silverware,Kitchen and dining
15522627,Mini fridge,Kitchen and dining
15522627,Coffee maker,Kitchen and dining
15522627,Laundromat nearby,Location features
15522627,Private backyard – Fully fenced,Outdoor
15522627,Outdoor furniture,Outdoor
15522627,Outdoor dining area,Outdoor
15522627,BBQ grill,Outdoor
15522627,Free street parking,Parking and facilities
15522627,Luggage dropoff allowed,Services
15522627,Long term stays allowed,Services
15522627,Host greets you,Services
15522627,Washer,Not included
15522627,Dryer,Not included
1170455226677183433,Bathtub,Bathroom
1170455226677183433,Hair dryer,Bathroom
1170455226677183433,Shampoo,Bathroom
1170455226677183433,Conditioner,Bathroom
1170455226677183433,Body soap,Bathroom
1170455226677183433,Hot water,Bathroom
1170455226677183433,Shower gel,Bathroom
1170455226677183433,Essentials,Bedroom and laundry
1170455226677183433,Hangers,Bedroom and laundry
1170455226677183433,Bed linens,Bedroom and laundry
1170455226677183433,Room-darkening shades,Bedroom and laundry
1170455226677183433,Iron,Bedroom and laundry
1170455226677183433,TV,Entertainment
1170455226677183433,Pack ’n play/Travel crib - available upon request,Family
1170455226677183433,Window AC unit,Heating and cooling
1170455226677183433,Heating,Heating and cooling
1170455226677183433,Exterior security cameras on property,Home safety
1170455226677183433,Smoke alarm,Home safety
1170455226677183433,Carbon monoxide alarm,Home safety
1170455226677183433,Fast wifi – 395 Mbps,Internet and office
1170455226677183433,Dedicated workspace,Internet and office
1170455226677183433,Microwave,Kitchen and dining
1170455226677183433,Mini fridge,Kitchen and dining
1170455226677183433,Coffee maker,Kitchen and dining
1170455226677183433,Coffee,Kitchen and dining
1170455226677183433,Laundromat nearby,Location features
1170455226677183433,Elevator,Parking and facilities
1170455226677183433,Shared gym in building,Parking and facilities
1170455226677183433,Paid parking off premises,Parking and facilities
1170455226677183433,Pets allowed,Services
1170455226677183433,Long term stays allowed,Services
1170455226677183433,Self check-in,Services
1170455226677183433,Smart lock,Services
1170455226677183433,Housekeeping - available at extra cost,Services
1170455226677183433,Kitchen,Not included
1170455226677183433,Washer,Not included
1170455226677183433,Private entrance,Not included
1170449637391846183,Bathtub,Bathroom
1170449637391846183,Hair dryer,Bathroom
1170449637391846183,Shampoo,Bathroom
1170449637391846183,Conditioner,Bathroom
1170449637391846183,Body soap,Bathroom
1170449637391846183,Hot water,Bathroom
1170449637391846183,Shower gel,Bathroom
1170449637391846183,Essentials,Bedroom and laundry
1170449637391846183,Hangers,Bedroom and laundry
1170449637391846183,Bed linens,Bedroom and laundry
1170449637391846183,Room-darkening shades,Bedroom and laundry
1170449637391846183,Iron,Bedroom and laundry
1170449637391846183,TV,Entertainment
1170449637391846183,Pack ’n play/Travel crib - available upon request,Family
1170449637391846183,Window AC unit,Heating and cooling
1170449637391846183,Heating,Heating and cooling
1170449637391846183,Exterior security cameras on property,Home safety
1170449637391846183,Smoke alarm,Home safety
1170449637391846183,Carbon monoxide alarm,Home safety
1170449637391846183,Fast wifi – 331 Mbps,Internet and office
1170449637391846183,Dedicated workspace,Internet and office
1170449637391846183,Microwave,Kitchen and dining
1170449637391846183,Mini fridge,Kitchen and dining
1170449637391846183,Coffee maker,Kitchen and dining
1170449637391846183,Coffee,Kitchen and dining
1170449637391846183,Laundromat nearby,Location features
1170449637391846183,Elevator,Parking and facilities
1170449637391846183,Gym,Parking and facilities
1170449637391846183,Paid parking off premises,Parking and facilities
1170449637391846183,Pets allowed,Services
1170449637391846183,Self check-in,Services
1170449637391846183,Smart lock,Services
1170449637391846183,Housekeeping - available at extra cost,Services
1170449637391846183,Kitchen,Not included
1170449637391846183,Washer,Not included
1170449637391846183,Private entrance,Not included
7837816,Bathtub,Bathroom
7837816,Hair dryer,Bathroom
7837816,Shampoo,Bathroom
7837816,Conditioner,Bathroom
7837816,Body soap,Bathroom
7837816,Hot water,Bathroom
7837816,Shower gel,Bathroom
7837816,Essentials,Bedroom and laundry
7837816,Hangers,Bedroom and laundry
7837816,Bed linens,Bedroom and laundry
7837816,Extra pillows and blankets,Bedroom and laundry
7837816,Room-darkening shades,Bedroom and laundry
7837816,Iron,Bedroom and laundry
7837816,Clothing storage: closet and dresser,Bedroom and laundry
7837816,TV with standard cable,Entertainment
7837816,Window AC unit,Heating and cooling
7837816,Heating,Heating and cooling
7837816,Lock on bedroom door,Privacy and safety
7837816,Smoke alarm,Privacy and safety
7837816,Fire extinguisher,Privacy and safety
7837816,First aid kit,Privacy and safety
7837816,Fast wifi – 299 Mbps,Internet and office
7837816,Dedicated workspace,Internet and office
7837816,Kitchen,Kitchen and dining
7837816,Refrigerator,Kitchen and dining
7837816,Microwave,Kitchen and dining
7837816,Cooking basics,Kitchen and dining
7837816,Dishes and silverware,Kitchen and dining
7837816,Freezer,Kitchen and dining
7837816,Stove,Kitchen and dining
7837816,Oven,Kitchen and dining
7837816,Hot water kettle,Kitchen and dining
7837816,Blender,Kitchen and dining
7837816,Dining table,Kitchen and dining
7837816,Laundromat nearby,Location features
7837816,Free parking on premises,Parking and facilities
7837816,Free street parking,Parking and facilities
7837816,Luggage dropoff allowed,Services
7837816,Self check-in,Services
7837816,Lockbox,Services
7837816,Exterior security cameras on property,Not included
7837816,Washer,Not included
7837816,Dryer,Not included
7837816,Carbon monoxide alarm,Not included
1497560404511255627,Hair dryer,Bathroom
1497560404511255627,Cleaning products,Bathroom
1497560404511255627,Shampoo,Bathroom
1497560404511255627,Conditioner,Bathroom
1497560404511255627,Body soap,Bathroom
1497560404511255627,Hot water,Bathroom
1497560404511255627,Shower gel,Bathroom
1497560404511255627,Washer,Bedroom and laundry
1497560404511255627,Dryer,Bedroom and laundry
1497560404511255627,Essentials,Bedroom and laundry
1497560404511255627,Hangers,Bedroom and laundry
1497560404511255627,Bed linens,Bedroom and laundry
1497560404511255627,Extra pillows and blankets,Bedroom and laundry
1497560404511255627,Room-darkening shades,Bedroom and laundry
1497560404511255627,Iron,Bedroom and laundry
1497560404511255627,Clothing storage,Bedroom and laundry
1497560404511255627,TV,Entertainment
1497560404511255627,Air conditioning,Heating and cooling
1497560404511255627,Ceiling fan,Heating and cooling
1497560404511255627,Heating,Heating and cooling
1497560404511255627,Smoke alarm,Home safety
1497560404511255627,Carbon monoxide alarm,Home safety
1497560404511255627,Fire extinguisher,Home safety
1497560404511255627,First aid kit,Home safety
1497560404511255627,Wifi,Internet and office
1497560404511255627,Dedicated workspace,Internet and office
1497560404511255627,Kitchen,Kitchen and dining
1497560404511255627,Refrigerator,Kitchen and dining
1497560404511255627,Microwave,Kitchen and dining
1497560404511255627,Cooking basics,Kitchen and dining
1497560404511255627,Dishes and silverware,Kitchen and dining
1497560404511255627,Freezer,Kitchen and dining
1497560404511255627,Dishwasher,Kitchen and dining
1497560404511255627,Stove,Kitchen and dining
1497560404511255627,Oven,Kitchen and dining
1497560404511255627,Hot water kettle,Kitchen and dining
1497560404511255627,Coffee maker,Kitchen and dining
1497560404511255627,Wine glasses,Kitchen and dining
1497560404511255627,Toaster,Kitchen and dining
1497560404511255627,Baking sheet,Kitchen and dining
1497560404511255627,Dining table,Kitchen and dining
1497560404511255627,Coffee,Kitchen and dining
1497560404511255627,Laundromat nearby,Location features
1497560404511255627,Patio or balcony,Outdoor
1497560404511255627,Outdoor furniture,Outdoor
1497560404511255627,Outdoor dining area,Outdoor
1497560404511255627,Free parking on premises,Parking and facilities
1497560404511255627,"Shared hot tub - available all year, open specific hours",Parking and facilities
1497560404511255627,Elevator,Parking and facilities
1497560404511255627,Paid parking garage on premises – 1 space,Parking and facilities
1497560404511255627,Single level home,Parking and facilities
1497560404511255627,Pets allowed,Services
1497560404511255627,Luggage dropoff allowed,Services
1497560404511255627,Long term stays allowed,Services
1497560404511255627,Exterior security cameras on property,Not included
1467125865866174098,Bathtub,Bathroom
1467125865866174098,Hair dryer,Bathroom
1467125865866174098,Cleaning products,Bathroom
1467125865866174098,Shampoo,Bathroom
1467125865866174098,Conditioner,Bathroom
1467125865866174098,Body soap,Bathroom
1467125865866174098,Hot water,Bathroom
1467125865866174098,Shower gel,Bathroom
1467125865866174098,Washer,Bedroom and laundry
1467125865866174098,Dryer,Bedroom and laundry
1467125865866174098,Essentials,Bedroom and laundry
1467125865866174098,Hangers,Bedroom and laundry
1467125865866174098,Bed linens,Bedroom and laundry
1467125865866174098,Iron,Bedroom and laundry
1467125865866174098,Clothing storage,Bedroom and laundry
1467125865866174098,Ethernet connection,Entertainment
1467125865866174098,TV,Entertainment
1467125865866174098,Pack ’n play/Travel crib - available upon request,Family
1467125865866174098,Air conditioning,Heating and cooling
1467125865866174098,Heating,Heating and cooling
1467125865866174098,Smoke alarm,Home safety
1467125865866174098,Carbon monoxide alarm,Home safety
1467125865866174098,Wifi,Internet and office
1467125865866174098,Dedicated workspace,Internet and office
1467125865866174098,Kitchen,Kitchen and dining
1467125865866174098,Refrigerator,Kitchen and dining
1467125865866174098,Microwave,Kitchen and dining
1467125865866174098,Cooking basics,Kitchen and dining
1467125865866174098,Dishes and silverware,Kitchen and dining
1467125865866174098,Freezer,Kitchen and dining
1467125865866174098,Stove,Kitchen and dining
1467125865866174098,Oven,Kitchen and dining
1467125865866174098,Coffee maker,Kitchen and dining
1467125865866174098,Wine glasses,Kitchen and dining
1467125865866174098,Toaster,Kitchen and dining
1467125865866174098,Dining table,Kitchen and dining
1467125865866174098,Coffee,Kitchen and dining
1467125865866174098,Free street parking,Parking and facilities
1467125865866174098,Long term stays allowed,Services
1467125865866174098,Self check-in,Services
1467125865866174098,Keypad,Services
1467125865866174098,Exterior security cameras on property,Not included
1467125865866174098,Private entrance,Not included
1567163416375792901,Bathtub,Bathroom
1567163416375792901,Hair dryer,Bathroom
1567163416375792901,Cleaning products,Bathroom
1567163416375792901,Shampoo,Bathroom
1567163416375792901,Conditioner,Bathroom
1567163416375792901,Body soap,Bathroom
1567163416375792901,Hot water,Bathroom
1567163416375792901,Shower gel,Bathroom
1567163416375792901,Free washer – In unit,Bedroom and laundry
1567163416375792901,Free dryer – In unit,Bedroom and laundry
1567163416375792901,Essentials,Bedroom and laundry
1567163416375792901,Hangers,Bedroom and laundry
1567163416375792901,Bed linens,Bedroom and laundry
1567163416375792901,Extra pillows and blankets,Bedroom and laundry
1567163416375792901,Iron,Bedroom and laundry
1567163416375792901,Clothing storage,Bedroom and laundry
1567163416375792901,Ethernet connection,Entertainment
1567163416375792901,TV,Entertainment
1567163416375792901,Air conditioning,Heating and cooling
1567163416375792901,Heating,Heating and cooling
1567163416375792901,Smoke alarm,Home safety
1567163416375792901,Carbon monoxide alarm,Home safety
1567163416375792901,Fire extinguisher,Home safety
1567163416375792901,First aid kit,Home safety
1567163416375792901,Wifi,Internet and office
1567163416375792901,Dedicated workspace,Internet and office
1567163416375792901,Kitchen,Kitchen and dining
1567163416375792901,Refrigerator,Kitchen and dining
1567163416375792901,Microwave,Kitchen and dining
1567163416375792901,Cooking basics,Kitchen and dining
1567163416375792901,Dishes and silverware,Kitchen and dining
1567163416375792901,Freezer,Kitchen and dining
1567163416375792901,Dishwasher,Kitchen and dining
1567163416375792901,Stove,Kitchen and dining
1567163416375792901,Oven,Kitchen and dining
1567163416375792901,Hot water kettle,Kitchen and dining
1567163416375792901,Coffee maker,Kitchen and dining
1567163416375792901,Wine glasses,Kitchen and dining
1567163416375792901,Toaster,Kitchen and dining
1567163416375792901,Baking sheet,Kitchen and dining
1567163416375792901,Coffee,Kitchen and dining
1567163416375792901,Beach access,Location features
1567163416375792901,Patio or balcony,Outdoor
1567163416375792901,Free parking on premises,Parking and facilities
1567163416375792901,Elevator,Parking and facilities
1567163416375792901,Luggage dropoff allowed,Services
1567163416375792901,Long term stays allowed,Services
1567163416375792901,Self check-in,Services
1567163416375792901,Keypad,Services
1567163416375792901,Housekeeping - available at extra cost,Services
1567163416375792901,Exterior security cameras on property,Not included
1567163416375792901,Private entrance,Not included
52845168,Bathtub,Bathroom
52845168,Hair dryer,Bathroom
52845168,Cleaning products,Bathroom
52845168,Shampoo,Bathroom
52845168,Conditioner,Bathroom
52845168,Body soap,Bathroom
52845168,Hot water,Bathroom
52845168,Essentials,Bedroom and laundry
52845168,Hangers,Bedroom and laundry
52845168,Bed linens,Bedroom and laundry
52845168,Extra pillows and blankets,Bedroom and laundry
52845168,Room-darkening shades,Bedroom and laundry
52845168,Iron,Bedroom and laundry
52845168,Clothing storage,Bedroom and laundry
52845168,Ethernet connection,Entertainment
52845168,"55 inch HDTV with Amazon Prime Video, Apple TV, Disney+, Fire TV, HBO Max, Hulu, Netflix, premium cable, standard cable",Entertainment
52845168,Books and reading material,Entertainment
52845168,Air conditioning,Heating and cooling
52845168,Portable fans,Heating and cooling
52845168,Central heating,Heating and cooling
52845168,Lock on bedroom door,Privacy and safety
52845168,Exterior security cameras on property,Privacy and safety
52845168,Smoke alarm,Privacy and safety
52845168,Carbon monoxide alarm,Privacy and safety
52845168,Fire extinguisher,Privacy and safety
52845168,First aid kit,Privacy and safety
52845168,Wifi,Internet and office
52845168,Dedicated workspace,Internet and office
52845168,Kitchen,Kitchen and dining
52845168,Refrigerator,Kitchen and dining
52845168,Microwave,Kitchen and dining
52845168,Cooking basics,Kitchen and dining
52845168,Dishes and silverware,Kitchen and dining
52845168,Mini fridge,Kitchen and dining
52845168,Freezer,Kitchen and dining
52845168,Dishwasher,Kitchen and dining
52845168,Stove,Kitchen and dining
52845168,Oven,Kitchen and dining
52845168,Hot water kettle,Kitchen and dining
52845168,Coffee maker: Keurig coffee machine,Kitchen and dining
52845168,Wine glasses,Kitchen and dining
52845168,Toaster,Kitchen and dining
52845168,Baking sheet,Kitchen and dining
52845168,Dining table,Kitchen and dining
52845168,Private entrance,Location features
52845168,Laundromat nearby,Location features
52845168,Free street parking,Parking and facilities
52845168,Paid parking off premises,Parking and facilities
52845168,Luggage dropoff allowed,Services
52845168,Long term stays allowed,Services
52845168,Self check-in,Services
52845168,Keypad,Services
52845168,Cleaning available during stay,Services
52845168,Washer,Not included
52845168,Dryer,Not included
1421935498658014936,Hair dryer,Bathroom
1421935498658014936,Shampoo,Bathroom
1421935498658014936,Conditioner,Bathroom
1421935498658014936,Body soap,Bathroom
1421935498658014936,Bidet,Bathroom
1421935498658014936,Hot water,Bathroom
1421935498658014936,Shower gel,Bathroom
1421935498658014936,Washer,Bedroom and laundry
1421935498658014936,Free dryer – In unit,Bedroom and laundry
1421935498658014936,Hangers,Bedroom and laundry
1421935498658014936,Bed linens,Bedroom and laundry
1421935498658014936,Iron,Bedroom and laundry
1421935498658014936,Clothing storage,Bedroom and laundry
1421935498658014936,TV,Entertainment
1421935498658014936,Board games,Family
1421935498658014936,Air conditioning,Heating and cooling
1421935498658014936,Heating - split type ductless system,Heating and cooling
1421935498658014936,Exterior security cameras on property,Home safety
1421935498658014936,Smoke alarm,Home safety
1421935498658014936,Carbon monoxide alarm,Home safety
1421935498658014936,Fire extinguisher,Home safety
1421935498658014936,First aid kit,Home safety
1421935498658014936,Wifi,Internet and office
1421935498658014936,Kitchen,Kitchen and dining
1421935498658014936,Refrigerator,Kitchen and dining
1421935498658014936,Microwave,Kitchen and dining
1421935498658014936,Cooking basics,Kitchen and dining
1421935498658014936,Dishes and silverware,Kitchen and dining
1421935498658014936,Dishwasher,Kitchen and dining
1421935498658014936,Samsung stainless steel gas stove,Kitchen and dining
1421935498658014936,Stainless steel single oven,Kitchen and dining
1421935498658014936,Hot water kettle,Kitchen and dining
1421935498658014936,Coffee maker,Kitchen and dining
1421935498658014936,Wine glasses,Kitchen and dining
1421935498658014936,Toaster,Kitchen and dining
1421935498658014936,Baking sheet,Kitchen and dining
1421935498658014936,Blender,Kitchen and dining
1421935498658014936,Barbecue utensils,Kitchen and dining
1421935498658014936,Dining table,Kitchen and dining
1421935498658014936,Private entrance,Location features
1421935498658014936,Private backyard,Outdoor
1421935498658014936,Fire pit,Outdoor
1421935498658014936,Outdoor furniture,Outdoor
1421935498658014936,Outdoor dining area,Outdoor
1421935498658014936,BBQ grill,Outdoor
1421935498658014936,Free street parking,Parking and facilities
1421935498658014936,Essentials,Not included
