id,price,lat,lng,name,rating,property_type,room_type,person_capacity,bedrooms,beds,bathrooms,cleanliness_rating,location_rating,value_rating,communication_rating,checkin_rating,accuracy_rating,review_count,description,city,created_at
1083605109713339980,95.2,40.73369,-73.85629,NYC Studio Masterpiece,,Entire guest suite,Entire home/apt,2,1,1,1,4.99,4.83,4.87,4.94,4.96,4.97,93,"",New York,2025-12-31 21:59:34.241893
15783071,61.8,40.78802,-74.01629,Amazing room / Nice and clean room,,Private room in home,Private room,1,1,1,1,4.93,4.64,4.87,4.81,4.93,4.85,379,"",West New York,2025-12-31 17:53:50.186742
19086522,70.2,40.77707,-74.01696,private room,,Private room in rental unit,Private room,2,1,1,1,4.9,4.75,4.8,4.91,4.87,4.89,89,"",Weehawken,2025-12-31 21:58:56.438384
1102123641767898783,147.2,40.70973,-74.00717,Near One World | Game Room. Skyline Views + Bar,,Room in hotel,Private room,2,1,1,,4.81,4.79,4.61,4.8,4.77,4.79,214,"",New York,2025-12-31 21:59:02.978396
52853265,174.4,34.09051,-118.36962,✨Conveniently located 1 bedroom in West Hollywood✨,,Private room in rental unit,Private room,1,1,1,1,4.96,4.98,4.86,5,4.97,4.97,100,"",West Hollywood,2025-12-31 23:33:22.090488
12171671,67.8,40.74865,-73.99565,Individual Cubicle Room in NYC / Mixed Floor,,Private room in hostel,Private room,1,1,1,1,4.49,4.8,4.43,4.75,4.71,4.56,910,"",New York,2025-12-31 21:54:01.304223
764578441677175829,112.4,40.8122841,-73.9439463,Bright with a sunshine atmosphere,,Private room in rental unit,Private room,2,1,1,1,4.99,4.63,4.91,4.96,4.96,4.97,94,"",New York,2025-12-31 21:59:03.484464
54068618,84.2,40.80582,-73.93971,20 min Laguardia Airport 10 min Midtown Crash Pad,,Private room in condo,Private room,1,1,1,1,4.66,4.52,4.82,4.98,4.95,4.87,269,"",New York,2025-12-31 21:58:55.936799
23876385,946,40.7545,-74.03084,Dharma | Hoboken | Homey Studio + Rooftop,,Entire rental unit,Entire home/apt,2,0,2,1,4.91,4.83,4.7,4.92,4.93,4.89,466,"",Hoboken,2025-12-31 19:41:43.377232
1410455424614185921,185.8,34.08104311017591,-118.37340384775004,Matcha room,,Private room in rental unit,Private room,4,1,1,,4.9,5,4.9,5,5,4.9,10,"",West Hollywood,2025-12-31 23:33:21.07417
49946463,113,40.71922,-73.99175,"Terracotta Room | Guest Room, Shared Bath | LES",,Private room in rental unit,Private room,2,1,1,1,4.85,4.81,4.81,4.94,4.88,4.93,220,"",New York,2025-12-31 21:58:45.858045
16580,126.4,40.72372723229208,-73.97625850509617,"Sunny, Modern room in East Village w City Views",,Private room in condo,Private room,1,1,1,1,4.79,4.75,4.72,4.81,4.81,4.86,670,"",New York,2025-12-31 21:58:54.93061
13788132,114.8,40.69602,-73.96182,"Sunny, cozy room in Brooklyn.",,Private room in rental unit,Private room,2,1,1,1,4.86,4.67,4.85,4.95,4.92,4.93,532,"",Brooklyn,2025-12-31 21:58:49.887945
1545936785090610442,179,34.09139,-118.37274,Beautiful K-Town 1BDR Hideaway,,Entire rental unit,Entire home/apt,3,1,1,1,5,5,5,4.67,4.33,5,3,"",West Hollywood,2025-12-31 23:33:20.063627
1524453622586913569,190.6,34.08864,-118.35586,Luxury 1BR Retreat Steps from The Grove,,Entire rental unit,Entire home/apt,4,1,2,1,5,5,5,5,5,5,5,"",West Hollywood,2025-12-31 23:33:18.555743
45595993,134.6,40.71958,-73.99391,138 Bowery-Studio Suite w. Dining Area,,Room in aparthotel,Entire home/apt,2,1,1,1,4.86,4.92,4.73,4.62,4.89,4.83,66,"",New York,2025-12-31 21:58:44.849664
822620155766229408,312.4,34.08777,-118.36959,WeHome For Now,,Entire guest suite,Entire home/apt,2,1,2,1,4.96,4.98,4.86,4.99,4.99,4.95,131,"",West Hollywood,2025-12-31 23:33:15.529588
1407344736645729737,113,40.74254024584122,-73.99933821890156,Serene Queen Room - Midtown,,Room in hotel,Private room,2,1,1,1,4.96,4.96,4.68,4.98,4.96,4.89,58,"",New York,2025-12-31 21:58:43.328289
1273342441543046706,169.8,34.09036419754099,-118.36168419848019,Queen Bed4 and parking,,Entire rental unit,Entire home/apt,2,0,1,1,4.5,4.7,4.4,4.87,4.87,4.77,30,"",West Hollywood,2025-12-31 23:33:21.585307
1527080220580206427,236.6,34.08937,-118.3596,Modern Luxe Apartment - Free Parking,,Entire rental unit,Entire home/apt,2,1,1,1,5,4.71,4.86,4.93,4.79,4.79,14,"",West Hollywood,2025-12-31 23:33:16.538726
1426120927322991969,167.4,34.08246,-118.37154,Master suite on Melrose,,Private room in rental unit,Private room,2,1,1,,4.79,4.86,4.71,4.71,4.93,4.86,14,"",West Hollywood,2025-12-31 23:33:17.545787
1305095293816213388,198.2,40.71,-74.00869999999999,17John: King Studio Apartment - Disability Access,,Entire rental unit,Entire home/apt,2,1,1,1,5,4.97,4.87,5,5,4.9,30,"",New York,2025-12-31 17:53:32.303747
1274819693947567069,231.8,34.0874,-118.36907,The Bungalow Suite | West Hollywood,,Entire guest suite,Entire home/apt,2,1,1,1,4.9,4.98,4.81,4.93,4.9,4.97,59,"",West Hollywood,2025-12-31 23:33:17.041635
1493745390107438462,236.8,34.08684,-118.37314,Luxury Hollywood Retreat with Premium Amenities,,Entire rental unit,Entire home/apt,4,1,1,1,5,4.75,4.75,4.75,4.5,4.75,4,"",West Hollywood,2025-12-31 23:33:18.05071
34705719,81,40.80738,-73.95542,Cozy Bedroom w/bathroom near Columbia University!,,Private room in rental unit,Private room,2,1,1,,4.84,4.73,4.75,4.87,4.82,4.81,349,"",New York,2025-12-31 21:58:53.406448
47906957,68,40.65565,-73.91309,East Flatbush Home Hidden Brooklyn Gem,,Private room in rental unit,Private room,2,1,2,1,4.8,4.58,4.79,4.92,4.89,4.87,428,"",Brooklyn,2025-12-31 21:58:58.951836
837213410815312557,133.4,40.7636073,-73.9922156,Immaculate Room in Times Square’s heart!,,Private room in rental unit,Private room,2,1,1,1,4.92,4.92,4.84,4.95,4.95,4.89,170,"",New York,2025-12-31 21:58:46.864607
752124417745502491,186.6,40.71837,-73.99073,Kasa Lantern LES | King Room w/ Kitchenette,,Entire rental unit,Entire home/apt,2,0,1,1,4.86,4.76,4.61,4.83,4.9,4.84,211,"",New York,2025-12-31 17:54:34.860839
1209671786175519832,72.8,40.7983381,-74.0056725,Cozy Studio w/ private entrance and bathroom!,,Entire home,Entire home/apt,3,1,2,1,4.87,4.81,4.74,4.95,4.91,4.9,120,"",North Bergen,2025-12-31 17:55:21.180758
48200657,191.8,34.10692,-118.37122,Hollywood Hills Guest Suite+Views+Outdoor Patio,,Entire guest suite,Entire home/apt,2,1,1,1,4.98,4.98,4.92,5,4.94,4.94,53,"",Los Angeles,2025-12-31 23:33:27.645621
1388789584336850981,382,40.794355,-74.0091831,Sunny & Cozy Private Studio – Fast NYC Access!,,Entire home,Entire home/apt,2,1,1,1,4.87,4.69,4.75,4.92,4.95,4.92,61,"",Guttenberg,2025-12-31 17:54:15.299626
6166826,140.4,34.1238088405444,-118.36226831764901,Beautiful House in Hollywood Hills,,Private room in home,Private room,2,1,1,,4.95,4.94,4.96,5,4.99,4.97,242,"",Los Angeles,2025-12-31 23:33:31.19123
946746350267352525,290,40.72586,-74.06368,"Hotel-Style– No Host, Professionally Managed ID262",,Private room in rental unit,Private room,2,1,1,1,4.88,4.6,4.63,4.85,4.97,4.73,60,"",Jersey City,2025-12-31 17:56:22.35606
15115382,113.6,40.67764,-73.94803,Guestroom in Landmark Bklyn Brownstone,,Private room in guest suite,Private room,2,0,1,,4.89,4.8,4.91,4.96,4.93,4.96,634,"",Brooklyn,2025-12-31 21:59:07.011946
8230919,168.4,34.087711334228516,-118.37861633300781,Heart of Weho Bubble #STR24-0021,,Private room in condo,Private room,2,1,1,,4.99,4.98,4.94,4.98,4.94,4.97,258,"",West Hollywood,2025-12-31 23:33:24.1189
49951454,86.6,40.6961,-73.93036,"Bushwick bedroom, Shared space with Host (1)",,Private room in rental unit,Private room,2,1,1,1,4.88,4.5,4.82,4.85,4.87,4.85,195,"",Brooklyn,2025-12-31 21:59:08.521393
1551346502888454090,998,40.73997,-73.98423,Prime NoMad Stay with Balcony + Free Breakfast,,Room in hotel,Private room,2,1,1,1,,,,,,,,"",New York,2025-12-31 19:50:52.249914
1532754392237645472,169.2,40.73151,-73.98954,Room selected by hotel,,Room in hotel,Private room,2,1,1,,5,5,5,5,5,5,1,"",New York,2025-12-31 21:59:06.509209
4152752,702,40.76377541830768,-73.99046821837572,Location is Everything!,,Private room in rental unit,Private room,2,1,1,1,4.85,4.95,4.82,4.96,4.96,4.9,757,"",New York ,2025-12-31 17:53:58.267381
1547351086225719000,222.2,34.08882,-118.3829,Luxury West Hollywood Beverly Hills apartment,,Entire rental unit,Entire home/apt,3,1,1,1,4.5,5,4.5,5,5,4.75,4,"",West Hollywood,2025-12-31 23:33:25.12713
16430087,90.2,40.79606,-73.99892,Visit NYC w/ budget & free garage parking,,Entire rental unit,Entire home/apt,4,1,1,1,4.74,4.84,4.77,4.93,4.93,4.84,616,"",North Bergen,2025-12-31 17:55:32.783082
5760160,124,34.10485,-118.37296,Hollywood Hills Guest House,,Private room in guest suite,Private room,2,1,1,,4.64,4.83,4.69,4.88,4.92,4.79,395,"",Los Angeles,2025-12-31 23:33:26.134295
30105493,182.6,34.10289,-118.35971,Private Artist Studio,,Entire guest suite,Entire home/apt,2,1,1,1,4.98,4.94,4.89,4.98,4.99,4.97,193,"",Los Angeles,2025-12-31 23:33:29.163375
897191045434321961,105.8,40.6758235,-73.9612503,Everything's Close! Private Room in Brooklyn HUB!,,Private room in rental unit,Private room,1,1,1,1,4.75,4.92,4.95,5,4.95,4.97,97,"",Brooklyn,2025-12-31 21:59:10.538859
1305094445506176270,235,40.71,-74.00869999999999,17John: Deluxe King Studio Apartment,,Entire rental unit,Entire home/apt,2,1,1,1,4.94,4.88,4.78,4.94,4.95,4.91,279,"",New York,2025-12-31 17:54:11.28385
1381556544898698656,158,34.09056501708674,-118.34478128031323,Bright and Modern K-Town 1 BDR,,Entire rental unit,Entire home/apt,3,1,1,1,4.7,4.83,4.83,5,4.87,5,23,"",West Hollywood,2025-12-31 23:33:23.104156
13813731,421,40.67826,-73.92691,Private Room in Charming Bedstuy,,Private room in townhouse,Private room,2,1,1,1,4.87,4.55,4.78,4.87,4.86,4.82,282,"",Brooklyn,2025-12-31 17:55:09.760626
1393729124879349876,375,40.79595995502698,-74.01058874475206,New private studio w/private bathroom!,,Private room in home,Private room,2,1,1,,4.98,4.73,4.85,4.98,4.97,4.97,59,"",North Bergen,2025-12-31 17:55:43.79517
1359627648745653844,59.8,40.796247926740804,-73.99798381566424,Convenient & cozy room near NYC,,Private room in home,Private room,1,1,1,2,4.81,4.7,4.7,4.92,4.95,4.86,37,"",North Bergen,2025-12-31 17:55:16.870537
1566996074462617006,105.4,40.69776225662339,-73.92432843456675,Flower: TV WiFi M&L Train Heat Netflix,,Private room in rental unit,Private room,1,1,1,1,5,4.67,5,5,5,5,3,"",Brooklyn,2025-12-31 21:59:11.043189
50032602,142.8,40.68712,-73.94687,Lovely room w/king bed in shared garden duplex.,,Private room in condo,Private room,2,1,1,1.5,4.95,4.78,4.89,4.99,4.99,4.95,351,"",Brooklyn,2025-12-31 21:59:11.549485
1105531878875307358,129.4,40.76466401553497,-73.98921371421467,The Jungle Wild Luxe Room.,,Private room in rental unit,Private room,2,1,1,1,4.76,4.92,4.69,4.65,4.77,4.69,75,"",New York,2025-12-31 21:59:04.996423
1157321297978459399,114.8,40.71235,-73.95917,Simple Bedroom in Prime Brooklyn,,Private room in rental unit,Private room,2,1,1,1,4.84,4.81,4.84,5,4.96,4.88,67,"",Brooklyn,2025-12-31 21:59:13.061142
842710704051634071,1170,40.76043739676244,-73.96453347672345,Cozy + Convenient Midtown 2Bedroom Condo!,,Entire condo,Entire home/apt,4,2,2,1,4.82,4.87,4.75,4.85,4.96,4.85,100,"",New York,2025-12-31 18:24:29.348431
1319757062259613424,295,40.71909,-74.06693,"Hotel-Style– No Host, Professionally Managed ID273",,Private room in rental unit,Private room,2,1,1,1,4.64,4.36,4.73,5,5,5,11,"",Jersey City,2025-12-31 18:23:20.716338
1516700100033014957,433,40.77568957761813,-74.01907527969107,Master room with a private bathroom,,Private room in rental unit,Private room,2,1,1,,4.83,4.83,4.83,5,5,4.83,6,"",Union City,2025-12-31 18:22:10.027595
13902725,146.2,40.75757,-73.98962,There's a reason this room has a 5-star rating.,,Private room in rental unit,Private room,2,1,1,1,4.88,4.99,4.83,4.99,4.93,4.96,151,"",New York,2025-12-31 21:58:57.94691
1551891234387394807,95.6,40.66606,-73.88737,"Modern, Clean Room w/ Dedicated Bath",,Private room in home,Private room,1,1,1,,5,4.75,4.88,5,5,4.88,8,"",Brooklyn,2025-12-31 18:23:55.766154
1529862229950417023,91,40.66433,-73.8866,"Modern, Cozy Room w/ Dedicated Bath",,Private room in home,Private room,1,1,1,,5,4.7,4.8,4.9,5,5,10,"",Brooklyn,2025-12-31 18:23:03.026288
30492727,131.4,34.111450831716006,-118.33139663851728,"Hollywood paradise studio in house,own entrance",,Entire home,Entire home/apt,2,1,1,1,4.93,4.92,4.8,4.95,4.97,4.89,605,"",Los Angeles,2025-12-31 23:33:32.206059
52845168,42.2,40.90527,-73.78155,Cozy Room #2 | New Rochelle | Near NYC,,Private room in rental unit,Private room,2,1,1,2,4.86,4.8,4.91,4.96,4.95,4.91,152,"",New Rochelle,2025-12-31 18:22:47.827417
704610101267844712,351,40.791,-74.00287,Cheerful Private Bedroom Just 30min to Manhattan,,Private room in home,Private room,2,1,1,1,4.79,4.75,4.82,4.87,4.95,4.89,199,"",Guttenberg,2025-12-31 18:23:28.111957
1424325366150488978,222.6,34.09513979186712,-118.34394225324596,"King Bed, Secured Parking, Gym, Pool, Jacuzzi",,Entire rental unit,Entire home/apt,2,1,1,1,5,4.92,4.97,5,4.84,4.97,37,"",West Hollywood,2025-12-31 23:33:33.718953
42075992,338,40.74537,-74.05142,"Newly renovated, Clean & Close to NYC",,Private room in home,Private room,1,1,1,1,4.83,4.69,4.76,4.95,4.94,4.88,270,"",Jersey City,2025-12-31 18:24:10.609883
1177449988217037376,99.6,40.61881,-74.0323824,City Base: Convenient Studio in Bay Ridge,,Entire rental unit,Entire home/apt,2,0,1,1,4.57,4.72,4.57,4.94,4.9,4.54,67,"",Brooklyn,2025-12-31 18:23:41.082918
1363031720625577626,60.8,40.79598612405572,-74.00006476370926,Cozy private room near NYC,,Private room in home,Private room,1,1,1,2,4.91,4.87,4.82,4.91,4.91,4.82,45,"",North Bergen,2025-12-31 18:22:40.420651
52846109,42.2,40.90742,-73.78217,Cozy Room #3 | New Rochelle | Near NYC,,Private room in rental unit,Private room,2,1,1,2,4.78,4.81,4.91,4.89,4.91,4.89,139,"",New Rochelle,2025-12-31 18:22:30.176666
1383534710447097074,243.6,34.1084,-118.37792,"""Casa Lily of Laurel Canyon""",,Entire home,Entire home/apt,2,1,1,1,5,5,4.71,4.86,4.93,4.93,14,"",Los Angeles,2025-12-31 23:33:31.703131
20014072,57.4,40.8509,-73.86054,Private room by Stella,,Private room in home,Private room,1,1,1,1.5,4.91,4.71,4.95,4.96,4.93,4.95,183,"",Bronx,2025-12-31 18:24:26.567195
8152916,603,40.84403,-73.93424,"Bright, Spacious, Classic Apt! Gen. Check-In/Out",,Private room in condo,Private room,2,1,1,1,4.91,4.57,4.89,4.95,4.96,4.95,282,"",New York,2025-12-31 18:23:29.886426
801336,152.6,34.00236,-118.47622,B&B Walk to Beach - Breezy Homebase,,Private room in condo,Private room,2,1,1,,4.84,4.94,4.87,4.98,4.97,4.95,672,"",Santa Monica,2025-12-31 23:33:35.733491
1359614298478862830,309,40.79686902982776,-73.99935100854621,Convenient private room near NYC,,Private room in home,Private room,1,1,1,2,4.73,4.73,4.8,4.95,4.95,4.86,44,"",North Bergen,2025-12-31 18:23:49.117223
968356497739578739,1047,40.726500887879446,-74.00589303831433,Charming studio in heart of SoHo,,Entire rental unit,Entire home/apt,2,1,1,1,4.89,4.99,4.76,4.97,4.82,4.85,79,"",New York,2025-12-31 18:22:54.726219
827423328399331714,137.8,40.68401005914049,-73.9189410834283,Cozy BedStuy  Brownstone,,Entire guest suite,Entire home/apt,2,1,1,1,4.97,4.83,4.76,4.9,4.91,4.82,94,"",Brooklyn,2025-12-31 21:59:19.62901
1233741840559332037,77.2,40.83509,-73.91162,Cozy modern room/ Budget Friendly in Bronx,,Private room in home,Private room,2,1,1,1,4.6,4.61,4.73,4.87,4.9,4.75,89,"",Bronx,2025-12-31 18:22:37.132125
710125502337453435,375,40.79212,-74.00737,"Travelers Gem in a Stylish Rowhouse, 20 min to NYC",,Private room in townhouse,Private room,2,1,1,1,4.91,4.65,4.76,4.96,4.88,4.9,89,"",West New York,2025-12-31 18:23:38.68407
1304829733458297120,60.2,40.744587305759886,-74.04712904510085,Private room 06 in Jersey city,,Private room in rental unit,Private room,2,1,1,2,4.87,4.65,4.87,5,5,4.96,23,"",Jersey City,2025-12-31 18:23:53.28081
30715051,546,40.7712,-74.0248,Minutes to Midtown Manhattan,,Entire condo,Entire home/apt,2,0,1,1,4.78,4.71,4.8,4.83,4.85,4.81,300,"",Weehawken,2025-12-31 18:22:56.283371
1314654084272097211,320,40.75322198619165,-74.045739859868,"Hotel-Style– No Host, Professionally Managed ID299",,Private room in rental unit,Private room,3,1,1,1,4.84,4.84,4.68,5,4.89,4.84,19,"",Jersey City,2025-12-31 17:56:15.527651
31960036,695,40.7889,-74.00608,Cozy  1BR Retreat | 20 mins to NYC!,,Entire rental unit,Entire home/apt,4,1,2,1,4.93,4.81,4.91,4.94,4.97,4.95,453,"",West New York,2025-12-31 19:41:48.507039
1361211388455895171,358,40.79732,-74.00366,"Traveler friendly,private room,20 mins to NYC",,Private room in home,Private room,1,1,1,1,4.78,4.81,4.76,4.86,4.92,4.86,37,"",North Bergen,2025-12-31 18:24:35.161385
22109870,103.2,40.73728,-73.924853,Sunshine Dream Room in Private House 4 Avid Guests,,Private room in home,Private room,2,1,1,1,4.81,4.86,4.96,4.99,4.98,4.95,155,"",Queens,2025-12-31 21:59:22.666296
1161993018569444905,375,40.7896106,-74.0034162,"Cozy Private Room, 20 mins to Manhattan!",,Private room in home,Private room,2,1,1,1,4.84,4.78,4.66,4.95,4.96,4.78,101,"",West New York,2025-12-31 18:24:55.324826
1420567450295344151,513,40.76344,-74.04445,Accessible•Street Level•1 Parking•Washer & Dryer,,Entire rental unit,Entire home/apt,2,0,1,1,4.96,4.92,4.9,4.94,4.92,4.92,51,"",North Bergen,2025-12-31 18:25:29.922891
1393726230567032807,345,40.79690663136216,-74.01087838584985,Simple & Comfortable Stay in a Shared Apartment!,,Private room in home,Private room,2,1,1,1,4.88,4.58,4.7,4.96,4.96,4.86,50,"",North Bergen,2025-12-31 18:25:36.952267
1317757101543582726,514,40.76062617468165,-74.05047909637909,#2 - King Bed in Cozy Private Studio Suite,,Entire rental unit,Entire home/apt,4,1,2,1,4.97,4.83,4.88,5,4.96,4.99,69,"",North Bergen,2025-12-31 18:26:58.886937
1207148805164324844,353,40.7863,-74.00535,(11) the best skyline,,Private room in home,Private room,2,1,1,1.5,4.68,4.75,4.66,4.82,4.91,4.71,56,"",West New York,2025-12-31 18:25:44.072649
8055721,97.2,40.68879,-73.92859,Private Garden View Room in Brownstone Near Subway,,Private room in townhouse,Private room,2,1,1,2,4.79,4.64,4.85,4.95,4.97,4.93,635,"",Brooklyn,2025-12-31 18:25:55.028233
1453121226394001563,44.8,34.01557,-118.39328,New Garage Room in Medit. House,,Private room in home,Private room,2,1,1,1.5,4.48,4.7,4.61,4.85,4.79,4.64,33,"",Culver City,2025-12-31 23:33:37.747918
1011109092602276032,65.4,40.79826,-74.00568,New fully furnished private bedroom!,,Private room in home,Private room,2,1,1,1,4.9,4.72,4.75,4.98,4.97,4.94,109,"",North Bergen,2025-12-31 18:24:40.615118
924600,68,40.68838398698687,-73.93455910435819,"Sunny, private room in Brooklyn!",,Private room in rental unit,Private room,1,1,1,1,4.79,4.6,4.85,4.9,4.93,4.87,200,"",Brooklyn,2025-12-31 18:26:57.283764
1310278530949544799,375,40.7982844497286,-74.01769869260373,1.2 time square 25 min-MetLife Stadium 20 min,,Private room in rental unit,Private room,4,1,3,1,5,4.73,4.87,4.91,4.89,4.96,56,"",North Bergen,2025-12-31 19:41:53.796892
1127656056268893557,79.8,40.73159,-73.7942,Cozy private bedroom with bathroom in NYC,,Private room in home,Private room,1,1,1,,4.97,4.79,4.93,4.99,5,5,108,"",Queens,2025-12-31 21:59:21.658731
43315235,170.8,40.71962,-73.9939,138 Bowery-Classic Studio,,Room in aparthotel,Entire home/apt,2,0,1,1,4.81,4.87,4.74,4.6,4.86,4.91,78,"",New York,2025-12-31 18:24:44.325867
1177429576159372498,97.8,40.61881,-74.03238,Vibrant Bay Ridge Studio: Close to Everything,,Entire rental unit,Entire home/apt,4,0,2,1,4.7,4.79,4.7,4.95,4.89,4.74,96,"",Brooklyn,2025-12-31 18:25:34.162585
738808066933887303,184.8,34.016396573668246,-118.4918081043028,"Heart of DT SM Studio, Walk To Beach & Pier",,Entire serviced apartment,Entire home/apt,2,1,1,1,4.92,4.95,4.8,4.98,4.96,4.97,106,"",Santa Monica,2025-12-31 23:33:38.250968
1153108393676400179,64,40.69305,-74.08747,Charming Bedroom 5 min walk to the train to NYC D,,Private room in rental unit,Private room,2,1,1,1,4.85,4.69,4.84,4.95,4.89,4.93,55,"",Jersey City,2025-12-31 18:25:02.991911
1121728149508963756,293,40.71402,-74.07456,"Hotel-Style– No Host, Professionally Managed ID289",,Private room in rental unit,Private room,2,1,1,2,4.91,4.33,4.48,5,4.94,4.88,33,"",Jersey City,2025-12-31 18:25:20.644122
1526362827812038016,256.2,34.01182,-118.49411,Pierside King,,Room in hotel,Private room,2,1,1,,4.8,4.96,4.68,4.68,4.84,4.84,25,"",Santa Monica,2025-12-31 23:33:38.753117
565430340731534459,636,40.77873,-74.02541,Work and Relax 1BR Condo 15 Min from NYC,,Entire condo,Entire home/apt,3,1,2,1,4.97,4.73,4.78,4.95,4.92,4.94,108,"",Union City,2025-12-31 18:26:11.319562
890578160748025477,528,40.67866,-73.96188,Comfy Room in Central Brooklyn,,Private room in rental unit,Private room,1,1,1,1,4.8,4.7,4.68,4.95,4.93,4.89,88,"",Brooklyn,2025-12-31 18:26:03.080495
1445866841793395391,400,40.6502181,-74.1263025,Peaceful urban oasis near NYC,,Entire rental unit,Entire home/apt,2,1,1,1,4.68,4.79,4.74,4.89,4.89,4.58,19,"",Bayonne,2025-12-31 18:25:24.050282
1449333582048837621,537,40.77351,-74.02811,Quiet Corner Studio • Steps to NYC Bus,,Entire rental unit,Entire home/apt,2,0,1,1,4.61,4.71,4.75,4.82,4.82,4.79,28,"",Union City,2025-12-31 18:26:27.25322
572530913771194520,602,40.655579,-73.931503,"Adorable studio, cozy & newly renovated",,Private room in guest suite,Private room,2,1,2,,4.91,4.33,4.65,4.92,4.93,4.82,209,"",Brooklyn,2025-12-31 18:25:06.410062
1393719303728971026,336,40.79701832491491,-74.01086286600454,"Peaceful Room in Shared Flat, Close to NYC!",,Private room in home,Private room,2,1,1,1,4.91,4.75,4.74,4.96,4.98,4.92,54,"",North Bergen,2025-12-31 18:25:39.695813
1177473168936527770,105,40.61881,-74.03238,Sleek Urban Studio: Experience NYC in Bay Ridge,,Entire rental unit,Entire home/apt,2,0,1,1,4.64,4.71,4.6,4.93,4.89,4.64,96,"",Brooklyn,2025-12-31 18:24:36.982176
1572320521933195056,114,34.09001,-118.3903,Hollywood Pink Suite • Private Bath • Walk of Fame,,Private room in townhouse,Private room,2,1,1,,5,5,5,5,5,5,3,"",West Hollywood,2025-12-31 23:39:21.352794
16430248,451,40.79821,-74.00374,Best deal to visit NYC,,Entire home,Entire home/apt,4,1,3,1,4.75,4.74,4.81,4.94,4.95,4.87,494,"",North Bergen,2025-12-31 18:27:54.269098
708784876021513580,493,40.79452702991579,-73.94585912667414,HUGE RM Manhattan Near Metro & Central Park Walkup,,Private room in rental unit,Private room,2,1,2,1,4.74,4.73,4.87,4.98,4.97,4.94,190,"",New York,2025-12-31 18:29:14.055494
8873479,763,40.73560575436411,-73.98182548191754,Beautiful modern room with private bathroom,,,,,,,,,,,,,,,"","",2025-12-31 18:28:03.413352
31513692,419,40.80936,-73.93105,Small Private Bedroom-Great Location in Manhattan,,Private room in rental unit,Private room,1,1,1,1,4.45,4.76,4.86,4.95,4.92,4.84,100,"",New York,2025-12-31 18:27:43.589678
965836734967050413,127.6,40.68238,-73.93672,"Bedroom in brownstone near subway,private bathroom",,Private room in home,Private room,2,1,1,,4.96,4.89,4.77,4.94,4.94,4.92,53,"",Brooklyn,2025-12-31 18:28:15.171044
1545780467549214924,118,40.7576,-73.91209,Cozy and Bright Bedroom with 2 Shared Bathrooms,,Private room in rental unit,Private room,1,1,1,2,5,5,4.75,5,5,5,4,"",Queens,2025-12-31 21:59:26.699839
1542743365902195247,817,40.75612,-73.99174,Luxe finishes and accessible features,,Room in hotel,Private room,4,1,,,5,5,5,5,5,5,1,"",New York,2025-12-31 18:29:20.11853
1577810983034771791,135,34.06259,-118.37219,"The Grove, LA",,Entire rental unit,Entire home/apt,2,1,1,1,,,,,,,,"",Beverly Hills,2025-12-31 23:42:35.120342
1574378936697932937,119.4,34.09169,-118.38946,Hollywood Boho Suite • Private Bath • Walk of Fame,,Private room in townhouse,Private room,2,1,1,,5,5,5,5,5,5,5,"",West Hollywood,2025-12-31 23:42:34.614743
1041477525563744772,71,40.7666176515075,-73.92840390854026,Bright room in heart of Astoria,,Private room in home,Private room,2,1,1,1,4.73,4.83,4.7,4.97,5,4.83,30,"",Queens,2025-12-31 21:58:47.87636
1054669444835087590,71.6,40.78939,-74.00378,“Modern Private Room. 20 mins from Port Authority”,,Private room in home,Private room,2,1,1,1,4.88,4.83,4.93,4.95,4.98,4.9,41,"",West New York,2025-12-31 17:55:46.952269
1210454298134395825,354,40.79483,-74.01468,Bright and Spacious Room 15-30 Mins from NYC,,Private room in home,Private room,2,1,1,1,4.83,4.83,4.88,4.98,4.93,4.93,41,"",Guttenberg,2025-12-31 18:29:00.33613
984681401887658062,725,40.74456,-74.02698,Hoboken Haven – Heart of town!,,Entire condo,Entire home/apt,3,1,1,1,4.91,4.99,4.89,5,5,4.96,138,"",Hoboken,2025-12-31 18:28:44.225397
1005914845377005142,168.4,34.09768,-118.31752,Kasa Sunset | Deluxe King Studio in Hollywood,,Entire serviced apartment,Entire home/apt,2,0,1,1,4.91,4.83,4.82,4.88,4.94,4.9,304,"",Los Angeles,2025-12-31 23:33:29.672922
783202,989,40.73277,-74.00267,Charming First Floor Village Apt off Bleecker,,Entire rental unit,Entire home/apt,4,1,3,1,4.68,4.98,4.72,4.81,4.85,4.75,434,"",New York,2025-12-31 18:29:28.177996
29080678,544,40.77767,-74.03568,1BR 15min(4ppl)NYC/1Car/5min American Dream Mall!,,Entire condo,Entire home/apt,4,1,2,1,4.93,4.72,4.9,4.97,4.92,4.94,368,"",North Bergen,2025-12-31 18:29:07.270216
1325325489513574664,497,40.90894,-73.97568,"NYC-Nearby, Free Parking, Clean & Cozy APT",,Entire rental unit,Entire home/apt,2,1,1,1,4.89,4.74,4.69,4.97,4.83,4.74,35,"",Englewood,2025-12-31 18:29:32.130218
1027022256226682028,579,40.78940926271759,-74.00342915207148,Cozy Flat near NYC,,Entire condo,Entire home/apt,4,1,1,1,4.88,4.83,4.89,5,4.92,4.89,76,"",West New York,2025-12-31 17:55:13.036104
8281045,64.4,40.76006,-74.04086,"Simple room, in Host’s home. (Female ONLY)",,Private room in condo,Private room,1,1,1,1,4.94,4.57,4.89,4.92,4.84,4.94,63,"",Union City,2025-12-31 18:28:29.999587
1297822453324252559,127.2,40.6724118,-73.8811185,* Brooklyn Private Suite *,,Entire rental unit,Entire home/apt,2,1,1,1,4.71,4.69,4.8,5,5,4.94,35,"",Brooklyn,2025-12-31 18:29:39.880864
1115471563998250173,104,40.76572,-73.91685,Best located private bedroom in Astoria!,,Private room in rental unit,Private room,2,1,,1,4.92,4.94,4.96,4.97,4.96,4.96,71,"",Queens,2025-12-31 21:59:29.717696
1380653801422991291,140.6,40.75119,-73.89121,"Prime location w/ parking, 10 min to LGA & subway",,Private room in home,Private room,2,1,1,,5,4.98,5,5,4.98,4.98,62,"",Queens,2025-12-31 21:59:29.214899
1021965378817390715,93.6,40.6660982,-73.8931984,"Modern NYC Stay:NearAirports,2 min walk to subway",,Private room in home,Private room,2,1,1,2,4.82,4.67,4.87,4.96,4.93,4.91,180,"",Brooklyn,2025-12-31 19:53:00.045964
815206410272939264,180.2,34.02257,-118.46665,Cozy Bungalow Oasis | Sleeps 3,,Entire rental unit,Entire home/apt,3,1,,1,4.92,4.89,4.86,4.96,4.96,4.95,168,"",Santa Monica,2025-12-31 23:42:37.13469
1349486556345255494,245,34.08263,-118.38643,Beverly Center lovely neighbor,,Entire rental unit,Entire home/apt,2,1,1,1,4.86,4.76,4.62,4.34,4.17,4.62,29,"",West Hollywood,2025-12-31 23:42:35.626731
1502499830496127121,703,40.79042,-74.00366,Modern Condo Near NYC Skyline + Free Parking,,Entire rental unit,Entire home/apt,4,1,2,1,5,4.92,5,4.92,4.96,5,26,"",Guttenberg,2025-12-31 18:27:45.631585
1555804998521226300,369,40.8055487,-73.9934079,"Bright, spacious room just 20 minutes from NYC!",,Private room in rental unit,Private room,2,1,1,1,4.77,4.85,4.77,4.85,4.77,4.85,13,"",North Bergen,2025-12-31 18:27:39.274919
1095018491084238599,1137,40.762157531396625,-73.98716248732148,New Hotel in the Heart of Times Square | City View,,Room in hotel,Private room,4,0,2,,4.85,4.9,4.56,4.76,4.86,4.81,171,"",New York,2025-12-31 19:40:42.27687
1452459651028581483,486,40.772123089998566,-74.01825257614381,Giant room 10 min from NYC,,Private room in home,Private room,2,1,1,2,4.85,5,4.96,4.96,4.96,4.96,27,"",Weehawken Township,2025-12-31 19:40:49.429741
1101470215361697223,1560,40.76537,-73.97917,Steps to Central Park | Rooftop Bar. Gym. Dining.,,Room in hotel,Private room,2,1,1,,4.84,4.94,4.67,4.81,4.87,4.77,293,"",New York,2025-12-31 19:39:25.344585
1542743359626510019,979,40.75612,-73.99174,Refined style and dedicated workspace,,Room in hotel,Private room,4,1,,,4.67,5,5,5,5,5,3,"",New York,2025-12-31 19:41:36.227903
1388617371798467387,364,40.794355,-74.0091831,Sunny Private Room w/ Bathroom – Fast NYC Access!,,Private room in home,Private room,2,1,1,,4.86,4.68,4.74,4.94,4.92,4.84,50,"",Guttenberg,2025-12-31 18:23:24.25091
1543571779317375865,327,40.717000478920994,-74.08933324285076,Spacious Room w Balcony |5 mins to Train|Near Café,,Private room in home,Private room,2,1,1,1,5,5,5,5,5,5,1,"",Jersey City,2025-12-31 18:29:58.025008
1388743231740997415,377,40.794355,-74.0091831,Charming Private Room with Easy NYC Access!,,Private room in home,Private room,2,1,1,1,4.75,4.59,4.89,4.98,4.98,4.8,44,"",Guttenberg,2025-12-31 19:42:09.228378
25619849,714,40.72598,-73.97582,Welcome to YURT -- comfy room in East Village,,Private room in rental unit,Private room,2,1,1,2,4.68,4.82,4.71,4.92,4.84,4.85,73,"",New York,2025-12-31 18:30:14.676232
1111072720693755574,1211,40.783232832895514,-73.98015268980461,Quiet Escape | Times Square. Sightseeing,,Room in hotel,Private room,2,1,1,1,4.8,4.94,4.62,4.93,4.84,4.76,100,"",New York,2025-12-31 19:42:02.399657
1122580872375918944,640,40.76764,-74.03747,WORLD CUP + minutes to NYC,,Entire rental unit,Entire home/apt,3,1,1,1,4.96,4.78,4.79,4.96,4.9,4.93,68,"",Union City,2025-12-31 18:29:52.106343
1480429953620865698,341,40.79757,-74.01517,Blush & Breeze Private Room-20 mins to Manhattan,,Private room in home,Private room,2,1,1,1,4.88,4.5,4.69,4.94,4.88,4.81,16,"",North Bergen,2025-12-31 19:43:07.253053
1108082653379426204,191,40.75575514804686,-73.98740612160151,Tropical Oasis | Times Square. Heated Pool,,Room in hotel,Private room,2,1,1,1,4.93,4.93,4.71,4.91,4.9,4.87,215,"",New York,2025-12-31 21:58:46.361622
51241506,195,40.7554979277539,-73.96981905720087,Penthouse Studio East 50s with Roof Terrace,,Private room in condo,Private room,2,1,1,,4.95,4.97,4.88,4.99,4.97,4.96,333,"",New York,2025-12-31 19:40:54.401775
1104472941469620295,100.6,40.64423754733866,-73.95802524629407,Cozy room in Central Brooklyn,,Private room in home,Private room,2,1,1,1,4.88,4.67,4.93,4.99,4.99,4.96,138,"",Brooklyn,2025-12-31 18:30:30.311467
1176169782467978285,428,40.75271,-74.04409,"Hotel-Style– No Host, Professionally Managed ID298",,Private room in rental unit,Private room,3,1,1,1,4.92,4.76,4.78,4.9,4.96,4.9,50,"",Jersey City,2025-12-31 18:30:45.272863
1111609937553723816,1103,40.76256,-73.98309,Italian Flair | Sightseeing. Restaurant,,Room in hotel,Private room,2,1,1,1,4.95,5,4.81,4.89,4.92,4.92,38,"",New York,2025-12-31 19:39:16.195572
1375362734541224557,1365,40.7620076,-73.9613983,Spacious Studio with Charming Juliet Balcony,,Entire rental unit,Entire home/apt,2,1,1,1,4.89,4.8,4.74,4.93,4.97,4.87,91,"",New York,2025-12-31 19:42:15.147881
805101174500101207,464,40.7541,-74.0476,The JC CozyHome - Guest Favorite! Minutes to NYC,,Private room in condo,Private room,2,1,1,1,4.86,4.78,4.83,4.94,4.93,4.92,118,"",Jersey City,2025-12-31 18:30:04.690218
1544253294841494056,938,40.755045,-73.988031,Run of House,,Room in hotel,Private room,2,1,,,5,5,5,5,5,5,1,"",New York,2025-12-31 19:39:48.843517
1559772789206691937,347,40.7936102,-74.0106636,Cozy Private Room w/Private Bathroom. Close to NYC,,Private room in home,Private room,2,1,1,,5,4.67,5,4.67,4.67,5,3,"",West New York,2025-12-31 19:41:22.377782
1318261047321763717,942,40.75454726792955,-73.98182730040442,Midtown Studio - Prime Location,,Room in hotel,Private room,2,1,1,,5,5,4.8,4.95,5,5,20,"",New York,2025-12-31 19:41:20.384977
1055102817407551734,368,40.78935672516184,-74.00496589047651,"Luxury Room A in West New York, NJ",,Private room in home,Private room,2,1,1,1,4.88,4.75,4.75,5,5,5,8,"",West New York,2025-12-31 19:42:51.589215
1542742764891211372,969,40.75612,-73.99174,ADA-appointed room with modern amenities,,Room in hotel,Private room,2,1,,,4.67,5,5,5,4.67,5,3,"",New York,2025-12-31 19:39:54.427286
1166118086665626216,128.8,40.79077,-73.977953,"Huge Private Room, Closet, Bathroom and Office",,Private room in rental unit,Private room,2,1,1,,4.72,4.91,4.7,4.86,4.88,4.79,43,"",New York,2025-12-31 21:58:58.449279
1491324701840057798,1043,40.75181,-73.98406,Hotel Hendricks - Chic Queen City Escape,,Room in hotel,Private room,2,1,1,,4.91,4.91,4.57,4.79,4.88,4.77,56,"",New York,2025-12-31 19:39:52.013196
1310510466563097091,375,40.79717158984157,-74.01647224535301,2.3 time square 25 min-MetLife Stadium 20 min,,Private room in rental unit,Private room,3,1,2,1,4.98,4.49,4.71,4.84,4.82,4.8,49,"",North Bergen,2025-12-31 19:43:00.147042
8055778,73.8,40.68886,-73.92871,Classic Elegance in Brownstone Near Subway,,Private room in townhouse,Private room,1,1,1,2,4.78,4.63,4.86,4.96,4.98,4.91,741,"",Brooklyn,2025-12-31 19:44:17.063512
1282200771985627965,346,40.820648616587405,-73.99616948011405,Awesome Large Bedroom Near NYC,,Private room in rental unit,Private room,2,1,1,1,4.85,4.75,4.9,4.9,4.9,4.94,52,"",Fairview,2025-12-31 19:44:02.358696
834008038484975991,725,40.74587,-74.02858,City stay in Hoboken - spacious,,Entire condo,Entire home/apt,4,1,1,1,4.94,4.98,4.91,4.99,5,4.98,163,"",Hoboken,2025-12-31 19:46:32.957301
1440492343478263869,,34.08501,-118.38994,Hollywood Cozy Retreat,,Private room in rental unit,Private room,2,1,1,,4.77,4.87,4.9,5,4.97,4.87,31,"",Beverly Hills,2025-12-31 23:56:30.571727
1547408134803705056,434,40.78770970000001,-74.0075822,(22) the Big apple room,,Private room in rental unit,Private room,2,1,1,1,5,5,5,5,5,5,4,"",West New York,2025-12-31 19:44:47.675975
1523479926217161224,375,40.78782,-74.02923,Habitación,,Private room in home,Private room,2,1,1,,4.92,4.92,4.92,4.92,4.88,4.92,24,"",North Bergen,2025-12-31 19:45:24.030167
1539762695731118617,430,40.72266073512045,-74.04535688500908,Eclectic private bedroom Garden House 10 min NYC,,Private room in rental unit,Private room,2,1,1,1,4.5,5,5,5,5,5,2,"",Jersey City,2025-12-31 18:22:04.127901
1572553352203351867,99,40.70076,-73.93931,Standard queen a half-hour subway from Manhattan,,Room in hotel,Private room,2,1,,,,,,,,,,"",Brooklyn,2026-01-01 00:02:05.031683
1394234701461568839,182.2,40.76403,-73.98283,Deluxe King Room | Ameritania Hotel,,Room in hotel,Private room,2,1,1,,4.87,5,4.73,4.93,4.93,4.93,15,"",New York,2026-01-01 00:01:59.99412
1177500655441331249,93.2,40.61881,-74.0323824,Serene City Getaway: Bay Ridge Haven,,Entire rental unit,Entire home/apt,2,0,1,1,4.73,4.86,4.62,4.86,4.86,4.78,85,"",Brooklyn,2026-01-01 00:02:05.535405
910323431222170507,,34.03192050936066,-118.48416233303894,"Beautiful Bed & Private Bath in Santa Monica, CA",,Private room in rental unit,Private room,1,1,1,,4.98,4.99,4.87,4.98,5,4.97,112,"",Santa Monica,2026-01-01 00:01:58.485139
1233441768530587664,389,40.7983381,-74.0056725,Fully furnished private bedroom!,,Private room in home,Private room,3,1,1,1,4.86,4.71,4.77,4.94,4.92,4.83,65,"",North Bergen,2025-12-31 19:45:55.419345
697270803429988997,451,40.7963,-73.99947,Visit NYC w/private bathroom,,Private room in guest suite,Private room,2,1,1,,4.85,4.91,4.82,4.95,4.99,4.89,211,"",North Bergen,2025-12-31 19:44:30.049455
1372134243040544597,505,40.7457370125051,-74.06070022376062,20minNYC•PrivateRoom•QueenBed•FreeParking(request),,Private room in home,Private room,2,1,1,1,4.96,4.89,4.89,5,4.96,4.96,27,"",Jersey City,2025-12-31 19:45:48.104196
35154913,275.4,40.76487,-73.98119,Two Bathroom Suite steps from Central Park,,Room in boutique hotel,Private room,4,1,2,2,4.75,4.94,4.56,4.76,4.82,4.67,809,"",New York,2026-01-01 00:02:02.513354
54104214,913,40.71892,-74.05012,Charming Brownstone Retreat Minutes from NYC,,Entire rental unit,Entire home/apt,4,1,2,1,4.96,4.89,4.88,4.93,4.95,4.95,178,"",Jersey City,2025-12-31 19:46:39.378035
19194956,61.6,40.7982466,-74.00370889999999,Budget traveler's private room 2C,,Private room in home,Private room,1,1,1,1,4.73,4.74,4.83,4.95,4.96,4.88,427,"",North Bergen,2026-01-01 00:02:00.496215
8704528,86.6,40.67695402753895,-74.01460717300326,Private bedroom & bath in Red Hook Bklyn for solo,,Private room in condo,Private room,1,1,1,,4.87,4.71,4.89,4.95,4.92,4.94,564,"",Brooklyn,2026-01-01 00:02:03.51914
1436233742340482947,,34.03446,-118.46498,* Bright private room near Santa Monica *,,Private room in rental unit,Private room,2,1,1,1.5,4.58,4.71,4.5,4.71,4.71,4.5,24,"",Santa Monica,2026-01-01 00:01:57.473426
16845501,,34.03273,-118.46942,Cozy room in quiet Santa Monica.,,Private room in townhouse,Private room,2,1,2,1,4.85,4.88,4.82,4.98,4.98,4.92,179,"",Santa Monica,2026-01-01 00:01:57.980908
41216816,88,34.16003,-118.37633,"North Hollywood Condo - Clean, Quiet, Convenient",,Private room in condo,Private room,1,1,1,,4.91,4.88,4.85,4.92,4.89,4.95,65,"",Los Angeles,2026-01-01 00:01:56.970469
1388806211489388899,410,40.7966303,-74.0097839,"Stylish Attic Room w/ NYC View, 30 mins to NYC!",,Private room in home,Private room,2,1,1,1,4.85,4.7,4.7,4.92,4.87,4.81,53,"",North Bergen,2025-12-31 19:43:12.209285
790670113857035692,574,40.80076,-74.01921,Apartment 1BR 3 miles NYC Full kitchen,,Entire rental unit,Entire home/apt,2,1,1,1,4.83,4.71,4.85,4.93,4.92,4.89,72,"",North Bergen,2025-12-31 19:44:08.372587
1359851844467685956,166,34.06358,-118.37304,Your KTown Escape: Studio w/Prkg,,Entire rental unit,Entire home/apt,2,1,1,1,4.76,4.59,4.62,4.93,4.79,4.66,29,"",Beverly Hills,2026-01-01 00:01:55.959636
617499038697675576,119.4,40.65653,-74.00497,Lovely Suite private bath by Metro & Industry City,,Private room in townhouse,Private room,2,1,1,,4.96,4.63,4.91,4.97,4.9,4.94,251,"",Brooklyn,2026-01-01 00:02:06.040407
1401563439385046117,,34.064,-118.37448,Private Little Cabin Bedroom in Midcity,,Private room in home,Private room,2,1,1,2,4.83,4.67,4.83,4.92,4.83,4.83,12,"",Beverly Hills,2026-01-01 00:01:55.456758
47977634,,40.65631,-73.92611,"Brooklyn Delight! ""Candy Cane"" Private Bedroom",,Private room in home,Private room,1,1,1,1,4.65,4.61,4.66,4.91,4.86,4.82,104,"",Brooklyn,2026-01-01 00:02:06.547017
900091690790861317,378.6,34.12183479999999,-118.3470899,Hollywood Sign View | Outdoor Gym | Universal,,Entire home,Entire home/apt,4,2,2,2,4.87,4.94,4.86,4.95,4.94,4.92,174,"",Los Angeles,2026-01-01 00:10:30.398295
985546024029098998,468,40.79809,-74.00404,Charming 1 Br Apt near NYC/1 queen & 1 single beds,,Entire home,Entire home/apt,4,1,3,1,4.86,4.8,4.84,4.94,4.97,4.94,132,"",North Bergen,2025-12-31 19:49:07.165008
4331882,215.2,34.10068,-118.36057,Enchanting guest suite in Hollywood !,,Entire guest suite,Entire home/apt,2,1,1,1,4.85,4.93,4.82,5,4.99,4.87,124,"",Los Angeles,2026-01-01 00:10:31.906257
1411811,1076,40.731,-74.00346,"Charming Parlor Apt by Bleecker, Old World Village",,Entire rental unit,Entire home/apt,2,1,1,1,4.74,4.96,4.76,4.84,4.87,4.82,347,"",New York,2025-12-31 19:48:49.25178
1586005882651795956,219.2,34.00897029622203,-118.4957794776704,Santa Monica beach studio 11!,,,,,,,,,,,,,,,"","",2026-01-01 00:10:36.441975
1445754863489244460,1283,40.8098188,-73.9539262,2BR/2BA in Historic Brownstone near Subway,,Entire rental unit,Entire home/apt,4,2,2,2,4.91,4.91,4.91,4.97,4.88,4.97,34,"",New York,2025-12-31 19:49:58.614405
1453736138798207455,597,40.8091945,-73.95240849999999,Private Room in Top-Floor Apartment,,Private room in condo,Private room,2,1,1,,4.92,4.85,4.77,5,5,4.92,13,"",New York,2025-12-31 19:48:09.715925
1421225717847096179,251.6,34.01981253962481,-118.50409802169668,Studio SM Beach Vaulted Ceilings,,Entire rental unit,Entire home/apt,2,0,,1,5,5,4.75,5,4.88,5,8,"",Santa Monica,2026-01-01 00:10:35.434458
717229074505076254,394,40.79233,-74.0074,"Millennial Gem in Elegant Rowhouse, 20 min to NYC",,Private room in townhouse,Private room,2,1,1,1,4.83,4.49,4.71,4.91,4.9,4.9,77,"",West New York,2025-12-31 19:49:11.079858
1451181733743996102,220.6,34.0166,-118.49026,Sunny Santa Monica Retreat | Walk to Beach,,Entire rental unit,Entire home/apt,2,1,1,1,4.89,5,5,5,4.78,4.89,9,"",Santa Monica,2026-01-01 00:10:35.938029
1333493676309432572,275,34.1075822,-118.3749114,Serene Canyon… 5 min from Sunset,,Entire home,Entire home/apt,4,2,2,1,4.83,5,5,5,5,5,12,"",Los Angeles,2026-01-01 00:10:29.392939
968836332215606397,223,34.12075,-118.34916,Hollywood hills treehouse studio,,Entire home,Entire home/apt,2,1,1,1,4.69,4.82,4.68,4.94,4.82,4.85,62,"",Los Angeles,2026-01-01 00:10:29.894818
53127410,237,34.10439,-118.37451,"Peaceful hills guesthouse, studio + kitchen/patio",,Entire guesthouse,Entire home/apt,2,1,1,1,4.95,4.95,4.88,4.98,4.98,4.97,129,"",Los Angeles,2026-01-01 00:10:32.410218
1097895081984963736,726,40.80333094417591,-73.96374718220389,Cozy Room at Great Location,,Private room in rental unit,Private room,1,1,1,1,4.74,4.91,4.79,4.93,4.93,4.83,58,"",New York,2025-12-31 19:49:50.825229
1568604412261891363,168.8,34.01792,-118.4914,Luxury apt in heart of SM!,,Entire rental unit,Entire home/apt,4,1,2,1,,,,,,,,"",Santa Monica,2026-01-01 00:10:36.947858
1030471955409301019,69,40.76926609548129,-73.92614371337355,Cozy bedroom by LGA airport (15min to Manhattan),,Private room in home,Private room,2,1,1,1,4.81,4.9,4.76,4.89,4.95,4.82,140,"",Queens,2025-12-31 22:01:49.245956
1118169635195232605,123.2,33.9809368,-118.464049,Inn at Venice Beach - steps from the beach,,Room in hotel,Private room,2,1,1,,4.85,4.92,4.73,4.83,4.93,4.85,129,"",Los Angeles,2026-01-01 00:10:34.930775
53132475,978,40.72083,-73.99279,Untitled at 3 Freeman - Studio Mini,,Entire rental unit,Entire home/apt,2,1,1,1,4.9,4.89,4.7,4.9,4.92,4.84,1211,"",New York,2025-12-31 19:48:00.361474
1092280833430415586,671,40.72365,-73.98586,Room in Prime East Village Oasis Apartment,,Private room in rental unit,Private room,2,1,1,,4.95,4.95,4.71,4.9,4.86,4.86,21,"",New York,2025-12-31 19:48:34.40647
933439592551659784,159.6,34.0088643643126,-118.46131761486927,Private studio with a view,,Entire guesthouse,Entire home/apt,2,1,1,,4.96,4.92,4.87,4.99,4.98,4.94,170,"",Santa Monica,2026-01-01 00:10:32.914959
1376110634846093635,1252,40.7620076,-73.9613983,Luxe Studio with Charming Juliet Balcony,,Entire rental unit,Entire home/apt,4,1,2,1,4.91,4.9,4.66,4.92,4.9,4.87,119,"",New York,2025-12-31 19:48:21.91256
992758163619203613,1158,40.7474578755837,-73.98298209081119,Empire Building NYC Apartment.,,Entire rental unit,Entire home/apt,2,1,1,1,4.86,4.93,4.64,4.86,4.75,4.76,97,"",New York,2025-12-31 19:50:10.123727
52062263,761,40.7484,-73.98888,Manhattan  Studio  Near  Empire State  BLDG,,Entire rental unit,Entire home/apt,5,1,3,1,4.83,4.92,4.63,4.84,4.86,4.83,166,"",New York,2025-12-31 19:48:37.188936
1421935498658014936,306.4,34.10715,-118.37291,Laurel Canyon's Cozy Canyon Studio Retreat,,Entire guesthouse,Entire home/apt,2,0,1,1,5,5,5,5,4.75,5,4,"",Los Angeles,2026-01-01 00:10:31.402767
1373650635850538057,165,34.0929,-118.37403,Modern K-Town Studio,,Entire rental unit,Entire home/apt,2,0,1,1,4.87,4.73,4.87,4.93,5,4.8,15,"",West Hollywood,2026-01-01 00:10:28.890034
1347591778778661139,193,34.09434313540796,-118.37678978855224,Luxury Minimalistic home WDfreeparking0cleaningfee,,Entire rental unit,Entire home/apt,4,1,2,1,4.68,4.65,4.52,4.77,4.65,4.73,99,"",West Hollywood,2026-01-01 00:08:41.223678
959996744286793730,784,40.72348,-74.05266,Casa Corgi 2,,Entire rental unit,Entire home/apt,4,2,2,1,4.91,4.86,4.88,4.99,4.98,4.94,88,"",Jersey City,2025-12-31 19:47:09.840883
51945222,1152,40.72082,-73.99152,Untitled 3 Freeman - Studio Queen City View,,Entire rental unit,Entire home/apt,2,1,1,1,4.89,4.89,4.72,4.91,4.92,4.86,1075,"",New York,2025-12-31 19:50:40.726184
839363985423930842,528,40.67851,-73.96017,Cozy Room in Central Brooklyn,,Private room in rental unit,Private room,1,1,1,1,4.92,4.85,4.6,4.95,4.89,4.92,75,"",Brooklyn,2025-12-31 19:50:25.648461
50287920,131,40.70637,-73.9415,E. Williamsburg Spacious Artist Loft + WFH Ready,,Private room in rental unit,Private room,2,1,1,2,4.83,4.79,4.79,4.98,4.96,4.89,131,"",Brooklyn,2025-12-31 22:32:42.360572
917337949513910656,147.4,34.080860183578984,-118.38442355763091,High Rise Condo near Hollywood(not West Hollywood),,Entire rental unit,Entire home/apt,2,1,1,1,4.85,4.92,4.85,5,4.85,4.92,13,"",West Hollywood,2025-12-31 22:32:06.532732
35254823,804,40.80131,-73.94584,Modern Manhattan/Harlem stay. Close to everything!,,Private room in townhouse,Private room,2,1,2,,4.95,4.74,4.89,4.94,4.95,4.96,227,"",New York,2025-12-31 19:50:22.019396
1116547318831943620,166.2,34.07837410393628,-118.39390537545002,Urban Luxe: 1BR/1BA Oasis Near Hollywood Bliss,,Entire rental unit,Entire home/apt,3,1,2,1,4.85,4.69,4.79,4.94,4.75,4.77,48,"",Beverly Hills,2025-12-31 22:32:06.029641
1517085784775464796,138.4,40.6886081,-73.9191386,Spacious Bushwick Duplex Suite with Private Bath,,Private room in rental unit,Private room,4,1,3,,5,4.71,5,5,5,4.86,7,"",Brooklyn,2025-12-31 19:52:35.078265
1177454816617609897,93.2,40.61881,-74.03238,Urban Style Studio: Experience NYC in Bay Ridge,,Entire rental unit,Entire home/apt,2,0,1,1,4.46,4.5,4.39,4.63,4.67,4.48,47,"",Brooklyn,2025-12-31 19:57:07.834041
11759284,216.4,34.10036,-118.36048,Wiley's cottage,,Entire guesthouse,Entire home/apt,3,1,1,1,4.95,4.99,4.93,4.99,4.99,4.99,275,"",Los Angeles,2025-12-31 23:33:27.142141
1093615036600977781,122.8,40.762490151587365,-73.99156498246381,Room In Hell’s Kitchen Heart,,Private room in rental unit,Private room,2,1,1,1,4.87,4.83,4.72,4.96,4.91,4.86,115,"",New York,2025-12-31 21:58:51.397567
13724284,155.4,40.65642,-73.95937,"Chic, cozy, BIG APT in vibrant Brooklyn!",,Entire guest suite,Entire home/apt,2,1,2,1,4.91,4.86,4.83,4.96,4.96,4.91,682,"",Brooklyn,2025-12-31 19:51:37.302621
1124108556567156516,135.6,34.0933,-118.34905,Hollywood's Primary Bedroom For Rent,,Private room in rental unit,Private room,2,1,1,,4.9,4.87,4.81,4.87,4.77,4.92,126,"",Los Angeles,2026-01-01 00:01:56.463548
1115377466525054553,1051,40.71042119858508,-74.01120345071031,Near Battery Park | City Views. Gym + Pet Friendly,,Room in hotel,Private room,4,1,2,,4.8,4.87,4.71,4.82,4.85,4.81,256,"",New York,2025-12-31 19:49:14.794341
1177419977162681836,93.2,40.61881,-74.03238,Sleek Urban Studio: Experience NYC in Bay Ridge,,Entire rental unit,Entire home/apt,2,0,1,1,4.51,4.7,4.59,4.98,4.95,4.62,82,"",Brooklyn,2025-12-31 19:51:45.824935
5846745,173.2,40.67838407231255,-73.97578296454397,"Spacious room in fun, quiet house",,Private room in townhouse,Private room,2,1,1,,4.79,4.96,4.8,4.95,4.94,4.92,408,"",Brooklyn,2025-12-31 19:53:36.210764
43132765,116,40.68418,-73.91487,Bright Room 20 min from Manhattan !,,Private room in condo,Private room,2,1,1,1,4.92,4.75,4.85,4.96,4.95,4.89,169,"",Brooklyn,2025-12-31 19:51:41.807683
53050999,186,40.675603646838915,-73.94023268031982,Modern Studio Unit 2,,Entire rental unit,Entire home/apt,2,1,1,1,4.76,4.51,4.78,4.93,4.95,4.93,160,"",Brooklyn,2025-12-31 19:52:28.842986
41301073,92.4,40.69028,-73.92886,Private Brooklyn Bedroom in Brownstone Near Subway,,Private room in townhouse,Private room,1,1,1,1,4.77,4.73,4.83,4.95,4.97,4.94,266,"",Brooklyn,2025-12-31 19:53:21.922339
955842473362618091,179.6,40.63493,-74.01232,Amazing Views & Rooftop Deck - Safe - Parking Incl,,Entire guesthouse,Entire home/apt,8,1,2,1,4.86,4.78,4.86,4.97,4.79,4.95,185,"",Brooklyn,2025-12-31 19:51:30.021605
825394549344382800,91.4,40.66502879999999,-73.8774411,Stunning King Size bed/ Private Bath in Brooklyn,,Private room in rental unit,Private room,2,1,1,,4.95,4.67,4.9,4.97,4.9,4.93,61,"",Brooklyn,2025-12-31 19:52:42.887877
37549695,137,40.68764783938008,-73.95362011621947,"Minimalist Studio in cool Bed-Stuy, Brooklyn",,Private room in rental unit,Private room,2,1,2,,4.91,4.77,4.81,4.88,4.94,4.93,317,"",Brooklyn,2025-12-31 19:51:39.495101
1191641490915728445,167.4,34.08970646570434,-118.38779801428952,Location! Sunset Strip,,Entire rental unit,Entire home/apt,2,0,1,1,4.94,4.95,4.83,4.97,4.92,4.92,63,"",West Hollywood,2025-12-31 22:32:04.518501
2686412,93.4,40.68319,-73.96253,Clinton Hill BdRm in Artists' Home,,Private room in condo,Private room,1,1,1,1,4.85,4.88,4.81,4.95,4.94,4.9,131,"",Brooklyn,2025-12-31 19:51:28.265522
14421383,109.8,40.69641,-73.91917,Beautiful Private Sunny Room with Backyard,,Private room in rental unit,Private room,2,1,1,1.5,4.6,4.51,4.68,4.82,4.92,4.78,157,"",Brooklyn,2025-12-31 19:52:40.633821
16477217,134.4,34.06999,-118.39315,Beverly Hills Retreat Bedroom Suite,,Private room in condo,Private room,1,1,1,,4.84,4.96,4.85,4.94,4.96,4.84,349,"",Beverly Hills,2025-12-31 22:32:04.014541
52405277,83.2,40.655918226220244,-73.92631374898838,"Brooklyn Delight! ""Ewing"" Private Bedroom",,Private room in home,Private room,1,1,1,1,4.7,4.48,4.78,4.93,4.85,4.79,73,"",Brooklyn,2025-12-31 19:53:04.78957
1511038171725185830,171.4,34.07544046731327,-118.38775662266653,West Hollywood apartment Los Angeles,,Entire rental unit,Entire home/apt,5,1,1,1,4.6,5,4.8,5,4.6,5,5,"",West Hollywood,2025-12-31 22:32:08.040199
982172393543000727,372.8,40.676218587488336,-73.9844912560909,ParkSlope Loft/Private NYC Rooftop /10 min to NYC,,Entire condo,Entire home/apt,6,2,2,1,4.99,4.96,4.89,5,5,4.98,98,"",Brooklyn,2025-12-31 19:55:44.102738
982130899713091667,338,40.67853,-73.98512,Private two bdrm w/ Rooftop Prime Park Slope,,Entire loft,Entire home/apt,6,2,3,1,5,4.93,4.86,5,5,4.97,91,"",Brooklyn,2025-12-31 19:54:44.565214
33070946,140.4,40.71334,-73.96591,Large Private &  Sunny Room in Beautiful Townhouse,,Private room in townhouse,Private room,1,1,1,2,4.96,4.96,4.89,5,4.98,4.97,226,"",Brooklyn,2025-12-31 22:32:44.882229
765327602416869056,112.4,40.67708289999999,-73.9176282,Art House for the discrete traveler,,Private room in home,Private room,1,1,1,,4.98,4.63,4.96,4.98,5,4.98,106,"",Brooklyn,2025-12-31 19:54:12.107807
1033583755732958806,366,40.79578,-74.01296,Cozy & Bright Private Room,,Private room in home,Private room,2,1,1,1,4.85,4.67,4.73,4.93,4.89,4.64,55,"",Guttenberg,2025-12-31 19:45:16.845126
1020302460310493937,121.6,40.677328069566,-73.92008959558578,Cozy Room w/ Private Bath,,Private room in guest suite,Private room,2,1,1,2.5,4.99,4.69,4.86,4.98,4.97,4.96,139,"",Brooklyn,2025-12-31 19:54:03.529067
1583781679885801491,121.6,34.06381,-118.37262,The Grove,,Entire rental unit,Entire home/apt,4,1,2,1,,,,,,,,"",Beverly Hills,2025-12-31 22:32:10.057275
52618396,144.6,40.693612652112236,-73.93002832704664,Cozy & spacious with huge backyard access!,,Private room in townhouse,Private room,2,1,1,,4.9,4.72,4.9,4.96,4.95,4.96,294,"",Brooklyn,2025-12-31 19:55:22.30779
1177478027022642683,120.2,40.61881,-74.0323824,City Style: Contemporary Bay Ridge Studio Living,,Entire rental unit,Entire home/apt,2,0,1,1,4.56,4.84,4.52,4.9,4.82,4.61,79,"",Brooklyn,2025-12-31 19:56:02.315846
1167995766552835416,113,40.67653,-73.90389,"Massive Room w/ Private Bath, Laundry, and Yard",,Private room in home,Private room,2,1,2,,4.93,4.63,4.97,5,5,5,75,"",Brooklyn,2025-12-31 19:54:01.298823
1549753973172786032,153.2,34.063,-118.37591,Chic 1BR Getaway in K-Town | Parking + Gym Access,,Entire rental unit,Entire home/apt,2,1,1,1,5,5,5,5,5,5,1,"",Beverly Hills,2025-12-31 22:32:09.554156
34231172,134.8,40.64351,-74.01464,"Townhouse in Brooklyn, 1 min from Metro stop",,Entire guest suite,Entire home/apt,2,1,2,1,4.88,4.75,4.84,4.94,4.97,4.94,248,"",Brooklyn,2025-12-31 19:53:58.502132
1131458412663503638,228.2,40.6850941,-73.9491814,"Spacious suite, 10-min to subways",,Entire guest suite,Entire home/apt,3,1,2,1,4.96,4.71,4.87,5,5,5,84,"",Brooklyn,2025-12-31 19:55:11.168308
22452278,245.6,40.683730749391835,-73.99494233328178,Serene in Brooklyn,,Entire guest suite,Entire home/apt,2,1,1,1,4.98,4.97,4.81,4.96,4.97,4.97,459,"",Brooklyn,2025-12-31 19:54:54.375709
1415895074079900073,78.6,40.6439361,-73.9017179,Island Vibes in Brooklyn,,Private room in home,Private room,2,2,2,,5,5,5,5,5,5,3,"",Brooklyn,2025-12-31 19:54:36.622841
883955753472122104,147.4,40.69046219804534,-73.94277198301035,Elegant & Spacious  En-Suite Bedroom-Private Bath,,Private room in townhouse,Private room,2,1,1,,4.95,4.75,4.83,4.96,4.95,4.92,113,"",Brooklyn,2025-12-31 19:53:44.50087
1400915819330060194,327,40.79687838453472,-74.01056918822643,"New Cozy Specious Room, close to NYC!",,Private room in home,Private room,2,1,1,1,4.68,4.74,4.63,4.95,4.95,4.74,38,"",North Bergen,2025-12-31 19:49:36.567037
40113324,196.6,34.12111,-118.37584,Laurel Canyon Boutique Cabin,,Entire guesthouse,Entire home/apt,2,0,2,1,4.97,4.84,4.87,4.98,4.97,4.96,172,"",Los Angeles,2025-12-31 22:56:48.339064
26741585,128.8,40.66978,-73.99045,Super Convenient Park Slope Room (subway - 2 min.),,Private room in rental unit,Private room,1,1,1,1,4.99,4.93,4.92,4.97,4.97,4.96,424,"",Brooklyn,2025-12-31 19:54:38.972747
4760085,167.4,40.67868729420106,-73.9750925522551,Roomy/sunny/quiet/fun/great location,,Private room in townhouse,Private room,2,1,1,,4.8,4.97,4.86,4.96,4.94,4.94,392,"",Brooklyn,2025-12-31 19:53:56.474608
711820084444046096,92.4,40.58263,-73.95803,1-Bedroom Private Room with Queen Size Bed,,Private room in home,Private room,1,4,1,2,4.75,4.76,4.81,4.92,4.91,4.87,205,"",Brooklyn,2025-12-31 19:54:47.995524
47026093,111.6,40.70342,-73.91226,Room in cozy apartment (5min-train) (15min-NYC),,Private room in rental unit,Private room,2,1,1,1,4.98,4.81,4.88,4.94,4.93,4.95,152,"",Queens,2025-12-31 19:55:39.527978
754970276793406798,119.8,40.69321,-73.92999,"Big, bright bedroom with private bath!",,Private room in rental unit,Private room,2,1,1,,4.89,4.76,4.8,4.94,4.82,4.9,96,"",Brooklyn,2025-12-31 19:54:05.712397
20960203,187.2,40.6951284,-73.97102009999999,Fort Greene -  townhouse suite,,Private room in townhouse,Private room,2,1,1,,4.97,4.78,4.87,4.97,4.99,4.94,186,"",Brooklyn,2025-12-31 19:54:29.171232
1173168273112763284,117.6,40.61881,-74.0323824,Soothing Bay Ridge Haven: Comfy Studio Oasis,,Entire rental unit,Entire home/apt,2,0,1,1,4.77,4.65,4.65,4.88,4.88,4.74,43,"",Brooklyn,2025-12-31 19:56:04.213516
29628,157.8,40.68292,-73.96381,"Comfortable, Sunny Room",,Private room in condo,Private room,2,1,1,1,4.93,4.88,4.92,4.98,4.99,4.95,505,"",Brooklyn,2025-12-31 19:54:19.438368
1105403969448940593,52.2,40.7884393,-74.0047301,"Small Room B in West New York, NJ",,Private room in home,Private room,1,1,1,1,4.9,4.85,4.81,4.9,4.92,4.86,59,"",West New York,2025-12-31 17:52:38.097002
1451691913671482452,272.4,34.07422,-118.39435,Central Hollywood 2Bedroom 2Bath & Parking,,Entire rental unit,Entire home/apt,4,2,2,2,5,5,5,5,5,5,2,"",Beverly Hills,2025-12-31 22:32:30.740204
1177476704781804039,93.2,40.61881,-74.03238,Tranquil Bay Ridge Nook: Studio w/ Verrazano View,,Entire rental unit,Entire home/apt,2,0,1,1,4.34,4.64,4.43,4.74,4.74,4.51,53,"",Brooklyn,2025-12-31 19:56:37.205829
1380857047072012045,130,34.0664,-118.37958,Charming Private Bed/Bath in Beverly Hills,,Private room in home,Private room,2,1,1,,4.74,4.82,4.74,4.91,4.91,4.79,34,"",Beverly Hills,2025-12-31 22:32:17.106092
1441537667622397192,168,34.06217,-118.37464,K-Town Vibes | Central Apt w/ Parking & Elevator,,Entire rental unit,Entire home/apt,2,0,1,1,5,5,5,5,4.86,5,7,"",Beverly Hills,2025-12-31 22:32:11.064985
1055187938063143300,172,34.06201719744298,-118.3723852713294,Urban Oasis Loft,,Entire home,Entire home/apt,3,1,1,1,4.71,4.72,4.73,4.75,4.87,4.76,75,"",Beverly Hills,2025-12-31 22:32:21.636397
50153384,140.4,34.086577489085066,-118.37189124950939,1 private bedroom in peaceful townhouse in Weho.,,Private room in townhouse,Private room,2,1,1,1.5,4.98,4.98,4.98,4.98,4.94,5,54,"",West Hollywood,2025-12-31 22:32:14.590142
1479864153537272159,397.6,34.06742,-118.39047,Lux HighRise Breathtaking Views with Pool & Valet,,Entire rental unit,Entire home/apt,2,1,1,1,4.88,5,4.75,5,5,5,17,"",Beverly Hills,2025-12-31 22:32:16.60168
1286601792929385871,244,34.07405,-118.3962,Adorable and spacious unit DTLA,,Entire rental unit,Entire home/apt,5,2,2,2,5,5,5,5,4.83,4.83,6,"",Beverly Hills,2025-12-31 22:32:29.730255
1572304945512433187,114.8,34.08993,-118.38879,Hollywood Sage Suite • Private Bath • Walk of Fame,,Private room in home,Private room,2,1,1,,5,4,4.5,5,5,5,2,"",West Hollywood,2025-12-31 22:32:13.076494
53386665,229.4,34.06140814190529,-118.40808671989502,Beverly Hills Two Bedroom Oasis with Parking,,Entire guesthouse,Entire home/apt,4,2,3,1,4.92,4.97,4.89,5,4.98,4.93,219,"",Beverly Hills,2025-12-31 22:32:30.236083
21218557,156.8,34.07129,-118.39956,Beverly Hills 2-min Rodeo Dr - Queen Bed / Parking,,Private room in condo,Private room,1,1,1,1,4.9,4.99,4.93,4.99,4.99,4.96,244,"",Beverly Hills,2025-12-31 22:32:24.670832
395221,248,34.0785,-118.41364,Rodeo Drive Studio with Pool and Private Garden,,Entire guesthouse,Entire home/apt,2,1,2,1,4.91,4.99,4.94,4.97,4.98,4.96,253,"",Beverly Hills,2025-12-31 22:32:27.708518
13561970,191.8,34.08687,-118.38732,5 star guest suite in L.A.'s  best location,,Private room in home,Private room,2,1,1,,4.92,4.99,4.92,4.99,4.99,4.97,500,"",West Hollywood,2025-12-31 22:32:10.562568
707367270689272176,268.8,34.0607837,-118.3999024,Cozy Beverly Hills Studio Guest House,,Entire guesthouse,Entire home/apt,2,0,1,1,4.98,4.99,4.9,4.99,4.99,4.99,182,"",Beverly Hills,2025-12-31 22:32:11.568131
891285103107762478,147.4,34.09485357505102,-118.36891959988259,Gorgeous Hollywood Apartment @Sunset Strip,,Entire condo,Entire home/apt,2,1,1,1,4.82,4.97,4.72,4.93,4.9,4.86,176,"",West Hollywood,2025-12-31 22:32:17.610149
1132885048746136541,165,34.06663196370261,-118.3935169218806,Charming Beverly Hills Retreat with Parking #3,,Entire rental unit,Entire home/apt,3,1,2,1,4.73,4.92,4.51,4.92,4.95,4.65,37,"",Beverly Hills,2025-12-31 22:32:18.616441
1525651849805447084,142.8,34.09626,-118.37178,Wonderful Hollywood Apartment @Sunset Strip,,Entire rental unit,Entire home/apt,2,1,1,1,4.75,4.88,4.75,5,5,4.5,8,"",West Hollywood,2025-12-31 22:32:20.127142
1524141310441759146,159,34.06284,-118.37384,Spacious and stylish apartment in Hollywood,,Entire rental unit,Entire home/apt,2,1,1,1,4.67,4.83,5,5,5,5,6,"",Beverly Hills,2025-12-31 22:32:21.133629
37082885,205.6,40.684656019005146,-73.93012500482934,"Artist Garden Suite, two bedrooms two bathrooms",,Entire guest suite,Entire home/apt,2,2,3,2,4.88,4.87,4.89,4.96,4.98,4.93,284,"",Brooklyn,2025-12-31 19:56:56.904424
723290057134167937,87.8,40.69428,-73.83535,A）5 mins walk from the subway.  Safe neighborhood,,Private room in home,Private room,1,1,1,1,4.52,4.64,4.7,4.87,4.87,4.77,132,"",Queens,2025-12-31 19:56:45.950836
1283363453103778751,603,40.795096858476725,-74.00432285634656,Casa Amalur Suite,,Entire guest suite,Entire home/apt,4,1,3,1,4.96,4.74,4.83,4.93,4.93,4.91,46,"",North Bergen,2025-12-31 18:27:49.594332
658872910949576878,111.2,40.66693929947823,-73.93541542154587,Crown 2 -Single Traveler Deluxe Room,,Private room in rental unit,Private room,1,1,1,1,4.77,4.59,4.73,4.8,4.72,4.82,109,"",Brooklyn,2025-12-31 19:57:03.630926
1250415588517175726,105.4,40.69954,-73.92378,Solo: M & L Train Heat WiFi Netflix Williamsburg,,Private room in rental unit,Private room,1,1,1,1,4.63,4.75,4.71,4.92,4.91,4.8,88,"",Brooklyn,2025-12-31 19:56:49.6706
1027701735368297984,292,40.71572,-74.07434,"Hotel-Style– No Host, Professionally Managed ID291",,Private room in rental unit,Private room,5,1,1,2,4.86,4.49,4.7,4.95,4.97,4.78,37,"",Jersey City,2025-12-31 18:23:10.391641
1177345913286082983,106.4,40.61881,-74.0323824,City Getaway: Bay Ridge Studio near Shops & Dining,,Entire rental unit,Entire home/apt,2,0,1,1,4.6,4.78,4.58,4.97,4.83,4.63,60,"",Brooklyn,2025-12-31 19:55:29.951983
1226899584080273038,89,40.63904,-73.93365,Amazing Brooklyn Room,,Private room in home,Private room,1,1,1,2.5,4.95,4.43,4.9,4.9,4.95,4.95,21,"",Brooklyn,2025-12-31 19:55:06.833579
1177504045631878580,88,40.61881,-74.0323824,Modern Bay Ridge Studio: Perfect Urban Escape,,Entire rental unit,Entire home/apt,2,0,1,1,4.75,4.81,4.59,4.89,4.93,4.72,102,"",Brooklyn,2025-12-31 18:22:19.329537
1456213917939463884,289.8,34.07148,-118.39383,"Beverly Escape | 1 Bed &Bath | Parking, Pool & Gym",,Entire rental unit,Entire home/apt,3,1,1,1,4.92,5,4.85,4.85,4.92,5,13,"",Beverly Hills,2025-12-31 22:32:34.778142
1472066892160415362,194.8,34.0581,-118.40975,Chic Studio Haven by Century City - FH - BV,,Entire home,Entire home/apt,2,0,1,1,5,4.92,4.92,4.92,4.62,4.85,13,"",Beverly Hills,2025-12-31 22:32:33.263027
19710742,128.8,40.71644,-73.96194,Room w/ Private Bath in Central Williamsburg!,,Private room in rental unit,Private room,2,1,1,,4.85,4.95,4.82,4.96,4.97,4.91,315,"",Brooklyn,2025-12-31 22:32:39.315443
1238744170136593900,120.6,40.64885,-73.94887,Sunny Room with  Manhattan View close to Subway,,Private room in rental unit,Private room,1,1,1,1,4.9,4.62,5,5,5,5,29,"",Brooklyn,2025-12-31 19:52:45.802639
6972777,140.4,34.05112,-118.3686,Close to everything LA! Modern chic studio.,,Entire rental unit,Entire home/apt,2,1,1,1,4.91,4.88,4.72,4.99,4.95,4.89,361,"",Los Angeles,2025-12-31 22:32:35.284527
1471843879867954435,201.2,34.08900963805688,-118.35259166206812,Beautiful 1BR in Hollywood - Prime Location/Pool,,Entire rental unit,Entire home/apt,2,1,1,1,4.67,5,4.89,4.67,4.56,5,10,"",West Hollywood,2025-12-31 22:56:21.103426
1058176388807807449,514,40.75954,-74.05075,#1 - Cozy Private Studio Suite. In-house Laundry,,Entire guest suite,Entire home/apt,3,1,2,1,5,4.67,4.92,4.99,4.95,4.98,121,"",North Bergen,2025-12-31 18:27:00.929684
1070450891681156687,177.6,40.71205,-74.00911,Near Wall Street | Restaurant + Skyline Views,,Room in hotel,Private room,2,1,1,,4.81,4.95,4.71,4.83,4.82,4.85,306,"",New York,2025-12-31 21:58:41.815728
22088301,197.6,40.71147,-73.94387,Williamsburg Townhouse w/ Garden by L Train,,Entire townhouse,Entire home/apt,6,3,3,1.5,4.73,4.96,4.75,4.96,4.92,4.87,249,"",Brooklyn,2025-12-31 22:32:48.910989
804194,114.8,40.7072505,-73.9399195,"Clean, Cool ,Cozy Bushwick room",,Private room in rental unit,Private room,2,1,1,1,4.92,4.75,4.82,4.98,4.98,4.88,138,"",Brooklyn,2025-12-31 22:32:46.391306
1125474619181498280,53.2,40.78881,-74.00383,Small room B in Basement,,Private room in home,Private room,1,1,1,1,4.85,4.82,4.8,5,4.87,4.85,55,"",West New York,2025-12-31 17:53:18.577663
1384207415200635749,122.8,40.71569,-73.9452,Sleeping Loft in Luxury Loft Apt,,Private room in rental unit,Private room,2,0,1,1,4.87,4.91,4.61,4.48,4.87,4.7,23,"",Brooklyn,2025-12-31 22:32:40.835483
1048926333274693328,991,40.7503612,-73.98549,Pillowtop bed and iconic Empire State views,,Room in hotel,Private room,2,1,1,,4.98,5,4.84,4.8,4.93,4.91,45,"",New York,2025-12-31 19:44:33.384841
1177739205681115996,310,40.74466,-74.04791,Private Room 02 in jersey City,,Private room in rental unit,Private room,2,1,1,1,4.79,4.79,4.76,4.97,4.97,4.93,29,"",Jersey City,2025-12-31 17:56:26.329867
1197284752024889416,717,40.76127,-73.99186,"Central Location Studio, Walk to Times Square",,Private room in rental unit,Private room,2,1,1,1,4.89,4.88,4.69,4.89,4.89,4.77,83,"",New York,2025-12-31 19:47:57.709853
836303561738204172,117,34.08345748573802,-118.34551356135023,Chic Melrose Hideaway - walk to shops and cafés!,,Entire rental unit,Entire home/apt,2,1,1,1,4.81,4.93,4.64,4.9,4.83,4.79,81,"",Los Angeles,2025-12-31 22:56:16.574148
8513235,142.8,34.09029,-118.37288,In the HEART of West Hollywood - Shared with owner,,Private room in condo,Private room,2,1,1,,4.87,4.96,4.88,4.97,4.96,4.92,677,"",West Hollywood,2025-12-31 22:56:17.077333
1087044890606110100,233,34.084384,-118.37792,"Fireplace, dining area, balcony – the works",,Room in hotel,Private room,2,1,2,,4.87,4.93,4.55,4.69,4.79,4.8,84,"",West Hollywood,2025-12-31 23:33:23.610594
1544441699366428503,153.2,34.09071,-118.34379,Modern and Central 1 Bedroom Apartment,,Entire rental unit,Entire home/apt,4,1,2,1,5,5,5,5,5,5,2,"",West Hollywood,2025-12-31 22:56:26.127246
1245172421788573068,211.8,33.99127,-118.47912,"Venice Studio – Steps from Boardwalk, Ocean View",,Entire rental unit,Entire home/apt,2,0,1,1,4.87,4.87,4.8,4.96,4.98,4.87,90,"",Los Angeles,2025-12-31 22:56:59.944866
1142713791029870240,340,40.681989665693116,-73.92103281581683,Mac to Basics,,Private room in rental unit,Private room,2,1,1,2,4.61,4.79,4.54,4.79,4.82,4.71,28,"",Brooklyn,2025-12-31 18:20:57.189941
1090553830200685087,92.4,40.58237,-73.958,Private Room with King Size Bed,,Private room in home,Private room,1,1,1,1,4.82,4.88,4.92,4.96,4.93,4.93,169,"",Brooklyn,2025-12-31 19:54:09.086814
1017770932469502768,328,40.790756382919014,-74.00331616401672,"Cozy bedroom with private yard, 30min away to NYC",,Private room in rental unit,Private room,2,1,1,1,4.77,4.87,4.84,4.96,4.9,4.9,112,"",Guttenberg,2025-12-31 18:23:45.454593
1170446381119755665,93.2,40.61881,-74.0323824,Explore Bay Ridge: Modern Studio in Prime Location,,Entire rental unit,Entire home/apt,2,0,1,1,4.86,4.91,4.66,4.92,4.9,4.79,86,"",Brooklyn,2025-12-31 17:55:57.646613
950928010848620401,286.6,34.08463,-118.38952,California Zen Style; Beverly Hills/West Hollywood,,Entire guesthouse,Entire home/apt,2,1,1,1,5,4.99,4.93,5,4.99,4.98,230,"",West Hollywood,2025-12-31 22:32:34.27334
1505829316340043118,842,40.78823108107438,-74.00663312480775,Cozy- apt- skyline views - 20 min Bus Ferry to NYC,,Entire rental unit,Entire home/apt,3,1,2,1,4.86,4.79,4.71,4.71,4.71,4.93,14,"",West New York,2025-12-31 19:41:14.236121
1064523931238623062,1034,40.755821,-73.971424,"Spacious Deluxe, Two Queen Beds | San Carlos Hotel",,Room in hotel,Private room,4,1,2,,4.87,4.94,4.78,4.86,4.96,4.96,118,"",New York,2025-12-31 19:44:36.963805
1582643035671062425,145.2,34.09295,-118.34279,Hollywood Vibes - Great central Location,,Entire rental unit,Entire home/apt,4,1,1,1,,,,,,,,"",West Hollywood,2025-12-31 22:56:38.730928
1213312688643568568,218.6,40.687819,-73.983733,Ace Brooklyn Room – Let Us Surprise You,,Room in hotel,Private room,2,1,1,,4.92,4.92,4.68,4.8,4.89,4.91,87,"",Brooklyn,2025-12-31 21:59:15.090897
1200011902007184561,76.2,40.7735265,-74.0156283,Private Room NYC skyline view,,Private room in rental unit,Private room,2,1,1,1,4.89,4.92,4.95,4.97,4.94,4.95,63,"",Weehawken,2026-01-01 00:02:00.999867
1310499918606528369,391,40.7977205249566,-74.01744443580101,2.2 time square 25 min-MetLife Stadium 20 min,,Private room in rental unit,Private room,4,1,3,1,4.93,4.71,4.82,4.91,4.87,4.93,45,"",North Bergen,2025-12-31 19:49:54.482716
1321939719785757760,86.4,40.81079,-73.99817,Private small Studio Near NYC & MetLife Stadium.,,Entire rental unit,Entire home/apt,2,1,1,1,4.98,4.76,4.94,5,4.98,4.95,62,"",Fairview,2025-12-31 18:21:37.248238
1567581744121725619,153.8,34.01778,-118.50126,Coastal Apt by the beach!,,Entire rental unit,Entire home/apt,2,1,1,1,5,5,5,5,5,5,1,"",Santa Monica,2025-12-31 22:56:54.39908
13929245,135.8,34.01269,-118.48353,Large Studio by the Beach,,Entire guest suite,Entire home/apt,2,0,2,1,4.85,4.8,4.75,4.94,4.96,4.93,656,"",Santa Monica,2025-12-31 22:56:55.915448
1069562125382859559,143,34.01772,-118.48785,Outstanding Studio in Santa Monica with Pool,,Entire rental unit,Entire home/apt,2,1,1,1,4.96,4.87,4.78,4.93,4.76,4.87,45,"",Santa Monica,2025-12-31 22:56:53.390413
1147794504460721375,134,34.0614525485521,-118.37215756481278,Comfy 2 Bed w/ Parking in KTown,,Entire rental unit,Entire home/apt,5,2,2,2,4.74,4.51,4.67,4.73,4.72,4.68,112,"",Beverly Hills,2025-12-31 22:56:35.692043
10386341,146.2,40.69493,-73.94314,Hot-Tub and King beds in Brooklyn!,,Private room in townhouse,Private room,2,1,2,,4.89,4.64,4.84,4.93,4.96,4.92,549,"",Brooklyn,2025-12-31 19:55:24.616569
1422721451605695553,216.4,34.08749,-118.3614,"Luxury by the Grove, free parking (no hidden fees)",,Entire condo,Entire home/apt,4,1,2,1,4.68,4.8,4.68,4.8,4.8,4.7,40,"",West Hollywood,2025-12-31 22:56:35.188429
638561028843920472,156.8,34.0976258016918,-118.36561798790225,Charming City Apartment @Sunset Strip,,Entire condo,Entire home/apt,2,1,1,1,4.91,4.8,4.76,4.93,4.89,4.81,270,"",West Hollywood,2025-12-31 22:56:33.675244
1092801249343488052,179.4,40.74945,-73.99422,Standard Room with 1 King Bed,,Room in hotel,Private room,2,1,1,1,4.76,4.82,4.62,4.78,4.82,4.78,413,"",New York,2025-12-31 19:42:11.034674
30561576,156.8,34.09427,-118.36978,"Beautiful Home on the Sunset Strip, West Hollywood",,Entire condo,Entire home/apt,2,1,1,1,4.84,4.94,4.76,4.93,4.94,4.78,369,"",West Hollywood,2025-12-31 22:56:32.671088
46068347,323.8,34.10682,-118.37257,Hollywood Hills+Views+Deck+Garden+Garage+Sleeps 6,,Entire home,Entire home/apt,6,2,2,1,4.89,4.89,4.89,4.91,4.82,4.84,45,"",Los Angeles,2025-12-31 22:56:48.841921
1063918014388720472,110.2,34.0877,-118.35784,Cozy Modern RM in West Hollywood,,Private room in home,Private room,2,1,1,1,4.69,4.83,4.76,4.81,4.79,4.9,78,"",West Hollywood,2025-12-31 23:33:24.623975
1268933877587519178,156.8,34.0950733,-118.3699176,Stylish & Spacious Apartment @Sunset Strip,,Entire rental unit,Entire home/apt,2,1,1,1,4.87,4.89,4.79,4.89,4.96,4.79,70,"",West Hollywood,2025-12-31 22:56:34.179244
1419659115792293215,150.8,34.09039,-118.34349,Hollywood Walk Of Fame Apartment,,Entire rental unit,Entire home/apt,4,1,1,1,4.93,4.96,4.93,5,4.89,4.96,27,"",West Hollywood,2025-12-31 22:56:27.634239
1166675065640040160,111.8,34.08209080630026,-118.3701384848852,Cozy Spanish Studio,,Entire rental unit,Entire home/apt,2,0,1,1,4.57,4.78,4.53,4.82,4.87,4.65,60,"",West Hollywood,2025-12-31 22:56:32.168457
1515306329510570844,515,40.767399968731326,-74.02011563148594,"NYC hidden Gem, walk to all major attractions!",,Private room in rental unit,Private room,2,1,1,1,4.71,5,4.86,5,4.86,5,8,"",Weehawken Township,2025-12-31 19:46:09.401399
705370482416709329,173.2,34.0139461361874,-118.49275295328982,"Fully Equipped DTSM Studio, Blocks to Ocean & Pier",,Entire serviced apartment,Entire home/apt,2,1,1,1,4.98,4.95,4.87,4.98,4.96,4.98,113,"",Santa Monica,2025-12-31 22:56:56.421135
1175761700034327015,179.8,34.05474934307302,-118.42304154151758,"Cozy Guest Studio - Free Parking, Heart of West LA",,Entire home,Entire home/apt,2,1,1,1,4.97,4.94,4.87,5,4.98,4.92,90,"",Los Angeles,2025-12-31 22:32:12.572544
12133672,190.8,34.10210307483332,-118.35770614042391,Private 2BR Guest Suite/Artist Studio,,Entire guesthouse,Entire home/apt,6,2,2,1,4.96,4.94,4.89,4.96,4.96,4.96,602,"",Los Angeles,2025-12-31 23:33:30.68612
45841551,251.2,34.11045,-118.3852,Hollywood Hills Spa Oasis+Jacuzi+Steam+View+Garden,,Entire home,Entire home/apt,2,1,1,1.5,4.93,4.96,4.87,4.96,4.93,4.85,178,"",Los Angeles,2025-12-31 22:56:49.346862
11371773,125.2,40.69558,-73.93466,Private bathroom and garden view,,Private room in rental unit,Private room,1,1,1,,4.89,4.87,4.85,4.98,4.95,4.97,151,"",Brooklyn,2025-12-31 21:59:18.114913
1513293108236400730,169,34.01675264285893,-118.4877426455078,Beautiful NEW apartment in SM!,,Entire rental unit,Entire home/apt,2,1,1,1,5,5,5,5,5,5,7,"",Santa Monica,2025-12-31 22:57:03.480852
1293787829009614899,220,34.01254,-118.49536,"Corner unit! Ocean View Studio 1 bed, private bath",,Room in boutique hotel,Private room,2,0,1,,4.62,4.79,4.52,4.22,4.55,4.5,58,"",Santa Monica,2025-12-31 22:57:26.177988
1334820836709534179,170.2,34.0131194,-118.4963293,Budget ocean view studio. Chic,,Entire rental unit,Entire home/apt,2,0,1,1,4.56,4.78,4.48,4.06,4.46,4.6,50,"",Santa Monica,2025-12-31 22:57:25.168706
20946239,156.4,33.99512,-118.48077,Steps to Venice Beach on a budget!,,Entire condo,Entire home/apt,2,1,1,1,4.89,4.89,4.8,4.95,4.89,4.88,373,"",Los Angeles,2025-12-31 22:57:01.969263
1149533863702762999,133.2,40.7273527,-73.8106833,Sunny Entire Apartment .,,Entire rental unit,Entire home/apt,2,1,1,1,4.76,4.63,4.63,4.84,4.87,4.72,87,"",Queens,2025-12-31 19:56:31.023717
765229505754817003,187,40.689026074468224,-73.9281235377861,Cozy Brooklyn Bedstuy Brownstone,,Entire rental unit,Entire home/apt,2,1,1,1,4.9,4.76,4.79,4.99,4.95,4.91,86,"",Brooklyn,2025-12-31 19:54:32.337426
1451549628268336613,206.8,34.01473,-118.49722,Luxury Studio in the heart of SM,,Entire rental unit,Entire home/apt,3,1,1,1,4.73,5,4.91,4.82,4.91,5,11,"",Santa Monica,2025-12-31 22:57:02.978863
1299693008610118641,191.6,34.012542691266304,-118.49581331245919,* Prime Location Studio Near Santa Monica Pier *,,Entire rental unit,Entire home/apt,2,0,1,1,4.88,4.96,4.69,4.88,4.81,4.77,26,"",Santa Monica,2025-12-31 22:57:22.643339
1491736708458333213,187.6,34.09078,-118.34468,Stylish Hollywood 1BR |FreeParking|Pool|HotTub,,Entire rental unit,Entire home/apt,4,1,1,1,4.8,4.93,4.8,5,4.67,4.93,15,"",West Hollywood,2025-12-31 22:56:22.109207
3259107,148.6,33.99523,-118.47462,Super Venice Location!!,,Entire guest suite,Entire home/apt,2,1,1,1,4.74,4.92,4.77,4.95,4.94,4.87,1073,"",Los Angeles,2025-12-31 22:57:07.000084
1374846243207947352,228.4,34.01135,-118.496,"Unmatched Relaxation: Steps to Pier, Shops, & More",,Entire rental unit,Entire home/apt,3,1,2,1,4.86,4.89,4.82,4.96,4.8,4.84,56,"",Santa Monica,2025-12-31 22:56:58.938897
9795877,154.4,34.02216,-118.45609,Beautiful guesthouse in Santa Monica,,Entire guesthouse,Entire home/apt,1,1,1,1,4.84,4.91,4.82,4.94,4.94,4.92,506,"",Santa Monica,2025-12-31 22:57:08.510872
1453924232294688678,210,40.72577224180999,-73.93956556678187,Stunning Sunlit 1BR Suite in Greenpoint,,Entire condo,Entire home/apt,4,1,2,1,5,4.64,4.91,4.91,4.91,5,12,"",Brooklyn,2025-12-31 19:53:14.065392
935620569480913872,210.2,34.01331604616647,-118.49324982672412,Bright 1bd apt in Santa Monica w FREE parking,,Entire rental unit,Entire home/apt,2,1,1,1,4.93,4.72,4.76,4.99,4.84,4.88,145,"",Santa Monica,2025-12-31 22:57:17.082652
1272889279433414892,219.8,34.01511,-118.4919,Gorgeous Chic Flat with lovely Pool!,,Entire rental unit,Entire home/apt,4,1,2,1,4.95,4.95,4.86,4.95,4.81,4.9,21,"",Santa Monica,2025-12-31 22:56:57.429004
1321012476779647336,191.4,34.0139,-118.49572,Look at this VIEW at this studio,,Entire rental unit,Entire home/apt,2,0,1,1,4.58,4.92,4.58,4.47,4.65,4.73,74,"",Santa Monica,2025-12-31 22:57:26.681549
1257025,116.8,34.02251,-118.50066,Beach side heart of santa monica/P,,Private room in rental unit,Private room,1,1,1,,4.75,4.95,4.68,4.77,4.8,4.75,942,"",Santa Monica,2025-12-31 22:56:57.931163
17157615,126.4,40.7247,-73.98756,"East Village, Private room with access to garden",,Private room in rental unit,Private room,3,1,1,2,4.84,4.93,4.8,4.87,4.88,4.89,322,"",Manhattan,2025-12-31 21:58:45.353202
1999243,107.6,34.01852,-118.47295,Private Room in Santa Monica,,Private room in home,Private room,2,2,1,2,4.87,4.85,4.77,4.89,4.92,4.89,889,"",Santa Monica,2025-12-31 22:57:01.463133
1527085554016774172,203.6,34.01757,-118.49052,5 Star 1BR Apartment w/ Free Parking & Fast WiFi,,Entire rental unit,Entire home/apt,2,1,1,1,5,5,5,5,5,5,2,"",Santa Monica,2025-12-31 22:57:10.021021
8090406,126.4,34.01939,-118.50003,SPACIOUS BEDROOM IN PRIVATE SUITE WALK 2 BEACH,,Private room in condo,Private room,2,1,1,,4.8,4.96,4.77,4.94,4.91,4.86,755,"",Santa Monica,2025-12-31 22:57:15.567849
1421903115146893728,391,34.0079447,-118.4930206,The Sunstone | Full Oceanview Right On The Sand,,Entire rental unit,Entire home/apt,3,1,1,1,5,5,4.84,4.96,4.92,4.96,25,"",Santa Monica,2025-12-31 22:57:18.087315
1101004232568386733,267.8,34.019521577488106,-118.49937084060058,Santa Monica Gem | 4 Blocks to Beach and Promenade,,Entire rental unit,Entire home/apt,4,1,1,1,4.96,4.98,4.87,5,5,4.96,45,"",Santa Monica,2025-12-31 22:57:21.128349
1568359242198093823,231.2,34.00943410340265,-118.49558016616619,"Boho by the Boardwalk • Beach, Pier & Shops Nearby",,Entire rental unit,Entire home/apt,4,1,2,1,5,5,5,5,4.5,5,2,"",Santa Monica,2025-12-31 22:57:03.983023
6977204,519,40.81415,-73.95067,Private Room in Very Convenient Location,,Private room in rental unit,Private room,2,1,1,1,4.82,4.75,4.78,4.85,4.72,4.9,324,"",New York,2025-12-31 18:24:33.906692
1445882154714046283,234,34.00772,-118.4905,Nothing is like the beach,,Entire condo,Entire home/apt,2,1,1,1,4.85,4.92,4.69,4.92,4.77,4.77,13,"",Santa Monica,2025-12-31 22:57:21.634365
1359703325354680777,338,40.79648318329017,-73.99728702923443,Cozy & convenient room near NYC,,Private room in home,Private room,1,1,1,2,4.93,4.85,4.85,4.98,4.98,4.8,40,"",North Bergen,2025-12-31 18:28:16.668774
test_listing_001,250,34.0522,-118.2437,Luxury Beachfront Apartment,4.5,,,,,,,,,,,,,,"","",2025-12-31 23:05:29.420356
1490830536258207250,87.8,40.74756,-73.82912,Room # 1 in New York,,Private room in home,Private room,2,1,1,1,4.97,4.71,4.8,5,4.86,4.94,35,"",Queens,2025-12-31 21:59:25.689821
1170455226677183433,94.4,40.61881,-74.0323824,Modern Hideaway: Homey Bay Ridge Studio,,Entire rental unit,Entire home/apt,2,0,1,1,4.71,4.8,4.61,4.86,4.8,4.64,76,"",Brooklyn,2025-12-31 18:26:39.487129
1020325080427729176,111.8,40.679171308467176,-73.92120698891736,Cozy Room w/ Backyard,,Private room in home,Private room,1,1,1,1.5,4.99,4.73,4.87,4.94,4.97,4.92,111,"",Brooklyn,2025-12-31 21:59:17.610176
1105496514661879085,145.6,40.76357517339201,-73.98554031114598,Cozy Quiet Room in Hell’s Kitchen - Times Square,,Private room in rental unit,Private room,2,1,1,1,4.76,4.88,4.66,4.8,4.69,4.82,74,"",New York,2025-12-31 21:59:03.989708
16859412,132,34.09254,-118.35645,Charming Studio in heart of Weho,,Entire rental unit,Entire home/apt,2,1,1,1,4.75,4.85,4.67,4.93,4.87,4.79,746,"",West Hollywood,2025-12-31 22:56:33.173268
1567491374953791719,77.6,40.7479,-73.98864,Exclusive Apartment 555 | Shared Bathroom,,Private room in rental unit,Private room,2,1,1,1,,,,,,,,"",New York,2025-12-31 21:59:06.005148
1450862435088144752,141.6,40.75435,-73.99391,Free water bottle & lobby Water Bar,,Room in hotel,Private room,2,1,1,,4.95,4.89,4.84,4.89,4.95,4.89,19,"",New York,2025-12-31 21:58:43.836875
1556253167791665208,170.4,34.09127355859946,-118.34368235047843,Best location in West Hollywood five stars reviews,,Entire rental unit,Entire home/apt,4,1,1,1,5,5,4.67,5,5,5,3,"",West Hollywood,2025-12-31 22:56:36.196435
2451647,96,40.72393308317277,-73.97776633626654,"Bright, Modern Room in East Village w City Views",,Private room in condo,Private room,1,1,1,1,4.85,4.8,4.79,4.86,4.85,4.93,438,"",New York,2025-12-31 21:58:42.822376
53386606,139.2,40.72453,-73.98299,Large Room in Amazing East Village Apt (A),,Private room in rental unit,Private room,1,1,1,1,4.63,4.89,4.79,4.87,4.79,4.9,62,"",New York,2025-12-31 21:58:50.894918
1522544549385215305,55.4,40.7555,-74.04684,"Hotel-Style– No Host, Professionally Managed ID308",,Private room in rental unit,Private room,2,1,1,1,5,4.33,4,5,5,5,3,"",Jersey City,2025-12-31 18:24:51.600797
1549718186696369487,142.4,34.09409,-118.34858,Stylish 1 Bedroom Apartment with Modern Touches,,Entire rental unit,Entire home/apt,4,1,2,1,5,5,5,5,5,5,2,"",West Hollywood,2025-12-31 22:56:39.240401
1553882589097838038,79.8,40.79205,-74.00404,WORLD CUP! Cozy Studio Near NYC,,Entire rental unit,Entire home/apt,3,0,2,1,5,4.88,5,5,5,4.88,8,"",Guttenberg,2025-12-31 17:53:55.650061
1467125865866174098,130,34.065876019028515,-118.37893441079707,1BR K-Town Gem Near DTLA & Hollywood Hotspots,,Entire rental unit,Entire home/apt,3,1,1,1,4.67,4.5,4.33,4.83,4.33,4.67,6,"",Beverly Hills,2025-12-31 22:32:14.082354
7837816,117.2,40.69503,-73.95971,"Bright, Cozy room in Brooklyn",,Private room in rental unit,Private room,2,1,1,1,4.82,4.55,4.82,4.94,4.9,4.88,644,"",Brooklyn,2025-12-31 21:58:54.417457
670291854273683571,163.8,40.68343,-73.94103,Brooklyn sleek studio apartment!,,Entire rental unit,Entire home/apt,2,1,1,1,4.98,4.85,4.67,4.94,4.95,4.91,181,"",Brooklyn,2025-12-31 21:59:08.017611
5309959,76.2,40.69579,-73.83174,Small Cozy Room,,Private room in home,Private room,1,1,1,1,4.92,4.75,4.9,4.93,4.96,4.88,106,"",Queens,2025-12-31 21:59:24.180735
24996332,83.2,40.758,-73.86991,Master Bedroom with Full Bath & Manhattan View,,Private room in home,Private room,2,1,1,,4.92,4.65,4.85,4.92,4.95,4.93,647,"",Queens,2025-12-31 21:59:23.678908
723861207309008728,117,40.70608644521528,-73.93905116757614,Big cosy Bushwick room,,Private room in rental unit,Private room,2,1,1,1,4.88,4.72,4.71,4.96,4.93,4.83,106,"",Brooklyn,2025-12-31 19:45:58.390717
41504521,234.6,40.68375,-73.93663,Private Brownstone Guest Suite (separate entrance),,Entire home,Entire home/apt,2,1,1,1,5,4.8,4.81,4.96,4.92,4.99,91,"",Brooklyn,2025-12-31 19:53:46.437312
52846818,39.8,40.90689,-73.78086,Cozy Room #4 | New Rochelle | Near NYC,,Private room in rental unit,Private room,2,1,1,2,4.8,4.79,4.84,4.96,4.92,4.94,85,"",New Rochelle,2025-12-31 18:23:42.876807
1238724380621296610,97.2,40.64793,-73.94885,Bright Room with Manhattan View & Prime Amenities,,Private room in rental unit,Private room,1,1,1,1,4.91,4.87,4.83,4.78,4.87,4.91,24,"",Brooklyn,2025-12-31 19:52:08.382376
1464936280528850009,73.8,40.73711185503353,-73.9257043769857,"Cute, Cozy & Peaceful Private Room in 2-Fam House",,Private room in home,Private room,1,1,1,1,5,5,5,5,5,5,3,"",Queens,2025-12-31 21:59:21.148832
1542948237108317881,103.2,40.68162,-73.91945,"Comfy, Charming Room in Sunlit Brooklyn Duplex",,Private room in home,Private room,1,1,1,1.5,5,4.8,4.8,5,4.8,5,5,"",Brooklyn,2025-12-31 19:55:00.247495
39729344,33.4,33.91800963159457,-118.41973632869686,#110 yuki short term,,Private room in hostel,Private room,1,1,1,1,4.9,4.9,4.8,5,5,5,10,"",El Segundo,2025-12-31 22:32:24.166581
1032617056422118872,187.2,34.01921857710014,-118.48814976593718,Santa Monica Apartment,,Entire rental unit,Entire home/apt,1,1,1,1,5,4.94,4.75,4.97,4.97,4.96,79,"",Santa Monica,2025-12-31 22:57:11.52806
972805172969056732,64.4,40.76013,-73.88593,Cuencanita Rooms,,Private room in home,Private room,1,1,1,1,4.92,4.7,4.89,4.96,4.98,4.91,100,"",Queens,2025-12-31 21:59:28.711287
50288808,230.4,40.71603,-73.93923,Spacious and Serene East Williamsburg Guest Suite,,Private room in guest suite,Private room,2,1,1,,4.94,4.93,4.88,4.99,4.97,4.98,225,"",Brooklyn,2025-12-31 22:32:46.894132
40976158,169.4,34.06317,-118.37792,Lil Beauty in Bev Hills,,Entire guesthouse,Entire home/apt,2,0,2,1,4.91,4.98,4.88,4.97,4.96,4.96,570,"",Beverly Hills,2025-12-31 22:32:22.141136
1561855575256679103,199.2,34.01323,-118.49296,Chic SM Apartment Free Parking & High-Speed Wi-Fi,,Entire rental unit,Entire home/apt,2,0,1,1,5,5,5,5,5,5,1,"",Santa Monica,2025-12-31 22:57:23.149746
1645667,104.2,40.68557330547818,-73.95144176364386,Truly A Sweet Home away from Home.,,Private room in rental unit,Private room,2,2,2,,4.7,4.51,4.73,4.87,4.93,4.77,382,"",Brooklyn,2025-12-31 19:51:34.234033
34487373,201,40.7645895,-73.9809119,Luxury ADA King Room,,Room in boutique hotel,Private room,2,1,1,1,4.26,4.82,4.15,4.35,4.62,4.47,34,"",NEW YORK,2026-01-01 00:01:59.491104
1457840464438096239,173.4,34.0124,-118.49734,Best location! Studio with view,,Room in hotel,Private room,2,0,1,,4.67,4.89,4.56,4.11,4.37,4.67,27,"",Santa Monica,2025-12-31 22:57:24.156503
1224079069637556316,179.6,40.71720820330147,-73.99553099256845,In The Heart Of Lower East Side | Accessible Room,,Room in hotel,Private room,4,1,2,1,4.97,4.81,4.94,5,4.87,4.97,31,"",New York,2025-12-31 19:49:29.027796
1574442753342763775,139.2,34.09005,-118.38836,Noir Suite• Private Bath• Hollywood views• Balcony,,Private room in townhouse,Private room,2,1,1,,5,5,5,5,5,5,4,"",West Hollywood,2025-12-31 23:14:06.038161
20950847,80.8,34.01074010650095,-118.48312374804544,"Mins from SM beach and pier, food and busses.",,Private room in bungalow,Private room,1,1,1,1,4.69,4.89,4.66,4.79,4.8,4.78,265,"",Santa Monica,2025-12-31 22:56:55.409502
751544681082578652,77.6,40.69877,-73.91542,Bedroom bk Minimalist 1,,Private room in condo,Private room,1,1,1,1,4.71,4.64,4.73,4.83,4.86,4.69,83,"",Brooklyn,2025-12-31 21:58:57.444914
956520617714991004,248.8,34.06369,-118.39885,Exquisite 1-BR Apartment Retreat,,Entire rental unit,Entire home/apt,4,1,2,1,4.92,4.83,4.8,4.93,4.59,4.7,90,"",Beverly Hills,2025-12-31 22:32:28.211268
645056913089000891,176,40.68092,-73.99097,"Privacy, Garden Unit - Modern, Huge w Backyard!",,Private room in rental unit,Private room,2,1,1,,4.95,4.96,4.84,4.97,4.94,4.98,160,"",Brooklyn,2025-12-31 21:59:09.531484
22978748,241,34.00682,-118.49112,Very spacious studio  apartment by the beach.,,Entire rental unit,Entire home/apt,3,0,2,1,4.81,4.96,4.64,4.85,4.86,4.78,341,"",Santa Monica,2025-12-31 22:57:17.584863
41295524,169.6,40.67627,-73.94137,Hotel like place - private patio and bathroom,,Private room in townhouse,Private room,2,1,2,,4.88,4.76,4.83,4.94,4.97,4.94,313,"",Brooklyn,2025-12-31 19:53:37.607739
3554230,137,40.655129939635586,-73.96035240659246,Beautiful sunny bedroom just off Prospect Park,,Private room in condo,Private room,2,1,1,1,4.9,4.88,4.83,4.96,4.97,4.93,103,"",Brooklyn,2025-12-31 19:51:23.212769
624694699394680598,212,40.75142288208008,-73.97050476074219,Beautiful Studio with Patio in Midtown NYC! #2202,,Entire loft,Entire home/apt,3,1,1,1,4.82,4.91,4.69,4.81,4.94,4.85,278,"",New York,2025-12-31 21:59:05.500972
1539234016939809544,245.8,34.01526,-118.49404,Santa Monica 2BR / Beach Area / LAX Airport Nearby,,Entire rental unit,Entire home/apt,4,2,2,2,5,5,4.88,5,5,5,8,"",Santa Monica,2025-12-31 22:57:19.602868
1212893880121060294,94.6,40.75014,-73.99702,NYC Chelsea Studio <Share bathroom>,,Entire rental unit,Entire home/apt,1,1,1,1,4.72,4.84,4.61,4.88,4.81,4.82,74,"",New York,2025-12-31 21:59:02.471654
52417197,76.6,40.65227,-73.94977,Sweet Cutie in Brooklyn,,Private room in home,Private room,2,1,1,1,4.81,4.61,4.8,4.9,4.94,4.88,151,"",Brooklyn,2025-12-31 21:59:20.134583
6146783,67.6,40.63992,-73.96424,"Quiet, quaint room in Victorian Town House",,Private room in townhouse,Private room,1,1,1,1,4.94,4.88,4.9,4.96,4.98,4.93,161,"",Brooklyn,2025-12-31 21:58:49.384918
7399448,121.8,34.02724,-118.48191,Boutique Bedroom/Private Bath in MID-SM,,Private room in rental unit,Private room,2,1,1,,4.88,4.86,4.81,4.93,4.93,4.91,568,"",Santa Monica,2025-12-31 22:57:09.013522
940279919668139029,105.4,40.69762669429253,-73.92402415682686,CrashPad: M and L Train WiFi Netflix Williamsburg,,Private room in rental unit,Private room,1,1,1,1,4.57,4.62,4.6,4.92,4.74,4.78,125,"",BROOKLYN,2025-12-31 19:55:02.627192
2267177,113.6,40.65234789006254,-74.00416495299471,Large Bedroom 15 Min From Manhattan,,Private room in home,Private room,2,1,2,,4.31,4.83,4.74,4.91,4.9,4.73,393,"",Brooklyn,2025-12-31 19:53:40.99523
658772827164292906,149.8,40.76054,-73.9904,Charming Bedroom  Midtown  Manhattan,,Private room in rental unit,Private room,1,1,1,1,4.91,4.93,4.79,4.93,4.88,4.88,124,"",New York,2025-12-31 21:58:50.391679
995941212621416043,87.8,40.68259,-73.94463,Vuitton Room!You're truly family when you're here!,,Private room in casa particular,Private room,2,1,1,2,4.79,4.83,4.9,4.99,4.97,4.92,192,"",Brooklyn,2025-12-31 21:58:53.911329
5406041,150.8,40.7265154,-73.9777228,Mod 3 BR duplex-East Village,,Private room in rental unit,Private room,2,1,1,,4.79,4.87,4.86,4.89,4.89,4.9,384,"",New York,2025-12-31 18:29:29.620602
20999025,105.4,40.6994,-73.92947,"✰Spacious, bright & modern room in Prime Bushwick!",,Private room in rental unit,Private room,2,1,1,1,4.81,4.76,4.9,4.96,4.97,4.98,275,"",Brooklyn,2025-12-31 21:59:19.122521
942924161054079470,180.6,34.09021122149903,-118.36222762723733,The Weho Groovy Getaway! Entire 1BDRM Central Flat,,Entire rental unit,Entire home/apt,2,1,1,1,4.86,4.79,4.71,4.91,4.98,4.83,66,"",West Hollywood,2025-12-31 22:56:17.580164
1490101713483931284,233,34.08225,-118.38615,"Peony (King bed, parking, gym)",,Entire rental unit,Entire home/apt,3,1,1,1,4.63,5,4.75,4.25,4.5,4.75,8,"",West Hollywood,2025-12-31 22:32:08.54374
712461884299712808,92.2,34.0595,-118.39511,LongTermLuxuryRoom Beverly Hills CA,,Private room in rental unit,Private room,1,1,1,1,5,5,5,5,5,4.8,5,"",Beverly Hills,2025-12-31 22:32:32.756122
9996642,119.4,40.67545,-73.97667,Brooklyn Retreat for Cat Lovers - with backyard!,,Private room in rental unit,Private room,2,1,1,1,4.73,4.97,4.89,4.97,4.93,4.9,460,"",Brooklyn,2025-12-31 21:59:14.58477
1524420567744285831,220.6,34.07687303150734,-118.3837389448614,Contemporary Comfort Between Beverly Hills & WeHo,,Entire rental unit,Entire home/apt,4,1,2,1,4.8,5,5,5,4.8,5,5,"",West Hollywood,2025-12-31 22:32:33.767019
41367371,128.8,40.71293,-73.96533,Large Sunlit Room in Super Charming 1861 Townhouse,,Private room in townhouse,Private room,1,1,1,2,4.97,4.95,4.85,4.98,4.99,4.96,185,"",Brooklyn,2025-12-31 21:59:12.556446
15067291,94.2,40.80981,-73.94492,Room in Manhattan with a garden view (Room 2),,Private room in townhouse,Private room,2,1,1,1,4.84,4.79,4.88,4.97,4.94,4.95,262,"",New York,2025-12-31 17:56:09.079265
666022943667475224,172.2,40.68119,-73.9413,Brooklyn sun drenched studio apartment!,,Entire rental unit,Entire home/apt,2,1,1,1,4.92,4.74,4.64,4.94,4.94,4.93,132,"",Brooklyn,2025-12-31 21:59:16.09854
1177327595254297656,102.2,40.61881,-74.0323824,Bay Ridge Studio with Classic New York Charm,,Entire rental unit,Entire home/apt,2,0,1,1,4.59,4.69,4.5,4.76,4.85,4.46,54,"",Brooklyn,2025-12-31 19:57:12.08191
1158421229819722537,93.4,34.06056,-118.40571,Cozy 1BR w/ King Bed Close to K-Town,,Private room in rental unit,Private room,2,1,1,1,4.74,4.47,4.74,4.95,4.95,4.89,19,"",Beverly Hills,2025-12-31 22:32:07.035388
575296507654359448,143.2,40.67819,-73.91127,Perfectly Located Charming Room Brooklyn Townhouse,,Private room in townhouse,Private room,1,1,1,1,4.96,4.66,4.88,4.99,4.97,4.96,157,"",Brooklyn,2025-12-31 19:52:31.444094
21804600,82,40.66151,-73.89033,The garden apartment,,Private room in home,Private room,2,1,1,,4.86,4.64,4.77,4.96,4.93,4.9,166,"",Brooklyn,2025-12-31 19:56:38.678933
7915305,99.4,34.02168,-118.49947,Amazing room near the beach in SaMo,,Private room in rental unit,Private room,1,1,1,1,4.75,4.96,4.79,4.94,4.92,4.84,502,"",Santa Monica,2025-12-31 22:57:00.44683
1577489096553584643,173.2,34.06694,-118.39518,Charming 1 bedroom apt in Beverly Hills,,Entire rental unit,Entire home/apt,5,1,1,1,,,,,,,,"",Beverly Hills,2025-12-31 22:32:25.176155
4968633,133.4,40.68238,-73.93794,Private Cozy Bright Brooklyn Space,,Private room in townhouse,Private room,2,1,2,,4.64,4.77,4.85,4.94,4.97,4.91,273,"",Brooklyn,2025-12-31 18:27:31.63689
232612,140,40.68518847176618,-73.94268839549034,"Lovely pied-à-terre, in an historic building",,Private room in townhouse,Private room,2,1,1,,4.92,4.56,4.82,4.92,4.89,4.94,586,"",Brooklyn,2025-12-31 19:52:00.560307
1545033170704904348,145.6,34.084911615142424,-118.35744862327883,Hidden Gem Near Melrose – Private Entry & Patio,,Private room in home,Private room,2,1,1,,5,5,4.69,5,4.92,4.85,13,"",West Hollywood,2025-12-31 22:56:16.071523
1244527144123868060,317,34.07394223420035,-118.39212887745796,*New* Beverly Hills 1 bdrm with Parking,,Entire rental unit,Entire home/apt,4,1,2,1,4.85,4.94,4.85,4.78,4.98,4.93,54,"",Beverly Hills,2025-12-31 22:32:25.679008
737536232375970112,75,40.68865,-73.74994,Room share bath & kitchen.,,Private room in rental unit,Private room,1,1,1,1,4.78,4.63,4.59,4.91,4.78,4.66,32,"",Queens,2025-12-31 19:56:55.146343
746115,229.4,34.09872,-118.372,Million Dollar View!,,Entire home,Entire home/apt,2,0,1,1,4.7,4.96,4.85,4.96,4.98,4.95,385,"",Los Angeles,2025-12-31 22:32:16.097618
9386008,114.8,34.05939,-118.40704,Beverly Hills Boutique Private Room•Walk to Rodeo!,,Private room in townhouse,Private room,2,1,1,1.5,4.79,4.93,4.71,4.64,4.86,4.79,14,"",Beverly Hills,2025-12-31 22:32:05.021469
1177461605461458079,93.2,40.61881,-74.03238,Bay Ridge Bliss: Your Chic Studio Retreat in NYC,,Entire rental unit,Entire home/apt,2,0,1,1,4.5,4.71,4.39,4.71,4.74,4.53,66,"",Brooklyn,2025-12-31 19:57:10.219216
1211608172160011490,97.2,40.68837204057643,-73.8533593458936,"Apartment on 2nd floor+kitchen | JFK, metro",,Private room in home,Private room,2,1,2,,4.9,4.67,4.71,4.92,4.94,4.86,51,"",Queens,2025-12-31 21:59:31.727854
8054651,85.4,40.68884,-73.93059,Private Sunlight Room in Brownstone Near Subway,,Private room in townhouse,Private room,1,1,1,2,4.75,4.65,4.82,4.95,4.98,4.93,647,"",Brooklyn,2025-12-31 18:24:07.501486
50654386,186,40.72100893442566,-73.94785369170653,Gorgeous Greenpoint Getaway,,Private room in rental unit,Private room,2,1,1,1,5,4.99,4.95,5,4.99,5,167,"",Brooklyn,2025-12-31 22:32:48.408259
1104349873802426432,111.4,40.64371551049821,-73.95813256198159,"Sunny, cozy room in Central Brooklyn",,Private room in home,Private room,2,1,1,1,4.91,4.69,4.94,4.99,4.99,4.98,128,"",Brooklyn,2025-12-31 19:54:50.295421
948447338778308419,720,40.74455,-74.02847,Spacious Oasis - Hoboken!,,Entire condo,Entire home/apt,3,1,1,1,4.94,4.97,4.85,5,4.97,4.93,144,"",Hoboken,2025-12-31 19:46:00.890975
1575056808941397013,172,33.98204,-118.45065,"Entire rental unit in Marina Del Rey, California",,Entire rental unit,Entire home/apt,4,1,1,1,5,5,5,5,5,5,1,"",Marina del Rey,2025-12-31 23:33:36.742971
1369102055975860834,167.8,34.09172126304647,-118.35568934264256,Prime Location Studio!,,Entire rental unit,Entire home/apt,2,1,1,1,4.91,4.88,4.88,4.93,4.89,4.9,90,"",West Hollywood,2025-12-31 22:56:30.15813
43315277,134.6,40.71882,-73.99373,138 Bowery-Queen Studio,,Room in aparthotel,Entire home/apt,2,0,1,1,4.97,4.84,4.68,4.68,4.9,4.84,31,"",New York,2025-12-31 17:52:36.177159
31474638,104.2,40.643102784202696,-74.01339110590112,Spacious Queen bed w/ En-Suite Bath,,Private room in townhouse,Private room,2,1,1,,4.74,4.76,4.76,4.9,4.9,4.85,123,"",Brooklyn,2025-12-31 18:27:17.764581
1066296521196856628,218.4,34.09037056338337,-118.36045650251218,Hollywood Gem with Parking,,Entire rental unit,Entire home/apt,4,1,,1,4.91,4.78,4.77,4.99,4.89,4.94,81,"",West Hollywood,2025-12-31 23:33:16.035053
1559061728129525304,420,40.7936102,-74.0106636,Modern Private Studio w/private bathroom!,,Private room in home,Private room,2,1,1,,5,4.73,4.91,5,5,4.91,11,"",West New York,2025-12-31 18:27:35.228429
23438247,105.4,40.7051,-73.94055,Plantastic Brooklyn Oasis,,Private room in rental unit,Private room,2,1,1,1,4.82,4.81,4.88,4.99,4.98,4.92,528,"",Brooklyn,2025-12-31 21:58:48.379071
995688738270644813,453,40.78848,-74.00827,"Cozy, Private Room/ 20 mins away to NYC",,Private room in home,Private room,2,1,1,1,4.66,4.79,4.81,4.97,4.95,4.81,108,"",West New York,2025-12-31 19:44:58.423239
1438797482904537093,201.8,34.0091,-118.49396,Modern 1BR Retreat • Walk to Ocean,,Entire rental unit,Entire home/apt,4,1,2,1,4.67,5,4.67,4.73,4.67,4.87,15,"",Santa Monica,2025-12-31 22:57:20.114083
45752036,122.8,40.7183,-73.99418,138 Bowery-Modern Studio,,Room in aparthotel,Entire home/apt,2,1,1,1,4.81,4.91,4.7,4.61,4.93,4.82,58,"",New York,2025-12-31 21:58:59.454925
2494793,88.6,34.02026,-118.47336,Cozy and Bright Private Room,,Private room in home,Private room,2,1,1,2,4.88,4.87,4.79,4.9,4.91,4.92,894,"",Santa Monica,2025-12-31 22:56:58.435939
1356862958825673292,110.4,40.66563346607141,-73.9230576161084,"A cozy room by the park, 3 mins walk to the subway",,Private room in rental unit,Private room,1,1,1,1,4.9,4.74,5,5,4.97,5,31,"",Brooklyn,2025-12-31 19:52:12.604517
1259487361981120964,462,40.7812710287767,-74.01621739645103,Cozy Stay 20 min from NYC | City Views + Comfort,,Private room in home,Private room,2,1,1,1.5,4.9,4.88,4.77,4.94,4.88,4.87,52,"",West New York,2025-12-31 19:45:45.559636
53608551,743,40.74309,-73.97819,Wonderful spacious room in the heart of Manhattan!,,Private room in rental unit,Private room,1,1,1,1,4.9,4.94,4.72,4.93,4.96,4.89,140,"",New York,2025-12-31 18:23:34.060773
1081462243487873391,188.4,34.094607,-118.374936,Access to Pizza G beats & the happenin’ pool scene,,Room in hotel,Private room,2,1,1,,4.66,4.78,4.38,4.64,4.72,4.64,109,"",West Hollywood,2025-12-31 22:56:34.686046
1224050223029907849,144.8,34.06398053480002,-118.37275324869111,Boho Paradise,,Entire rental unit,Entire home/apt,2,1,1,1,4.81,4.78,4.61,4.64,4.86,4.58,36,"",Beverly Hills,2025-12-31 22:32:15.595181
1348229197862173442,363,40.79759,-74.00591,"Stylish Private Room,20 mins to NYC.",,Private room in home,Private room,2,1,1,1,4.86,4.74,4.86,5,5,4.94,35,"",North Bergen,2025-12-31 18:24:19.727381
19844320,162.8,34.11397,-118.36937,Private Guest Suite- Top of Hollywood Hills,,Entire guest suite,Entire home/apt,2,0,1,1,4.77,4.94,4.79,4.88,4.92,4.82,198,"",Los Angeles,2025-12-31 23:33:26.639083
31667621,908,40.74691,-73.98683,Manhattan Family studio near Empire State building,,Entire rental unit,Entire home/apt,6,0,3,1,4.72,4.84,4.66,4.83,4.87,4.82,273,"",New York,2025-12-31 19:49:46.334352
10429604,243.8,34.00908035622016,-118.49409449203328,Beautiful Oceanside Home w/Stunning View,,Entire rental unit,Entire home/apt,2,1,1,1,4.91,4.97,4.82,4.99,4.78,4.93,415,"",Santa Monica,2025-12-31 22:57:08.007308
838028693896424740,53.4,40.78898,-74.00425,"Private Room A in West New York, NJ",,Private room in home,Private room,1,1,1,1,4.81,4.84,4.82,4.94,4.94,4.94,79,"",West New York,2025-12-31 21:58:52.402509
14918238,76.2,40.68452,-73.95378,Sunny Small Room,,Private room in rental unit,Private room,2,1,1,,4.6,4.78,4.77,4.92,4.91,4.77,647,"",Brooklyn ,2026-01-01 00:02:04.023683
1503030353104225399,321.6,34.10706,-118.36988,Casa Vista by Quintessential Stays,,Entire home,Entire home/apt,4,1,1,1,5,4.33,5,5,5,5,4,"",Los Angeles,2025-12-31 23:33:28.151377
1305096322826956646,988,40.71,-74.00869999999999,17John: Classic King Studio Apartment,,Entire rental unit,Entire home/apt,2,1,1,1,4.88,4.9,4.75,4.91,4.94,4.89,122,"",New York,2025-12-31 19:48:15.268195
1522784582591793210,294.6,34.07488194428155,-118.39115022651609,WEHO Getaway | 1 Bed & Bath | Parking,,Entire rental unit,Entire home/apt,3,1,1,1,5,5,5,5,4.83,5,6,"",Beverly Hills,2025-12-31 22:32:26.687354
25696,597,40.8102731,-73.9431546,Hague House,,Private room in condo,Private room,2,1,1,1,4.69,4.67,4.74,4.88,4.93,4.85,193,"",New York,2025-12-31 18:29:26.165772
1551882790551643706,101,40.66574,-73.88848,"Modern, Clean Room w/ Private Bath",,Private room in home,Private room,1,1,1,,5,5,5,5,5,5,8,"",Brooklyn,2025-12-31 18:25:09.568465
972740017700582747,50,40.760158090748945,-73.88814670703263,Cuencanita Rooms,,Private room in home,Private room,1,1,1,1,4.84,4.71,4.85,4.89,4.92,4.79,110,"",Queens,2025-12-31 21:59:20.640508
1348816325580572400,325,40.755510065142374,-74.04650779964838,"Hotel-Style– No Host, Professionally Managed ID247",,Private room in rental unit,Private room,3,1,1,2.5,4.86,4.77,4.59,4.91,4.91,4.82,22,"",Jersey City,2025-12-31 18:24:24.285067
745881711855691249,104.8,40.638826122348085,-73.88505289484405,Clean spacious PVT RM N Bath - 15 mins from JFK,,Private room in home,Private room,1,1,1,,4.96,4.72,4.84,5,4.93,4.95,92,"",Brooklyn,2025-12-31 19:56:42.586031
1337136423001367854,167.4,34.08946,-118.35605,Studio for three people near Santa Monica Blvd,,Entire rental unit,Entire home/apt,3,1,2,1,4.51,4.88,4.61,4.85,4.75,4.66,59,"",West Hollywood,2025-12-31 23:33:22.596784
1362319937122804648,129.6,40.66522987577487,-73.92594983586584,*Big Room*~ with Private Bathroom ~ Close to Metro,,Private room in rental unit,Private room,2,1,1,,4.89,4.53,4.89,4.91,4.93,4.93,55,"",Brooklyn,2025-12-31 19:52:37.520002
1183128782076109374,386,40.79881,-74.00332,Budget studio visiting NYC,,Entire rental unit,Entire home/apt,3,1,2,1,4.81,4.75,4.64,4.91,4.93,4.77,108,"",North Bergen,2025-12-31 19:49:40.436564
1008246140374586613,92,40.7372804,-73.9248528,Blue Oasis: Cosy & Soothing Private Room for You,,Private room in home,Private room,2,1,1,1,4.91,4.92,4.94,4.98,4.94,4.97,64,"",Queens,2025-12-31 21:59:26.194084
1284304094950879237,63.2,40.719103623230275,-74.06682767852286,"Hotel-Style– No Host, Professionally Managed ID264",,Private room in rental unit,Private room,2,1,1,1,4.79,4.38,4.67,4.75,4.83,4.71,24,"",Jersey City,2025-12-31 18:25:00.547318
1256752579877769406,169.2,34.077433838313226,-118.3587634512704,Hip Melrose Apt ฬ/ r໐໐ft໐p & 𝗙𝗿𝗲𝗲 Parking,,Entire rental unit,Entire home/apt,3,0,2,1,4.69,4.88,4.64,4.82,4.83,4.58,110,"",Los Angeles,2025-12-31 23:29:56.922024
1157986393909875539,110,40.71138,-73.96132,Cozy Williamsburg Bedroom,,Private room in rental unit,Private room,1,1,1,1,4.82,4.9,4.76,4.96,4.89,4.87,82,"",Brooklyn,2025-12-31 22:32:45.88754
28834703,292.4,40.68168507421499,-73.94341945556042,"Private, Beautiful Brownstone Guest Suite.",,Entire serviced apartment,Entire home/apt,2,1,1,1,4.9,4.78,4.82,4.96,4.93,4.93,599,"",Brooklyn,2025-12-31 19:54:42.481906
1313480536882565302,72,40.73718337724623,-74.0288400228216,New Single Artist Room,,Private room in rental unit,Private room,1,1,1,1,4.89,4.89,4.94,4.91,4.94,4.91,35,"",Hoboken,2025-12-31 17:52:44.417588
1281302979352188852,59,40.78845837552163,-74.00577977752334,Private Room C in WNY,,Private room in rental unit,Private room,2,1,1,1,5,4.95,4.86,5,5,5,22,"",West New York,2025-12-31 17:55:03.065026
16004776,163.8,40.69693,-73.98437,Bright Garden Room with Kitchenette,,Private room in rental unit,Private room,2,1,1,,4.88,4.78,4.84,4.96,4.97,4.92,307,"",Brooklyn,2025-12-31 19:55:46.073668
1439259377424958031,164.2,34.09294,-118.37396,Stylish and Bright K-Town Studio,,Entire rental unit,Entire home/apt,2,0,1,1,4.76,4.65,4.71,4.71,4.82,4.59,18,"",West Hollywood,2025-12-31 22:56:29.141121
1268136170467948347,216,34.01255,-118.49946,"Ocean Side Suite: Steps to the Ocean, Pier, &Shops",,Entire rental unit,Entire home/apt,3,0,,1,4.95,4.93,4.78,4.98,4.76,4.89,80,"",Santa Monica,2025-12-31 22:57:02.476133
654499264267120637,89,40.6551971,-73.9252011,"Brooklyn Delight! ""Winchester"" Private Bedroom",,Private room in home,Private room,1,1,1,1,4.73,4.73,4.81,4.92,4.92,4.88,26,"",Brooklyn,2025-12-31 19:56:14.015453
1529848797926738046,101,40.66427,-73.8869,"Modern, Cozy Room w/ Private Bath",,Private room in home,Private room,1,1,1,,4.92,4.25,4.92,5,4.83,4.92,12,"",Brooklyn,2025-12-31 19:52:57.328966
850720093399986020,210.6,40.68362994352859,-73.98454276117475,Charming Guest Suite in Classic Brownstone,,Private room in townhouse,Private room,2,1,1,,5,4.94,4.85,5,5,5,35,"",Brooklyn,2025-12-31 19:51:57.922335
975622708225877098,251.6,34.072474933388705,-118.39291904610215,Beverly Hills Spacious 1 BD!,,Entire rental unit,Entire home/apt,3,1,1,1,4.72,4.94,4.87,4.9,4.9,4.91,67,"",Beverly Hills,2025-12-31 22:32:29.223797
1250532327904932443,314,34.01243601252194,-118.49698863858815,Panoramic Ocean View with Balcony & Cal King Bed,,Entire rental unit,Entire home/apt,2,1,1,1,4.79,5,4.74,4.98,4.7,4.88,43,"",Santa Monica,2025-12-31 22:57:25.67568
1503098224238776096,261.2,34.00911,-118.49416,"Beach Bungalow: Steps to Pier, Promenade, & Dining",,Entire rental unit,Entire home/apt,4,1,2,1,4.95,5,4.8,5,4.8,5,20,"",Santa Monica,2025-12-31 22:57:11.026032
744307258225953765,98.4,40.76991,-73.90252,"Cozy 1br w prvt bathrm in vibrant Astoria, Queens",,Private room in home,Private room,2,1,1,,4.97,4.91,4.95,4.97,4.98,4.99,177,"",Queens,2025-12-31 21:59:23.173269
12270677,169.6,34.09487,-118.36121,Beautiful & spacious suite with private bath.,,Private room in townhouse,Private room,2,1,1,1.5,4.99,4.94,4.91,4.99,4.99,4.98,207,"",West Hollywood,2025-12-31 23:33:34.724458
1918693,148.6,40.68578,-73.96093,Lovely Bedroom in Artist's Home,,Private room in townhouse,Private room,2,1,2,,4.86,4.81,4.83,4.89,4.9,4.88,451,"",Brooklyn,2025-12-31 19:52:05.928026
8055508,73.8,40.68998,-73.9307,Private Spring Room in Brownstone Near Subway,,Private room in townhouse,Private room,1,1,1,2,4.77,4.66,4.79,4.93,4.95,4.89,646,"",Brooklyn,2025-12-31 18:23:06.671941
13674799,163.8,40.67796,-73.99871,Private suite in Carroll Gardens,,Private room in townhouse,Private room,2,1,1,,4.98,4.95,4.92,4.99,4.99,4.98,601,"",Brooklyn,2025-12-31 19:54:17.646407
1072604583533985335,103,40.68677043889534,-73.87153789401054,Ideal room for you 2,,Private room in home,Private room,2,1,1,1,4.9,4.67,4.82,4.96,4.93,4.87,83,"",Brooklyn,2025-12-31 19:54:26.758061
1170462643049849090,93.2,40.61881,-74.0323824,Bay Ridge Charm: Unique Studio in Hip Neighborhood,,Entire rental unit,Entire home/apt,2,0,1,1,4.81,4.85,4.69,4.94,4.93,4.74,99,"",Brooklyn,2025-12-31 19:52:15.091003
1367825926274001910,500,40.79620409214375,-73.99872654718689,Spacious studio near NYC,,Entire rental unit,Entire home/apt,4,1,1,1,4.74,4.9,4.79,4.88,4.98,4.79,42,"",North Bergen,2025-12-31 19:47:27.974521
1421036882181536783,192.8,34.01822041644054,-118.49077424196892,Stunning Studio by the Beach!,,Entire rental unit,Entire home/apt,3,0,2,1,5,5,4.94,5,5,5,18,"",Santa Monica,2025-12-31 22:57:04.987862
988565130972118914,280.8,40.67692,-73.95598,Private guest suite in Crown Heights brownstone,,Entire rental unit,Entire home/apt,2,1,1,1,4.99,4.9,4.89,5,5,4.99,71,"",Brooklyn,2025-12-31 19:55:41.599657
660082095537116529,123,40.694365,-73.9288407,"✰Spacious, bright & modern room in Prime Bushwick!",,Private room in rental unit,Private room,2,1,1,1,4.85,4.77,4.87,4.92,4.94,4.9,163,"",Brooklyn,2025-12-31 19:55:09.388261
824761192116311440,192.2,34.018972231323616,-118.49440620904107,Elegant 1-Bedroom Apartment in the heart of SM,,Entire rental unit,Entire home/apt,4,1,2,1,4.86,4.96,4.84,4.95,4.85,4.88,108,"",Santa Monica,2025-12-31 22:57:20.621348
1011664069029780820,70,40.77066,-73.92103,LARGE bedroom close to Manhattan and LGA airport,,Private room in home,Private room,4,1,2,2,4.78,4.82,4.69,4.87,4.92,4.75,134,"",Queens,2025-12-31 22:05:29.558719
653258474247952642,654,40.76445,-73.98468,The Black Velvet Suite.,,Private room in rental unit,Private room,2,1,1,1,4.79,4.88,4.6,4.83,4.83,4.68,133,"",New York,2025-12-31 18:27:10.607913
1084828217755386005,92.6,40.7345258,-73.8554255,NYC One Bedroom Masterpiece,,Entire guest suite,Entire home/apt,2,1,1,1,4.96,4.78,4.82,4.97,4.82,4.94,68,"",New York,2025-12-31 18:28:47.558914
1306010210467708743,178,34.06319,-118.37491,Balcony Bliss: Studio Close to DTLA & Hollywood,,Entire rental unit,Entire home/apt,2,0,1,1,4.85,4.64,4.64,4.92,4.87,4.59,40,"",Beverly Hills,2025-12-31 22:32:19.121132
1158898833391111000,196.6,34.06060251435171,-118.39040384330922,Beautiful 1BR. Central Location!,,Entire rental unit,Entire home/apt,3,1,1,1,4.93,4.76,4.81,4.97,4.94,4.88,67,"",Beverly Hills,2025-12-31 22:32:12.070153
1485619082770718395,886,40.75576,-73.99386,Arlo Midtown - King Room with ADA features,,Room in hotel,Private room,2,1,1,,5,5,5,4.33,5,5,3,"",New York,2025-12-31 19:44:23.239009
1069580354212412517,186.8,40.76021,-73.98761,Serenity at the Heart of NYC l No Cleaning fee,,Room in hotel,Private room,2,0,1,,4.84,4.88,4.67,4.77,4.78,4.8,310,"",New York,2025-12-31 21:59:01.465094
1522452046002204358,159.2,40.73984,-73.98401,Prime NoMad Location + Breakfast & Rooftop Terrace,,Room in hotel,Private room,2,1,1,,5,5,5,5,5,5,4,"",New York,2025-12-31 21:58:44.344382
1542976832602708879,192.8,34.09395,-118.37424,1bdHollywood FREE parking w/d jacuzzi 0cleaningfee,,Entire rental unit,Entire home/apt,2,1,1,1,5,5,4,5,4,5,1,"",West Hollywood,2025-12-31 22:32:09.049485
1444468881640185072,192.8,34.09734,-118.36299,Paradise Gateway| Heart Of Hollywood | parking,,Entire condo,Entire home/apt,2,0,1,1,4.59,4.76,4.65,4.82,4.59,4.65,18,"",West Hollywood,2025-12-31 22:56:37.207283
838711201434289236,180.2,34.13694379116767,-118.37997777487614,Hollywood Hills Hideaway with VIEWS! Private Suite,,Entire guest suite,Entire home/apt,2,1,1,1,5,5,4.97,5,5,5,30,"",Los Angeles,2025-12-31 22:56:51.372036
1166252537202042135,71.4,40.7896106,-74.0034162,"New private room, 20 mins to NYC by direct bus!",,Private room in home,Private room,2,1,1,1,4.85,4.8,4.72,4.96,4.92,4.9,105,"",West New York,2025-12-31 17:56:01.365912
1052767826783426157,229.4,40.68542434009227,-73.97926926955141,Simply Brooklyn Apt#4,,Entire rental unit,Entire home/apt,2,1,1,1,4.84,4.95,4.81,4.96,4.8,4.93,101,"",Brooklyn,2025-12-31 19:56:58.632262
1530509383446317753,248.2,34.08468137363274,-118.37223992219177,Melrose Modern 1BR — Walk to Cafés & Boutiques,,Entire rental unit,Entire home/apt,4,1,1,1,5,5,5,5,5,5,2,"",West Hollywood,2025-12-31 23:33:19.559971
697719311988590720,84.2,40.67263,-73.91716,Private room for any type of stay,,Private room in rental unit,Private room,2,1,1,1,4.61,4.57,4.76,4.84,4.86,4.85,148,"",Brooklyn,2025-12-31 21:59:09.025999
51383927,106.2,40.69016681717648,-73.93083225188816,"Lovely, Sunny, & Spacious Private room",,Private room in rental unit,Private room,2,1,1,1,4.9,4.71,4.73,4.9,4.88,4.91,90,"",Brooklyn,2025-12-31 19:53:08.586852
44476913,237.8,34.10179,-118.37832,Quiet Studio Atop  Laurel Canyon,,Entire guest suite,Entire home/apt,2,0,1,1,4.93,4.97,4.94,4.99,4.99,4.99,95,"",Los Angeles,2026-01-01 00:10:30.900802
1368345301156208073,328,40.79832979541193,-73.99953775197126,Cozy private room near NYC,,Private room in home,Private room,1,1,1,2,4.8,4.91,4.86,5,4.94,4.86,35,"",North Bergen,2025-12-31 18:24:48.436389
1157779514728006766,110.6,34.06135,-118.37628,Stylish & Private 1BR with Bath and Free Parking,,Private room in rental unit,Private room,2,1,1,,4.95,4.56,4.91,4.98,4.81,4.84,44,"",Beverly Hills,2025-12-31 23:42:36.129715
1177359119693006427,93.2,40.61881,-74.0323824,Bay Ridge Beauty: Perfect Studio for Travelers,,Entire rental unit,Entire home/apt,2,0,1,1,4.64,4.8,4.67,4.93,4.91,4.73,55,"",Brooklyn,2025-12-31 21:59:00.961841
1117633294578182697,91,34.060460148449835,-118.40445955857392,Cozy Koreatown Private Room Near DTLA,,Private room in rental unit,Private room,2,1,1,2,4.78,4.67,4.78,5,4.89,4.78,9,"",Beverly Hills,2025-12-31 22:32:15.092279
1177486926345069371,121,40.61881,-74.03238,Traveler's Delight: Restful Bay Ridge Studio,,Entire rental unit,Entire home/apt,2,0,1,1,4.59,4.74,4.56,4.9,4.83,4.71,93,"",Brooklyn,2025-12-31 19:55:31.785033
1170451381770726306,98,40.61881,-74.0323824,Charming Bay Ridge: Ideal for Urban Explorers,,Entire rental unit,Entire home/apt,2,0,1,1,4.66,4.76,4.51,4.81,4.86,4.6,83,"",Brooklyn,2025-12-31 19:53:28.833608
759618126064467893,128.8,40.76342,-73.94153,Cozy bedroom with city views,,Private room in rental unit,Private room,2,1,1,1,4.99,4.65,4.95,4.98,4.95,4.99,105,"",Queens,2026-01-01 00:02:01.505289
733422980036577408,67.4,40.6518,-73.94932,Caribbean Vibes Nookie,,Private room in home,Private room,1,1,1,1,4.81,4.71,4.93,4.91,4.95,4.9,123,"",Brooklyn,2025-12-31 21:59:10.036209
1231323082370617486,69.4,40.7983381,-74.0056725,"Stylish Private Bedroom, close to NYC!",,Private room in home,Private room,2,1,1,1,4.88,4.7,4.81,4.97,5,4.86,74,"",North Bergen,2025-12-31 18:24:17.229867
1359171525072895766,142.6,34.063562613820594,-118.37305555525462,Comfy Studio w/Balcony + Parking,,Entire rental unit,Entire home/apt,2,1,1,1,4.88,4.64,4.88,5,4.8,4.76,25,"",Beverly Hills,2025-12-31 22:56:36.700594
1381557325830172059,171.8,34.09266,-118.37548,Gorgeous K-Town Studio,,Entire rental unit,Entire home/apt,2,0,1,1,4.86,4.86,5,4.95,4.95,5,21,"",West Hollywood,2025-12-31 22:56:25.122203
18022636,179,40.732061877588215,-73.95773626411398,Beautiful 1 Bedroom in Prime Greenpoint,,Entire rental unit,Entire home/apt,2,1,2,1,4.78,4.9,4.7,4.83,4.93,4.83,430,"",Brooklyn,2025-12-31 19:53:12.35452
1438561016220045910,442,40.74565916267436,-74.06134091238057,20minNYC•PrivateRm•QueenBed•FreeParking(request),,Private room in home,Private room,2,1,1,1,4.9,4.73,4.9,4.98,4.95,4.98,41,"",Jersey City,2025-12-31 19:46:06.517348
724702772019188387,284,40.67621,-73.9425,A Renovated Historic Brownstone w/ Park Views,,Entire rental unit,Entire home/apt,2,1,2,1,4.98,4.84,4.84,4.98,4.92,4.92,50,"",Brooklyn,2026-01-01 00:10:37.449988
1450862669308335601,152.6,40.7543486,-73.993907,"Well-placed in Midtown, steps from NYC must-sees",,Room in hotel,Private room,2,1,1,,4.85,4.78,4.66,4.8,4.87,4.79,252,"",New York,2025-12-31 21:58:51.899349
1197132248327674617,191.2,34.09724845736147,-118.37350709205417,Hollywood Hills Hideaway,,Entire guesthouse,Entire home/apt,2,1,1,1,4.66,4.88,4.78,4.95,4.95,4.81,59,"",Los Angeles,2025-12-31 23:33:35.228226
53628816,120.6,40.68236,-73.92803,"Modern Room, Private Bath | Historic BK Brownstone",,Private room in condo,Private room,2,1,,,4.96,4.76,4.94,4.97,4.94,4.96,93,"",Brooklyn,2025-12-31 19:53:02.356766
1109823537876520834,156.4,34.0061133202338,-118.48853515561021,Beachside Haven in Santa Monica |Steps from Ocean!,,Entire rental unit,Entire home/apt,2,1,1,1,4.77,4.98,4.89,5,4.92,4.87,53,"",Santa Monica,2025-12-31 22:56:56.926356
20651581,164.6,40.6507835,-74.0072548,Sunset Park Suite,,Private room in townhouse,Private room,2,1,1,,4.99,4.87,4.97,4.98,4.99,4.99,216,"",Brooklyn,2025-12-31 19:55:59.492488
1348835641092354913,83,40.72208,-74.04891,"Hotel-Style– No Host, Professionally Managed ID301",,Private room in rental unit,Private room,2,1,1,1,4.94,4.94,4.67,4.78,4.89,4.67,18,"",Jersey City,2025-12-31 19:42:22.878082
51872416,84.4,34.03602160063715,-118.46373862733795,Comfy room near Santa Monica,,Private room in rental unit,Private room,1,1,1,1.5,4.81,4.75,4.6,4.77,4.74,4.71,236,"",Santa Monica,2025-12-31 22:57:04.485853
1197859177973871671,111.2,40.74525,-73.92315,Cozy & Peaceful / Near Train + 15 Min to Manhattan,,Private room in rental unit,Private room,2,1,1,1,5,4.93,4.9,4.97,4.97,5,30,"",Queens,2025-12-31 21:59:22.161097
675418095311402651,170.4,34.02049,-118.46851,MCM Studio with Patio,,Entire guesthouse,Entire home/apt,2,1,1,1,4.91,4.91,4.74,4.97,4.96,4.93,180,"",Santa Monica,2025-12-31 22:57:00.958684
701279449329328106,76.2,40.67411,-73.9168,Full size private bedroom!,,Private room in rental unit,Private room,2,1,1,1,4.78,4.51,4.77,4.85,4.86,4.86,168,"",Brooklyn,2025-12-31 21:59:12.053122
1507953779135782582,545,40.78534,-74.01025,Family-Friendly Room with NYC View • 20 min to NYC,,Private room in rental unit,Private room,3,1,3,1,5,5,5,5,5,5,11,"",West New York,2025-12-31 19:45:51.978591
3527764,86.2,40.73784,-73.89794,Tranquility Trip House (near Laguardia Airport),,Private room in home,Private room,2,1,1,1,4.9,4.83,4.85,4.93,4.93,4.93,41,"",Queens,2025-12-31 21:59:24.683143
1388763703373433611,361,40.794355,-74.0091831,Bright & Spacious Room w/ 2 Beds – Easy NYC Access,,Private room in home,Private room,3,1,1,1,4.89,4.75,4.8,4.98,4.95,4.95,55,"",Guttenberg,2025-12-31 18:23:14.436624
669305594749936462,234,40.68125,-73.93932,Brooklyn bright studio apartment!,,Entire rental unit,Entire home/apt,2,0,1,1,4.95,4.82,4.62,4.92,4.96,4.91,154,"",Brooklyn,2025-12-31 19:56:28.887624
47050312,1042,40.76124954,-73.99189758,Cute Studio: 5 minutes walk to Times Square,,Entire rental unit,Entire home/apt,2,1,1,1,4.69,4.87,4.58,4.86,4.73,4.75,255,"",New York,2025-12-31 19:48:47.123714
886856156430249385,180.6,40.76429926550093,-73.98673728621432,"New Cozy Escape, Heart of Times Square",,Room in hotel,Private room,2,1,1,1,4.87,4.87,4.64,4.83,4.82,4.78,141,"",New York,2025-12-31 21:58:56.941304
1304825665869200675,59,40.74411946712773,-74.04836600951711,Private room 05 in jersey city,,Private room in rental unit,Private room,2,1,1,2,4.8,4.68,4.8,4.84,4.88,4.88,25,"",Jersey City,2025-12-31 18:22:44.347775
31301754,76.8,40.6729271,-73.9108122,Comfy & legally registered Room in Brooklyn,,Private room in townhouse,Private room,1,1,1,1,4.73,4.42,4.81,4.97,4.92,4.8,106,"",Brooklyn,2026-01-01 00:02:03.017127
42486136,123.8,40.57653,-73.95199,Large sunny room with private bath & balcony,,Private room in home,Private room,2,1,1,,4.85,4.86,4.84,4.93,4.9,4.94,115,"",Brooklyn,2025-12-31 19:55:49.463467
1443890617110255424,204,34.01275,-118.49736,Wake Up to Waves – Beachside Bliss In Santa Monica,,Entire rental unit,Entire home/apt,2,0,1,1,4.9,5,4.9,5,4.8,5,20,"",Santa Monica,2025-12-31 22:57:19.093251
1490455717837721919,1017,40.757784,-73.983777,Deluxe Queen - MUSE Hotel,,Room in hotel,Private room,2,1,,,5,5,5,5,5,5,1,"",New York,2025-12-31 19:44:42.969659
1433746376656090683,198.8,34.094812656832026,-118.37695561909626,Sunset Studio VIEWS parking W/D pool/0cleaningfee,,Entire rental unit,Entire home/apt,2,1,1,1,4.62,4.67,4.47,4.64,4.31,4.53,45,"",West Hollywood,2025-12-31 22:32:23.154802
1385444743317351076,40.8,40.80836086854043,-74.00980022136815,One bed room in 2 bedroom house,,Private room in home,Private room,1,1,1,1.5,4.67,4.75,4.83,4.75,4.92,4.92,13,"",North Bergen,2025-12-31 21:59:00.459889
53707410,53.8,40.71218,-74.08149,The New Yorker: Near Public Transit to NYC,,Private room in home,Private room,2,1,1,1.5,4.78,4.27,4.81,4.98,4.96,4.83,105,"",Jersey City,2025-12-31 17:56:30.773294
1173233962500563626,106,40.61881,-74.03238,Bay Ridge Metroscape: Inviting NYC Studio Living,,Entire rental unit,Entire home/apt,2,0,1,1,4.67,4.82,4.66,4.87,4.88,4.8,112,"",Brooklyn,2025-12-31 19:54:22.574126
1554390926018437557,80,40.61761786331809,-74.03301750841693,Bright & Modern Studio in the Heart of Bay Ridge,,Entire rental unit,Entire home/apt,2,0,1,1,4.5,5,4.5,5,5,4.63,8,"",Brooklyn,2025-12-31 19:52:48.849796
8090216,96,34.02004,-118.49988,Lovely Bedroom - Just a few blocks from the Beach,,Private room in condo,Private room,1,1,1,1,4.85,4.95,4.79,4.94,4.9,4.87,417,"",Santa Monica,2025-12-31 22:56:53.894972
1580670972866443959,228.2,33.98145696800659,-118.46151149718293,Marina Edge | Bright 1BR/1BA Condo by the Beach,,Entire rental unit,Entire home/apt,3,1,1,1,4.67,4.67,5,4.67,5,5,3,"",Marina del Rey,2026-01-01 00:10:33.421523
1413634501332174889,72.4,40.7617428,-74.04311679999999,Peaceful Single Room Women Only - NJ/NYC,,Private room in rental unit,Private room,2,1,1,1,4.96,4.63,4.93,5,4.93,4.93,28,"",North Bergen,2025-12-31 17:54:32.554669
52554380,135.8,40.8081,-73.94708,Spacious and Lovely One Bedroom,,Private room in rental unit,Private room,1,1,1,2,4.93,4.85,4.91,4.99,4.96,4.95,281,"",New York,2025-12-31 22:05:30.065147
1424258376308234858,182.2,34.09237,-118.37432,Luxurious K-Town Studio,,Entire rental unit,Entire home/apt,2,0,1,1,4.94,4.94,4.97,4.97,5,5,33,"",West Hollywood,2025-12-31 22:32:19.623593
1447435494147953465,139.2,34.09345,-118.36063,Cozy studio West Hollywood|Wifi|AC|parking,,Entire rental unit,Entire home/apt,2,1,1,1,4.78,5,5,5,5,5,9,"",West Hollywood,2025-12-31 22:56:20.600308
1559011826991419664,124.2,34.0589,-118.38284,Beverly Hills stay with three twin beds,,Entire rental unit,Entire home/apt,3,1,3,1,5,5,5,5,5,5,3,"",Beverly Hills,2025-12-31 23:43:06.868358
54508,122.8,40.6789595110935,-73.97409474641334,S/Rm Br/st  PSlope great for  Med/Stu,,Private room in guest suite,Private room,2,1,1,1.5,4.69,4.96,4.83,4.91,4.94,4.86,227,"",Brooklyn,2025-12-31 21:59:18.61817
51920836,83.4,40.6415,-73.95387,Sunny Flatbush Cactus Oasis,,Private room in townhouse,Private room,1,1,1,1,4.96,4.79,4.96,4.97,4.94,4.97,105,"",Brooklyn,2025-12-31 19:55:15.865448
23130144,114.4,40.77977625481822,-73.94968295085873,Private bedroom in Manhattan Upper East Side,,Private room in rental unit,Private room,2,1,1,1,4.85,4.95,4.91,4.99,4.95,4.95,374,"",New York,2025-12-31 21:58:48.882381
1136297072647779971,1930,40.76484649818756,-73.9685670674096,Nice Central Midtown Apartment,,Room in aparthotel,Private room,2,1,1,,4.87,5,4.79,5,4.94,4.87,52,"",New York,2025-12-31 19:46:49.660109
667532032936314042,172.2,40.68322,-73.93996,Brooklyn entire studio apartment!,,Entire rental unit,Entire home/apt,2,1,1,1,4.93,4.81,4.62,4.91,4.94,4.91,177,"",Brooklyn,2025-12-31 19:51:48.572546
32191306,115.8,34.06456,-118.39806,Shopping Eating Sightseeing Unforgetable Memories,,Private room in rental unit,Private room,1,1,1,1,4.5,5,4.33,4.83,5,4.83,6,"",Beverly Hills,2025-12-31 22:32:26.183347
1348820973051082801,161.6,34.01802,-118.48724,"Bright & Cozy Santa Monica | Free Parking, Netflix",,Entire rental unit,Entire home/apt,2,1,1,1,4.83,4.94,4.77,4.96,4.85,4.92,52,"",Santa Monica,2025-12-31 22:57:24.661881
1287828599090091641,155.8,40.70457,-73.93594,Magic Wolf Private Studio in Brooklyn,,Private room in home,Private room,2,1,1,,4.88,4.87,4.85,4.97,4.93,4.92,60,"",Brooklyn,2025-12-31 19:56:16.846327
1342396891155481118,1031,40.74636,-73.984947,Arlo NoMad - Sweeping view from 31st-floor rooftop,,Room in hotel,Private room,2,1,1,,4.97,4.97,4.41,4.76,4.82,4.88,34,"",New York,2025-12-31 18:27:16.194988
22907568,306.4,34.11075,-118.37543,Studio 1080 Hollywood: Jetliner DTLA Views/Privacy,,Entire guest suite,Entire home/apt,2,0,2,1,4.97,4.99,4.91,5,4.98,4.99,392,"",Los Angeles,2025-12-31 22:56:41.76895
1467382321760838215,139,40.6806059,-73.9045612,*Private Full Suite-Next to multiple subway lines*,,Entire loft,Entire home/apt,2,1,1,1,4.77,4.77,4.91,5,4.95,4.91,22,"",Brooklyn,2025-12-31 19:52:25.983368
571799455601186486,127,40.75325,-73.93461,Deluxe Queen Room in Boutique Art Hotel,,Room in hotel,Private room,2,1,1,,5,4.67,4.67,5,5,5,3,"",Queens,2025-12-31 19:43:37.575272
1410030599090321589,314.6,34.06614,-118.39759,Charming Beverly Hills Apartment,,Entire rental unit,Entire home/apt,2,1,2,1,5,5,5,5,5,5,5,"",Beverly Hills,2025-12-31 22:32:31.7456
1110578563834555617,763,40.757657585631094,-73.98603528996,Sleepless City| Times Square. Fitness Center,,Room in hotel,Private room,2,1,1,1,4.5,4.93,4.54,4.79,4.76,4.64,112,"",New York,2025-12-31 19:47:41.233994
965995992034672989,154,40.69101445131023,-73.92597218918881,"Private Floor + Own Entrance, 15 mins to Manhattan",,Private room in rental unit,Private room,2,1,1,,4.96,4.69,4.9,5,4.95,4.95,104,"",Brooklyn,2025-12-31 19:52:18.607297
50888320,134.6,40.69722,-73.98497,Penthouse Room near Manhattan Bridge in DUMBO,,Private room in rental unit,Private room,1,1,1,,4.82,4.82,4.84,4.92,4.92,4.92,131,"",Brooklyn,2025-12-31 21:59:13.568866
1334449327806642973,123,34.06659,-118.37593,1 bedroom apt in Hollywood,,Entire rental unit,Entire home/apt,2,1,1,1,4.08,4.23,4.19,4.69,4.65,4.15,26,"",Beverly Hills,2025-12-31 22:32:13.578126
1516926185181955865,277,34.0759,-118.39583,2Bedroom Penthouse Loft on La Brea & 8th,,Entire rental unit,Entire home/apt,4,2,2,1.5,5,5,5,5,5,5,2,"",Beverly Hills,2025-12-31 22:32:31.243084
1518427333465583788,146.2,40.7004091,-73.92221219999999,Quiet&spacious room w/ private bathroom and patio,,Private room in rental unit,Private room,2,1,1,,5,5,5,5,5,5,3,"",Brooklyn,2025-12-31 21:59:15.594892
5298896,141.6,40.70419,-74.01127,Unique NYC Loft - Guest Room,,Private room in loft,Private room,2,1,1,1,4.9,4.96,4.92,4.99,4.99,4.96,370,"",New York,2025-12-31 17:52:19.090815
1385758419382486826,410,40.819302332379046,-73.92742212404997,Cozy Bedroom suite in Historic Townhouse,,Private room in townhouse,Private room,2,1,1,,4.93,4.47,4.93,4.6,5,5,15,"",Bronx,2025-12-31 17:54:48.610516
1099697666994383724,155.4,34.06482,-118.39497,Chic Apartment in the Heart of Beverly Hills #8,,Entire rental unit,Entire home/apt,2,1,1,1,4.35,4.94,4.59,4.88,4.88,4.59,17,"",Beverly Hills,2025-12-31 22:32:18.112536
21293326,693,40.71970857380125,-73.98145233531534,Large & Quiet Designer Room | Where LES meets EV,,Private room in rental unit,Private room,2,1,1,1,4.72,4.91,4.74,4.91,4.92,4.94,151,"",New York,2025-12-31 19:47:55.611007
53749136,440,40.77156,-74.01852,Room in artistic space- 10min from nyc!,,Private room in casa particular,Private room,1,1,1,1,4.54,4.78,4.76,4.91,4.89,4.83,46,"",Weehawken,2025-12-31 17:54:24.232138
739143,152.2,34.08282,-118.35294,Melrose Ave guest house with garden patio,,Entire guesthouse,Entire home/apt,1,0,1,1,4.79,4.95,4.83,4.93,4.94,4.82,125,"",Los Angeles,2025-12-31 23:33:20.568919
1438686431347188407,112.4,40.77356,-73.92758,Astoria Park- 30 min to Times Sq,,Private room in rental unit,Private room,2,1,1,1,4.92,4.84,5,5,5,5,25,"",Queens,2025-12-31 21:59:32.230019
1563919620588664126,61,40.80292,-74.0556,"Newly renovated w/Laundry, DW, Parking, NYC area",,Private room in condo,Private room,1,1,1,,5,5,5,5,5,5,1,"",Secaucus,2025-12-31 18:26:49.329223
1531919895491774964,237.2,34.09467,-118.36469,"New Modern King Bed, Free Safe Parking, Balcony",,Entire rental unit,Entire home/apt,2,1,1,1,4.83,4.67,4.83,5,5,5,6,"",West Hollywood,2025-12-31 22:56:21.606557
965972728839907811,154,40.69230920759659,-73.92544140570946,"Private Bathroom+Own Balcony, 15 mins to Manhattan",,Private room in rental unit,Private room,2,1,1,,4.96,4.66,4.91,5,4.96,4.91,116,"",Brooklyn,2025-12-31 19:52:50.802722
6527658,158,34.1217,-118.34665,Private Loft In Hollywood Hills (by Universal),,Entire guesthouse,Entire home/apt,2,1,1,1,4.86,4.91,4.83,4.98,4.98,4.89,1295,"",Los Angeles,2025-12-31 23:33:34.22109
869561893525362402,179.8,34.01327465635679,-118.4956102542,Beach-Close Santa Monica | Prime Location,,Entire rental unit,Entire home/apt,2,1,1,1,4.83,4.96,4.75,4.96,4.93,4.84,69,"",Santa Monica,2025-12-31 22:57:06.49551
1574314431236484074,,40.7936638,-74.01303279999999,(29)West New York room,,Private room in rental unit,Private room,2,1,1,1,5,5,5,5,4.5,5,2,"",West New York,2026-01-01 00:02:02.011105
15038469,117,40.67033,-73.9892,Cozy Park Slope Room (2 min. walk to subway),,Private room in rental unit,Private room,1,1,1,1,4.99,4.96,4.92,4.98,4.98,4.97,465,"",Brooklyn,2025-12-31 19:55:27.424693
1564240211724550970,153.4,34.13802,-118.35704,Cozy NoHo Studio Getaway near Universal Studios,,Entire home,Entire home/apt,3,0,2,1,5,5,5,5,5,5,4,"",Los Angeles County,2025-12-31 23:46:41.916192
1177495468022051968,93.2,40.61881,-74.0323824,Stylish & Central Bay Ridge Studio Living,,Entire rental unit,Entire home/apt,2,0,1,1,4.56,4.78,4.49,4.71,4.78,4.56,55,"",Brooklyn,2025-12-31 18:25:50.298969
15832524,265,34.10842,-118.38848,Modern Guesthouse with Private Patio,,Entire guest suite,Entire home/apt,2,0,1,1,4.93,4.85,4.81,4.98,4.96,4.92,133,"",Los Angeles,2025-12-31 23:33:32.709017
874757150246938448,176.2,34.01323,-118.49744,Outstanding Modern Studio with Ocean View,,Entire rental unit,Entire home/apt,3,1,1,1,4.89,4.99,4.84,4.92,4.95,4.88,76,"",Santa Monica,2025-12-31 22:57:16.076875
32857378,174.6,40.68413,-73.95233,Brooklyn matchbox studio apartment!,,Entire rental unit,Entire home/apt,2,0,1,1,4.83,4.82,4.61,4.87,4.89,4.77,284,"",Brooklyn,2025-12-31 21:59:07.514844
610666500252337896,159.6,34.01531,-118.49114,Santa Monica Beach,,Private room in rental unit,Private room,2,1,1,,4.97,4.96,4.83,4.97,4.87,4.92,102,"",Santa Monica,2025-12-31 22:57:05.489833
52128553,99,40.67934,-73.92166,Luxury Room w/ Backyard + Close Transportation,,Private room in rental unit,Private room,1,1,1,1,4.95,4.69,4.8,4.97,4.96,4.91,200,"",Brooklyn,2025-12-31 21:59:17.10514
52611526,127.6,40.69942206736262,-73.98471948744731,Bright Clean Room near Manhattan Bridge w/ balcony,,Private room in rental unit,Private room,1,1,1,1,4.9,4.87,4.81,4.97,4.91,4.95,104,"",Brooklyn,2025-12-31 21:58:52.904507
1517826923792683823,212.2,34.0150530530718,-118.49169794841438,Prime Location in Heart of Santa Monica!,,Entire rental unit,Entire home/apt,3,1,2,1,4.89,4.78,4.89,5,4.67,4.89,9,"",Santa Monica,2025-12-31 22:57:05.992074
1299222792779005171,1032,40.76245,-73.98493,Spacious Queen rooms of Times Square,,Room in hotel,Private room,4,1,1,2,5,5,5,5,5,5,2,"",New York,2025-12-31 18:30:21.792092
1147174224210375956,316,40.688612366962886,-73.91986261408924,The Peony Room,,Private room in rental unit,Private room,2,1,1,1,4.82,4.58,4.42,4.82,4.91,4.61,33,"",Brooklyn,2025-12-31 18:20:54.138752
15789337,73.6,40.79257,-74.01856,A nice room,,Private room in guesthouse,Private room,2,1,1,1,4.94,4.79,4.91,4.89,4.95,4.91,279,"",West New York,2025-12-31 17:54:52.361498
624652602355764943,1240,40.75262,-73.96951,Sunny Loft located in Midtown-East #4403,,Entire loft,Entire home/apt,3,1,1,1,4.85,4.91,4.7,4.82,4.93,4.85,261,"",New York,2025-12-31 19:44:19.942007
922744584561278406,139.2,34.00000715975987,-118.47864188253881,Beautiful-Ocean-View Room in Santa Monica,,Private room in rental unit,Private room,1,1,1,,4.96,5,4.92,4.96,4.98,4.96,49,"",Santa Monica,2025-12-31 22:57:09.517984
48170773,518.2,34.10689,-118.36684,Laurel Canyon Tree House,,Entire home,Entire home/apt,4,3,3,3,4.95,4.97,4.86,4.97,4.98,4.98,190,"",Los Angeles,2025-12-31 23:33:28.658354
1044596274887028908,199,40.721321,-73.9584975,Arlo Hotel - City View Queen Room,,Room in hotel,Private room,2,1,1,,4.9,4.94,4.56,4.74,4.85,4.84,62,"",Brooklyn,2025-12-31 22:32:43.873725
1482206149760284092,199.8,34.09288,-118.34904,Cozy Hollywood Studio Next to Runyon Free Parking,,Entire rental unit,Entire home/apt,2,1,1,1,4.82,4.91,4.73,4.91,4.73,5,11,"",West Hollywood,2025-12-31 22:56:37.716086
3751832,58.6,34.02275,-118.41555,Classic Private Room in West LA,,Private room,Private room,1,1,1,1,4.92,4.86,4.94,4.96,4.98,4.96,609,"",Los Angeles,2025-12-31 22:32:28.715212
49388478,871,40.74789,-73.98701,Manhattan Cozy Studio Near Empire State Building.,,Entire rental unit,Entire home/apt,4,0,2,1,4.82,4.86,4.68,4.9,4.84,4.81,250,"",New York,2025-12-31 18:21:58.940473
836118007460273820,1295,40.706908424296394,-74.00880928793124,Mint House at 70 Pine: Superior Studio Suite,,Entire rental unit,Entire home/apt,4,1,2,1,4.86,4.84,4.73,4.84,4.88,4.9,251,"",New York,2025-12-31 19:49:48.659786
566115227830033854,137.2,40.7535786670221,-73.9343238174527,2 Double-Beds with Balcony Views in Boutique Hotel,,Room in boutique hotel,Private room,4,1,2,,4.71,4.78,4.56,4.9,4.95,4.88,41,"",Queens,2025-12-31 19:43:54.174572
43310986,146.2,40.71864,-73.99561,138 Bowery-Classic Queen Studio,,Room in aparthotel,Entire home/apt,2,0,1,1,4.78,4.9,4.66,4.4,4.89,4.87,82,"",New York,2025-12-31 17:55:49.734472
742567489503884321,107.6,40.7460212,-73.915042,Private Room | 23 Minutes to Times Square,,Private room in rental unit,Private room,2,1,1,1,4.95,4.88,4.92,4.98,4.93,4.98,121,"",Queens,2025-12-31 21:59:27.202921
708808138924351782,518,40.7943,-73.94606,"Gigantic Room Inside Manhattan, Central Pk & Metro",,Private room in home,Private room,2,1,2,1,4.71,4.63,4.83,4.96,4.99,4.9,211,"",New York,2025-12-31 19:48:29.692725
1170453307286952641,105,40.61881,-74.0323824,Bay Ridge Serenity: Tranquil Studio in the City,,Entire rental unit,Entire home/apt,2,0,1,1,4.72,4.74,4.65,4.97,4.91,4.76,95,"",Brooklyn,2025-12-31 18:22:52.143942
1534393179376973102,492,40.79809,-74.02024,Private & renovated 2 Bedrooms apt/ near to NYC,,Entire rental unit,Entire home/apt,4,2,2,1,5,4.67,5,5,4.67,5,3,"",North Bergen,2025-12-31 18:25:26.686372
676244972932806014,95.6,34.08881,-118.36298,Comfy Bedroom Best Location in West Hollywood,,Private room in rental unit,Private room,1,1,1,1,4.92,4.94,4.84,4.93,4.92,4.93,211,"",West Hollywood,2025-12-31 22:38:40.227324
1281256554143476876,55.8,40.7881896,-74.00495839999999,Private Room A in WNY,,Private room in rental unit,Private room,1,1,1,1,4.77,4.64,4.86,5,5,4.95,22,"",West New York,2025-12-31 17:55:01.395818
43311037,122.8,40.71868,-73.99371,138 Bowery-Modern Queen Studio,,Room in aparthotel,Entire home/apt,2,0,1,1,4.81,4.87,4.54,4.5,4.83,4.85,54,"",New York,2025-12-31 21:58:42.318934
1294224662469197490,356,40.79545,-74.00359,Casa Amalur #2,,Private room in home,Private room,2,1,1,1,4.94,4.63,4.81,5,4.96,4.9,52,"",North Bergen,2025-12-31 18:23:58.757909
812525039857019552,1304,40.749081072635285,-73.99676682040018,Luxury&Style Center of NYC,,Entire rental unit,Entire home/apt,6,1,2,1,4.91,4.87,4.74,4.64,4.81,4.8,135,"",New York,2025-12-31 19:48:20.224879
1325050928463769480,149.8,34.00128,-118.47978,Santa Monica beach room with private entrance,,Private room in home,Private room,2,1,1,1,4.97,4.97,4.88,5,5,4.97,33,"",Santa Monica,2026-01-01 00:01:58.988676
1122670703887751615,182.8,34.08999731185548,-118.36215321025693,Spacious and Sunny Flat in Heart of WEHO!,,Entire rental unit,Entire home/apt,2,1,1,1,4.73,4.82,4.64,4.64,4.64,4.73,11,"",West Hollywood,2025-12-31 23:33:19.057804
13324754,187.6,34.09353,-118.43963,Private Bel Air Guesthouse Studio Suite,,Entire guesthouse,Entire home/apt,2,0,1,1,4.96,4.88,4.86,4.95,4.92,4.91,738,"",Los Angeles,2026-01-01 00:10:28.3878
1357403506923199510,82,40.79295725197679,-74.0169555992374,Cozy Private Room/Stunning Location just 15min NYC,,Private room in rental unit,Private room,2,1,1,1,5,4.73,4.9,4.98,4.9,4.92,49,"",West New York,2025-12-31 17:54:36.879109
1075827688307509434,207,34.08710523421393,-118.38431098804577,Boho style 1bd house in West Hollywood,,Entire rental unit,Entire home/apt,2,1,1,1,4.73,4.94,4.78,4.97,4.97,4.9,88,"",West Hollywood,2025-12-31 23:42:36.632424
560179706514869791,344,34.108,-118.37736,Dreamland 1920's hunting cabin Hollywood Hills,,Entire home,Entire home/apt,3,2,2,2,4.92,4.98,4.82,4.98,4.99,4.94,142,"",West Hollywood,2025-12-31 22:56:51.879739
41840320,679,40.82405,-73.94603,Private Bedroom in Victorian Harlem Mansion,,Private room in townhouse,Private room,2,1,1,1,4.84,4.86,4.88,4.97,4.94,4.91,184,"",New York,2025-12-31 18:26:46.974112
6729222,216.4,34.09529,-118.44022,Sleep w/ Stars in Bel Air! Tiny Home Guesthouse,,Entire home,Entire home/apt,2,1,1,1,4.9,4.82,4.83,4.97,4.96,4.88,479,"",Los Angeles,2026-01-01 00:10:27.88354
1359616129688632070,715,40.74516939977932,-74.02682760987867,Cozy Corner - Midtown Convenience,,Entire condo,Entire home/apt,4,1,2,1,4.95,5,4.96,5,4.93,4.98,56,"",Hoboken,2025-12-31 19:45:28.425499
987157188477759486,267.8,40.666777317757294,-73.99192714677781,"New: Studio Living, The Brooklyn Way!",,Entire rental unit,Entire home/apt,4,0,1,1,5,4.66,4.85,4.97,5,4.9,91,"",Brooklyn,2025-12-31 19:55:20.362177
1364767247295535976,489,40.79944940568573,-74.0197339994687,FREE Parking near NYC,,Entire rental unit,Entire home/apt,6,2,3,1,4.84,4.68,4.81,4.95,4.84,4.84,37,"",North Bergen,2025-12-31 19:43:48.518194
31593457,609,40.7806,-74.01307,Just Minutes from NYC: Stunning 1-bedroom Suite,,Entire rental unit,Entire home/apt,2,1,1,1,4.84,4.94,4.78,4.91,4.96,4.88,204,"",Weehawken,2025-12-31 18:25:12.988775
41647808,89.2,40.848261,-73.9044553,Bedroom in Unit 1 of a charming Brownstone,,Private room in townhouse,Private room,2,1,1,1,4.75,4.36,4.84,4.95,4.95,4.89,197,"",The Bronx,2025-12-31 19:54:14.829061
52921783,112.4,40.7072505,-73.9399195,Spacious and cozy private room in Bushwick,,Private room in rental unit,Private room,2,1,1,1,4.92,4.78,4.8,4.97,4.98,4.89,164,"",Brooklyn,2025-12-31 21:59:16.60111
1059399783161257709,153.2,40.62764,-74.02332,Spacious Guest Suite w/ Private Entry & Bathroom,,Private room in townhouse,Private room,6,2,3,,5,4.96,4.93,5,5,4.99,84,"",Brooklyn,2025-12-31 19:55:36.296059
1107531514397674564,508,40.81072,-73.99882,One Bedroom Apartment (Near NYC) & Metlife Stadium,,Entire rental unit,Entire home/apt,3,1,2,1,4.98,4.82,4.89,4.98,4.96,4.97,123,"",Fairview,2025-12-31 18:26:32.539073
1495255829787485284,676,40.79001786074439,-74.00257360504243,Luxury 1BR w/ NYC Skyline Views – 20 Min Manhattan,,Entire rental unit,Entire home/apt,4,1,1,1,5,4.56,4.92,5,4.92,5,25,"",Guttenberg,2025-12-31 17:56:29.486278
39251646,200.8,34.02204,-118.48767,Charming Walk Everywhere Garden Cottage,,Entire guesthouse,Entire home/apt,2,1,1,1,4.93,4.93,4.83,4.96,4.91,4.94,254,"",Santa Monica,2026-01-01 00:10:33.92422
1011072336902713153,354,40.79826,-74.00568,New fully furnished private bedroom!,,Private room in home,Private room,2,1,1,1,4.84,4.7,4.72,4.93,4.86,4.83,153,"",North Bergen,2025-12-31 18:24:13.746045
626767327976025919,198.8,40.6868,-73.9862,2nd floor studio in Boerum Hill Brooklyn,,Private room in guest suite,Private room,2,1,1,,4.93,4.94,4.84,4.92,4.95,4.95,206,"",Brooklyn,2025-12-31 19:51:55.112412
8055582,108.8,40.69049,-73.93005,Private Autumn Room in Brownstone Near Subway,,Private room in townhouse,Private room,2,1,1,2,4.7,4.62,4.8,4.94,4.97,4.91,634,"",Brooklyn,2025-12-31 19:53:25.790557
1177479778077102447,120.2,40.61881,-74.0323824,Bay Ridge City Oasis: Brooklyn Studio Close to All,,Entire rental unit,Entire home/apt,2,0,1,1,4.6,4.76,4.55,4.93,4.93,4.7,92,"",Brooklyn,2025-12-31 19:55:33.390553
19638293,538,40.77933,-74.01205,NYC Minutes Away -  Stylish Studio Apartment,,Entire rental unit,Entire home/apt,2,1,1,1,4.84,4.91,4.79,4.88,4.92,4.84,383,"",Weehawken,2025-12-31 18:23:36.029402
53494300,106,40.69506,-73.91499,Romantic spacious restored 1920s artist's home,,Private room in home,Private room,2,1,1,,4.84,4.85,4.73,4.93,4.89,4.79,131,"",Brooklyn,2025-12-31 21:59:14.075765
1092072336012573142,984,40.76304,-73.98658,"Classic & Cozy Room | City View, No Cleaning fee",,Room in hotel,Private room,4,0,2,1,4.85,4.92,4.46,4.92,4.88,4.85,26,"",New York,2025-12-31 19:39:35.62836
1350130887670690892,104,40.61964,-74.03355,Dreamy Bay Ridge Central Studio,,Entire rental unit,Entire home/apt,2,0,1,1,4.53,4.86,4.19,4.94,4.81,4.47,37,"",Brooklyn,2025-12-31 19:57:05.960842
1445745174936428035,1070,40.75141929999999,-73.97051429999999,Studio with Patio in Midtown!,,Entire rental unit,Entire home/apt,3,1,2,1,5,5,5,5,4.97,4.94,31,"",New York,2025-12-31 18:26:43.191838
1488416489756723302,138.6,40.72387,-74.00522,SoHo 54 - hip home base with accessible features,,Room in hotel,Private room,4,1,2,,5,5,5,5,5,5,2,"",New York,2025-12-31 21:58:47.369941
1342171374926101056,163.8,34.02005,-118.48735,Santa Monica City Beach Apartment,,Entire rental unit,Entire home/apt,1,0,1,1,5,4.94,4.91,4.96,4.96,4.98,53,"",Santa Monica,2025-12-31 22:56:54.902392
859771139425703476,117,40.816284744916764,-73.94543389241535,Capacious Brownstone Unit,,Private room in rental unit,Private room,2,1,2,,4.74,4.82,4.82,4.86,4.94,4.88,121,"",New York,2025-12-31 21:59:04.492434
1241226565036164226,86.6,40.79761345224702,-74.02139022946358,New Studio Apt. Close to NYC,,Entire rental unit,Entire home/apt,2,0,1,1,4.93,4.55,4.82,4.82,4.89,4.91,44,"",North Bergen,2025-12-31 18:24:00.364033
1275461579290422929,184.2,34.01291228909589,-118.49788321233761,Ocean Lover's Dream Studio In Santa Monica,,Entire rental unit,Entire home/apt,2,0,1,1,4.96,4.9,4.85,4.96,4.98,4.96,52,"",Santa Monica,2025-12-31 22:56:59.442075
1396456624160193887,,34.0626606,-118.3743225,Stylish 1BR/1BA Near Koreatown (+Free Parking),,Private room in rental unit,Private room,2,1,1,,4.91,4.52,4.74,4.96,4.96,4.87,23,"",Beverly Hills,2026-01-01 00:01:54.954683
696558738505882577,92.4,40.58252,-73.95973,Spacious 1-Bedroom Private Room w/ King Size Bed,,Private room in home,Private room,1,4,1,2,4.82,4.87,4.9,4.99,4.98,4.94,218,"",Brooklyn,2025-12-31 19:56:11.151675
1385698795727564646,200,34.01257,-118.49617,Beachside Beauty Steps To The Beach & Restaurants,,Entire rental unit,Entire home/apt,2,1,1,1,4.81,4.95,4.62,4.9,4.9,4.76,21,"",Santa Monica,2025-12-31 22:57:27.18951
1393730189600405443,61.2,40.7969526769249,-74.0090761261501,"New cozy private room, close to NYC!",,Private room in home,Private room,2,1,1,1,4.85,4.72,4.82,4.92,4.95,4.9,39,"",North Bergen,2025-12-31 18:23:17.334678
971014919312107685,103,40.75515034103738,-73.88770410729113,Urban Retreat(new listing experienced host),,Private room in rental unit,Private room,1,1,1,1,4.67,4.54,4.62,4.71,4.75,4.85,52,"",Queens,2025-12-31 18:24:57.610707
1052398121872631109,139,34.0070827168182,-118.47801810463608,Charming Hotel Room with Queen Bed,,Room in boutique hotel,Private room,2,1,1,,4.82,4.7,4.62,4.88,4.92,4.79,279,"",Santa Monica,2025-12-31 23:33:39.256384
1380757333291583843,155,33.97951,-118.45489,Stylish Santa Monica Studio + Parking Included!,,Entire rental unit,Entire home/apt,2,0,1,1,4.58,4.84,4.58,4.79,4.84,4.47,19,"",Marina del Rey,2025-12-31 23:33:37.246146
1162392324462030686,119.2,40.67609,-73.90592,"Massive Suite, Private Bath, Laundry, & Yard",,Private room in home,Private room,2,1,1,,4.99,4.59,4.9,5,5,4.94,88,"",Brooklyn,2026-01-01 00:02:04.528614
1173239609371845295,110.4,40.61881,-74.0323824,City Sanctuary: Bay Ridge Tranquil Studio,,Entire rental unit,Entire home/apt,2,0,1,1,4.69,4.76,4.69,4.9,4.76,4.79,42,"",Brooklyn,2025-12-31 19:56:34.626116
1003437049851150279,82,40.8279566,-73.94285529999999,Sabrina’s Place,,Private room in rental unit,Private room,2,0,1,1,4.9,4.78,4.84,4.93,4.9,4.93,134,"",New York,2025-12-31 21:58:55.433147
1077513687676546697,245,34.087806,-118.387569,Hip styling with a king size bed & cozy fireplace,,Room in hotel,Private room,2,1,1,,4.9,4.94,4.68,4.9,4.97,4.91,143,"",West Hollywood,2025-12-31 22:32:32.250482
28667823,141.6,40.71715,-73.94666,Private Room in Authentic Luxury Loft,,Private room in loft,Private room,2,1,1,1,4.95,4.95,4.85,4.85,4.9,4.88,111,"",Brooklyn,2025-12-31 22:32:47.905542
982809251824941366,135.8,40.67036,-73.99381,Entire floor with private entrance and bathroom.,,Private room in home,Private room,2,1,1,,4.86,4.8,4.8,4.95,4.95,4.95,139,"",Brooklyn,2025-12-31 19:53:33.771751
1225546543633148394,245,40.71927,-74.06739,"Hotel-Style– No Host, Professionally Managed ID268",,Private room in rental unit,Private room,2,1,1,1,4.9,4.52,4.9,5,5,4.9,21,"",Jersey City,2025-12-31 17:53:44.077398
1310963867198091124,274.2,34.02121392174616,-118.504179204191,Beachside Studio Santa Monica,,Entire rental unit,Entire home/apt,2,0,,1,4.97,5,4.84,4.97,5,5,38,"",Santa Monica,2026-01-01 00:10:34.427184
613571308054748225,167,34.07011,-118.38502,Serenity,,Private room in condo,Private room,2,1,2,,4.92,4.97,4.87,4.96,4.97,4.94,213,"",Beverly Hills,2025-12-31 22:32:07.537144
1240735,222.2,34.10051,-118.37997,Hollywood Hills Guest Suite II,,Private room in home,Private room,2,1,1,,4.97,4.96,4.93,4.98,4.98,4.98,559,"",Los Angeles,2025-12-31 23:33:30.179227
966015814531483475,176,40.69222157830535,-73.92749342710411,"Private Floor & Own Entrance, 15 mins to Manhattan",,Private room in rental unit,Private room,2,1,1,,4.88,4.68,4.87,4.97,4.96,4.93,104,"",Brooklyn,2025-12-31 19:55:53.21171
1535157466371657330,237,34.09183,-118.39005,Hollywood Luxe King Suite |Balcony City View+ Pool,,Entire rental unit,Entire home/apt,3,1,1,1,4.95,4.95,4.9,4.95,4.85,5,21,"",West Hollywood,2025-12-31 22:32:05.527142
33834302,146.2,34.08675,-118.38692,PRIVATE GUEST HOUSE  (Center of Weho Nightlife),,Entire guesthouse,Entire home/apt,2,0,1,1,4.74,4.99,4.71,4.93,4.96,4.83,208,"",West Hollywood,2025-12-31 22:28:43.266486
779523808307111363,641,40.78927,-74.00562,Cool Modern Space with Private Patio Close to NYC,,Entire rental unit,Entire home/apt,2,1,1,1,4.67,4.76,4.81,4.9,4.93,4.87,156,"",West New York,2025-12-31 19:46:58.508001
23040115,176.6,40.68728,-73.95241,*Eclectic ~ Enclave,,Entire townhouse,Entire home/apt,2,1,3,1,4.76,4.74,4.65,4.81,4.92,4.78,278,"",Brooklyn,2025-12-31 19:52:02.421611
1521764765528124522,439,40.79802,-74.00139,SkylineViews + Room Across the Park +20 min to NYC,,Private room in rental unit,Private room,2,1,1,1,5,4.92,5,5,4.92,5,13,"",North Bergen,2025-12-31 19:40:39.28667
1177505327183162711,101.2,40.61881,-74.0323824,Urban Charm: Bay Ridge Studio w/ Verrazano View,,Entire rental unit,Entire home/apt,2,0,1,1,4.46,4.75,4.47,4.84,4.89,4.49,84,"",Brooklyn,2025-12-31 19:56:06.53835
1210054863016150123,159.2,40.6949838,-73.9211027,Artist Apt (L M J trains),,Entire rental unit,Entire home/apt,6,2,1,1,4.76,4.67,4.84,4.89,4.96,4.91,55,"",Brooklyn,2025-12-31 19:55:14.232636
1342212540742267736,140.4,34.01922,-118.48798,Santa Monica Apartment,,Entire rental unit,Entire home/apt,2,0,1,1,4.98,4.91,4.72,4.93,4.91,4.89,46,"",Santa Monica,2025-12-31 22:57:16.579218
1497560404511255627,257.4,34.09523,-118.37554,Modern - West Hollywood 1BD | Free Parking,,Entire rental unit,Entire home/apt,2,1,1,1,5,4.9,4.95,5,4.81,5,21,"",West Hollywood,2025-12-31 22:32:20.630131
1407336432341758567,106.4,40.74376,-73.99952,Cozy Zen Midtown Room,,Private room in bed and breakfast,Private room,1,1,1,1,4.96,4.94,4.7,5,4.99,4.91,67,"",New York,2025-12-31 21:59:01.967951
1522745366930436649,305,40.770509564940696,-74.01994893783845,Modest and Cozy Private Room 10 Min away from NYC,,Private room in home,Private room,2,1,1,1,4.83,4.89,4.83,4.94,4.94,4.94,18,"",Weehawken Township,2025-12-31 17:53:17.023588
851777209804753296,195,34.016713332607225,-118.48598803331542,Soho Vibes In The Heart Of SM * FREE Parking *,,Entire rental unit,Entire home/apt,3,1,1,1,5,4.56,4.78,5,4.67,5,10,"",Santa Monica,2025-12-31 22:57:14.554624
51498,139.2,34.00103425485201,-118.44055003312948,Casita Mar Vista - Guest House with Jacuzzi,,Entire home,Entire home/apt,2,0,1,,4.81,4.86,4.74,4.91,4.95,4.81,499,"",Los Angeles,2025-12-31 23:33:36.236147
1161656470498296604,73,40.7896106,-74.0034162,"New Cozy Private Bedroom,20 mins to Times Square!",,Private room in home,Private room,2,1,1,1,4.78,4.71,4.69,4.92,4.96,4.87,116,"",West New York,2025-12-31 17:55:27.468733
799731614530696207,103,40.76385,-73.92829,Guest Room in an artist's house,,Private room in home,Private room,2,0,1,0,4.54,4.95,4.78,4.86,4.92,4.89,37,"",Queens,2025-12-31 19:43:17.078921
578809933220558581,845,40.74493,-74.02865,Fantastic stay for 6 – Heart of Hoboken!,,Entire condo,Entire home/apt,6,2,3,1,4.89,4.98,4.86,4.98,4.98,4.94,130,"",Hoboken,2025-12-31 19:46:36.894124
1129961356763646543,165,34.065100991027506,-118.39393100786363,Contemporary Apartment in Beverly Hills #4,,Entire rental unit,Entire home/apt,3,1,2,1,4.71,4.89,4.68,4.93,4.93,4.68,28,"",Beverly Hills,2025-12-31 22:32:27.205004
15581948,183.6,40.67551,-73.97542,Comfortable Private Room in Historic Park Slope,,Private room in townhouse,Private room,2,1,1,,4.95,4.97,4.87,4.95,4.97,4.93,388,"",Brooklyn,2025-12-31 19:54:52.589759
1529805604276290772,210.2,34.09682,-118.36557,Sunset Strip Luxury Skyline Views + Pool + Parking,,Entire rental unit,Entire home/apt,4,1,2,1,5,5,4.75,4.5,4.25,4.75,4,"",West Hollywood,2025-12-31 23:33:33.212988
1401730198664644951,400,40.810217043819236,-73.99115806896039,20 minutes to Manhattan,,Private room in home,Private room,2,1,1,1.5,4.8,4.98,4.84,4.91,4.96,4.91,45,"",Edgewater,2025-12-31 18:27:58.865141
6237443,121,40.67422,-73.96759,Fantastic location : Spacious Room  w/ Bathroom,,Private room in condo,Private room,2,1,1,2,4.75,4.98,4.87,4.99,4.98,4.91,465,"",Brooklyn ,2025-12-31 19:53:49.542955
1170449637391846183,88.2,40.61881,-74.0323824,Bay Ridge Hideaway: Studio w/ Verrazano View,,Entire rental unit,Entire home/apt,2,0,1,1,4.69,4.74,4.58,4.84,4.82,4.63,99,"",Brooklyn,2025-12-31 19:53:51.684704
1501711636062713449,292.4,34.1077437,-118.3687529,Laurel Canyon Boho Chic Bungalow,,Entire home,Entire home/apt,2,1,1,1,4.94,4.94,4.89,5,4.94,4.89,18,"",Los Angeles,2025-12-31 23:33:25.629932
15381675,118.8,40.6857435,-73.91310460000001,"Boutique Brooklyn Apartment: @ L,J,A & C trains!",,Private room in condo,Private room,2,1,1,,4.8,4.7,4.83,4.88,4.94,4.9,204,"",Brooklyn,2025-12-31 18:23:32.329212
1567163416375792901,180.2,34.01694,-118.49308,Cozy Studio | Prime Location!,,Entire rental unit,Entire home/apt,2,1,1,1,5,5,5,5,5,5,2,"",Santa Monica,2025-12-31 22:57:07.504168
15522627,126,40.66727,-73.99173,Cozy Quiet Upgraded Prvt Rm in House in Brooklyn!,,Private room in home,Private room,1,1,1,1,4.7,4.93,4.77,4.89,4.92,4.83,98,"",Brooklyn ,2025-12-31 19:56:22.961783
